Notice: ffmpeg is not installed. torchaudio is used to load audio
If you want to use ffmpeg backend to load audio, please install it by:
	sudo apt install ffmpeg # ubuntu
	# brew install ffmpeg # mac
Exporting and checking encoder
[0;93m2026-09-28 11:51:03.313321 [W:onnxruntime:, graph.cc:4285 CleanUnusedInitializersAndNodeArgs] Removing initializer '/encoder/encoders/encoders.48/self_attn/Constant_15_output_0'. It is not used by any node and should be removed from the model.[m
[0;93m2026-09-28 11:51:03.313538 [W:onnxruntime:, graph.cc:4285 CleanUnusedInitializersAndNodeArgs] Removing initializer '/encoder/encoders/encoders.48/self_attn/Constant_14_output_0'. It is not used by any node and should be removed from the model.[m
[0;93m2026-09-28 11:51:03.313553 [W:onnxruntime:, graph.cc:4285 CleanUnusedInitializersAndNodeArgs] Removing initializer '/encoder/encoders/encoders.48/self_attn/Constant_9_output_0'. It is not used by any node and should be removed from the model.[m
[0;93m2026-09-28 11:51:03.313560 [W:onnxruntime:, graph.cc:4285 CleanUnusedInitializersAndNodeArgs] Removing initializer '/encoder/encoders/encoders.48/self_attn/Constant_6_output_0'. It is not used by any node and should be removed from the model.[m
[0;93m2026-09-28 11:51:03.313566 [W:onnxruntime:, graph.cc:4285 CleanUnusedInitializersAndNodeArgs] Removing initializer '/encoder/encoders/encoders.48/self_attn/Constant_5_output_0'. It is not used by any node and should be removed from the model.[m
[0;93m2026-09-28 11:51:03.313572 [W:onnxruntime:, graph.cc:4285 CleanUnusedInitializersAndNodeArgs] Removing initializer '/encoder/encoders/encoders.48/self_attn/Constant_2_output_0'. It is not used by any node and should be removed from the model.[m
[0;93m2026-09-28 11:51:03.313582 [W:onnxruntime:, graph.cc:4285 CleanUnusedInitializersAndNodeArgs] Removing initializer '/encoder/encoders/encoders.48/self_attn/Constant_1_output_0'. It is not used by any node and should be removed from the model.[m
[0;93m2026-09-28 11:51:03.313588 [W:onnxruntime:, graph.cc:4285 CleanUnusedInitializersAndNodeArgs] Removing initializer '/encoder/encoders/encoders.47/self_attn/Constant_1_output_0'. It is not used by any node and should be removed from the model.[m
[0;93m2026-09-28 11:51:03.313594 [W:onnxruntime:, graph.cc:4285 CleanUnusedInitializersAndNodeArgs] Removing initializer '/encoder/encoders/encoders.46/self_attn/Constant_9_output_0'. It is not used by any node and should be removed from the model.[m
[0;93m2026-09-28 11:51:03.313601 [W:onnxruntime:, graph.cc:4285 CleanUnusedInitializersAndNodeArgs] Removing initializer '/encoder/encoders/encoders.46/self_attn/Constant_6_output_0'. It is not used by any node and should be removed from the model.[m
[0;93m2026-09-28 11:51:03.313606 [W:onnxruntime:, graph.cc:4285 CleanUnusedInitializersAndNodeArgs] Removing initializer '/encoder/encoders/encoders.46/self_attn/Constant_5_output_0'. It is not used by any node and should be removed from the model.[m
[0;93m2026-09-28 11:51:03.313610 [W:onnxruntime:, graph.cc:4285 CleanUnusedInitializersAndNodeArgs] Removing initializer '/encoder/encoders/encoders.46/self_attn/Constant_2_output_0'. It is not used by any node and should be removed from the model.[m
[0;93m2026-09-28 11:51:03.313615 [W:onnxruntime:, graph.cc:4285 CleanUnusedInitializersAndNodeArgs] Removing initializer '/encoder/encoders/encoders.45/self_attn/Constant_14_output_0'. It is not used by any node and should be removed from the model.[m
[0;93m2026-09-28 11:51:03.313621 [W:onnxruntime:, graph.cc:4285 CleanUnusedInitializersAndNodeArgs] Removing initializer '/encoder/encoders/encoders.45/self_attn/Constant_6_output_0'. It is not used by any node and should be removed from the model.[m
[0;93m2026-09-28 11:51:03.313625 [W:onnxruntime:, graph.cc:4285 CleanUnusedInitializersAndNodeArgs] Removing initializer '/encoder/encoders/encoders.45/self_attn/Constant_2_output_0'. It is not used by any node and should be removed from the model.[m
[0;93m2026-09-28 11:51:03.313630 [W:onnxruntime:, graph.cc:4285 CleanUnusedInitializersAndNodeArgs] Removing initializer '/encoder/encoders/encoders.44/self_attn/Constant_15_output_0'. It is not used by any node and should be removed from the model.[m
[0;93m2026-09-28 11:51:03.313641 [W:onnxruntime:, graph.cc:4285 CleanUnusedInitializersAndNodeArgs] Removing initializer '/encoder/encoders/encoders.44/self_attn/Constant_9_output_0'. It is not used by any node and should be removed from the model.[m
[0;93m2026-09-28 11:51:03.313648 [W:onnxruntime:, graph.cc:4285 CleanUnusedInitializersAndNodeArgs] Removing initializer '/encoder/encoders/encoders.44/self_attn/Constant_5_output_0'. It is not used by any node and should be removed from the model.[m
[0;93m2026-09-28 11:51:03.313653 [W:onnxruntime:, graph.cc:4285 CleanUnusedInitializersAndNodeArgs] Removing initializer '/encoder/encoders/encoders.43/self_attn/Constant_14_output_0'. It is not used by any node and should be removed from the model.[m
[0;93m2026-09-28 11:51:03.313658 [W:onnxruntime:, graph.cc:4285 CleanUnusedInitializersAndNodeArgs] Removing initializer '/encoder/encoders/encoders.45/self_attn/Constant_9_output_0'. It is not used by any node and should be removed from the model.[m
[0;93m2026-09-28 11:51:03.313663 [W:onnxruntime:, graph.cc:4285 CleanUnusedInitializersAndNodeArgs] Removing initializer '/encoder/encoders/encoders.43/self_attn/Constant_10_output_0'. It is not used by any node and should be removed from the model.[m
[0;93m2026-09-28 11:51:03.313668 [W:onnxruntime:, graph.cc:4285 CleanUnusedInitializersAndNodeArgs] Removing initializer '/encoder/encoders/encoders.43/self_attn/Constant_5_output_0'. It is not used by any node and should be removed from the model.[m
[0;93m2026-09-28 11:51:03.313672 [W:onnxruntime:, graph.cc:4285 CleanUnusedInitializersAndNodeArgs] Removing initializer '/encoder/encoders/encoders.43/self_attn/Constant_1_output_0'. It is not used by any node and should be removed from the model.[m
[0;93m2026-09-28 11:51:03.313676 [W:onnxruntime:, graph.cc:4285 CleanUnusedInitializersAndNodeArgs] Removing initializer '/encoder/encoders/encoders.42/self_attn/Constant_14_output_0'. It is not used by any node and should be removed from the model.[m
[0;93m2026-09-28 11:51:03.313681 [W:onnxruntime:, graph.cc:4285 CleanUnusedInitializersAndNodeArgs] Removing initializer '/encoder/encoders/encoders.42/self_attn/Constant_9_output_0'. It is not used by any node and should be removed from the model.[m
[0;93m2026-09-28 11:51:03.313685 [W:onnxruntime:, graph.cc:4285 CleanUnusedInitializersAndNodeArgs] Removing initializer '/encoder/encoders/encoders.42/self_attn/Constant_2_output_0'. It is not used by any node and should be removed from the model.[m
[0;93m2026-09-28 11:51:03.313689 [W:onnxruntime:, graph.cc:4285 CleanUnusedInitializersAndNodeArgs] Removing initializer '/encoder/encoders/encoders.42/self_attn/Constant_1_output_0'. It is not used by any node and should be removed from the model.[m
[0;93m2026-09-28 11:51:03.313693 [W:onnxruntime:, graph.cc:4285 CleanUnusedInitializersAndNodeArgs] Removing initializer '/encoder/encoders/encoders.41/self_attn/Constant_15_output_0'. It is not used by any node and should be removed from the model.[m
[0;93m2026-09-28 11:51:03.313698 [W:onnxruntime:, graph.cc:4285 CleanUnusedInitializersAndNodeArgs] Removing initializer '/encoder/encoders/encoders.41/self_attn/Constant_10_output_0'. It is not used by any node and should be removed from the model.[m
[0;93m2026-09-28 11:51:03.313702 [W:onnxruntime:, graph.cc:4285 CleanUnusedInitializersAndNodeArgs] Removing initializer '/encoder/encoders/encoders.41/self_attn/Constant_6_output_0'. It is not used by any node and should be removed from the model.[m
[0;93m2026-09-28 11:51:03.313706 [W:onnxruntime:, graph.cc:4285 CleanUnusedInitializersAndNodeArgs] Removing initializer '/encoder/encoders/encoders.41/self_attn/Constant_1_output_0'. It is not used by any node and should be removed from the model.[m
[0;93m2026-09-28 11:51:03.313710 [W:onnxruntime:, graph.cc:4285 CleanUnusedInitializersAndNodeArgs] Removing initializer '/encoder/encoders/encoders.40/self_attn/Constant_14_output_0'. It is not used by any node and should be removed from the model.[m
[0;93m2026-09-28 11:51:03.313725 [W:onnxruntime:, graph.cc:4285 CleanUnusedInitializersAndNodeArgs] Removing initializer '/encoder/encoders/encoders.42/self_attn/Constant_15_output_0'. It is not used by any node and should be removed from the model.[m
[0;93m2026-09-28 11:51:03.313731 [W:onnxruntime:, graph.cc:4285 CleanUnusedInitializersAndNodeArgs] Removing initializer '/encoder/encoders/encoders.40/self_attn/Constant_10_output_0'. It is not used by any node and should be removed from the model.[m
[0;93m2026-09-28 11:51:03.313735 [W:onnxruntime:, graph.cc:4285 CleanUnusedInitializersAndNodeArgs] Removing initializer '/encoder/encoders/encoders.47/self_attn/Constant_10_output_0'. It is not used by any node and should be removed from the model.[m
[0;93m2026-09-28 11:51:03.313739 [W:onnxruntime:, graph.cc:4285 CleanUnusedInitializersAndNodeArgs] Removing initializer '/encoder/encoders/encoders.40/self_attn/Constant_9_output_0'. It is not used by any node and should be removed from the model.[m
[0;93m2026-09-28 11:51:03.313743 [W:onnxruntime:, graph.cc:4285 CleanUnusedInitializersAndNodeArgs] Removing initializer '/encoder/encoders/encoders.40/self_attn/Constant_5_output_0'. It is not used by any node and should be removed from the model.[m
[0;93m2026-09-28 11:51:03.313748 [W:onnxruntime:, graph.cc:4285 CleanUnusedInitializersAndNodeArgs] Removing initializer '/encoder/encoders/encoders.40/self_attn/Constant_2_output_0'. It is not used by any node and should be removed from the model.[m
[0;93m2026-09-28 11:51:03.313752 [W:onnxruntime:, graph.cc:4285 CleanUnusedInitializersAndNodeArgs] Removing initializer '/encoder/encoders/encoders.40/self_attn/Constant_1_output_0'. It is not used by any node and should be removed from the model.[m
[0;93m2026-09-28 11:51:03.313756 [W:onnxruntime:, graph.cc:4285 CleanUnusedInitializersAndNodeArgs] Removing initializer '/encoder/encoders/encoders.39/self_attn/Constant_15_output_0'. It is not used by any node and should be removed from the model.[m
[0;93m2026-09-28 11:51:03.313768 [W:onnxruntime:, graph.cc:4285 CleanUnusedInitializersAndNodeArgs] Removing initializer '/encoder/encoders/encoders.39/self_attn/Constant_14_output_0'. It is not used by any node and should be removed from the model.[m
[0;93m2026-09-28 11:51:03.313773 [W:onnxruntime:, graph.cc:4285 CleanUnusedInitializersAndNodeArgs] Removing initializer '/encoder/encoders/encoders.39/self_attn/Constant_6_output_0'. It is not used by any node and should be removed from the model.[m
[0;93m2026-09-28 11:51:03.313778 [W:onnxruntime:, graph.cc:4285 CleanUnusedInitializersAndNodeArgs] Removing initializer '/encoder/encoders/encoders.47/self_attn/Constant_15_output_0'. It is not used by any node and should be removed from the model.[m
[0;93m2026-09-28 11:51:03.313783 [W:onnxruntime:, graph.cc:4285 CleanUnusedInitializersAndNodeArgs] Removing initializer '/encoder/encoders/encoders.39/self_attn/Constant_2_output_0'. It is not used by any node and should be removed from the model.[m
[0;93m2026-09-28 11:51:03.313787 [W:onnxruntime:, graph.cc:4285 CleanUnusedInitializersAndNodeArgs] Removing initializer '/encoder/encoders/encoders.39/self_attn/Constant_1_output_0'. It is not used by any node and should be removed from the model.[m
[0;93m2026-09-28 11:51:03.313792 [W:onnxruntime:, graph.cc:4285 CleanUnusedInitializersAndNodeArgs] Removing initializer '/encoder/encoders/encoders.38/self_attn/Constant_14_output_0'. It is not used by any node and should be removed from the model.[m
[0;93m2026-09-28 11:51:03.313797 [W:onnxruntime:, graph.cc:4285 CleanUnusedInitializersAndNodeArgs] Removing initializer '/encoder/encoders/encoders.45/self_attn/Constant_5_output_0'. It is not used by any node and should be removed from the model.[m
[0;93m2026-09-28 11:51:03.313802 [W:onnxruntime:, graph.cc:4285 CleanUnusedInitializersAndNodeArgs] Removing initializer '/encoder/encoders/encoders.38/self_attn/Constant_9_output_0'. It is not used by any node and should be removed from the model.[m
[0;93m2026-09-28 11:51:03.313809 [W:onnxruntime:, graph.cc:4285 CleanUnusedInitializersAndNodeArgs] Removing initializer '/encoder/encoders/encoders.38/self_attn/Constant_5_output_0'. It is not used by any node and should be removed from the model.[m
[0;93m2026-09-28 11:51:03.313814 [W:onnxruntime:, graph.cc:4285 CleanUnusedInitializersAndNodeArgs] Removing initializer '/encoder/encoders/encoders.38/self_attn/Constant_2_output_0'. It is not used by any node and should be removed from the model.[m
[0;93m2026-09-28 11:51:03.313822 [W:onnxruntime:, graph.cc:4285 CleanUnusedInitializersAndNodeArgs] Removing initializer '/encoder/encoders/encoders.37/self_attn/Constant_14_output_0'. It is not used by any node and should be removed from the model.[m
[0;93m2026-09-28 11:51:03.313828 [W:onnxruntime:, graph.cc:4285 CleanUnusedInitializersAndNodeArgs] Removing initializer '/encoder/encoders/encoders.37/self_attn/Constant_10_output_0'. It is not used by any node and should be removed from the model.[m
[0;93m2026-09-28 11:51:03.313834 [W:onnxruntime:, graph.cc:4285 CleanUnusedInitializersAndNodeArgs] Removing initializer '/encoder/encoders/encoders.37/self_attn/Constant_6_output_0'. It is not used by any node and should be removed from the model.[m
[0;93m2026-09-28 11:51:03.313841 [W:onnxruntime:, graph.cc:4285 CleanUnusedInitializersAndNodeArgs] Removing initializer '/encoder/encoders/encoders.37/self_attn/Constant_5_output_0'. It is not used by any node and should be removed from the model.[m
[0;93m2026-09-28 11:51:03.313847 [W:onnxruntime:, graph.cc:4285 CleanUnusedInitializersAndNodeArgs] Removing initializer '/encoder/encoders/encoders.37/self_attn/Constant_2_output_0'. It is not used by any node and should be removed from the model.[m
[0;93m2026-09-28 11:51:03.313854 [W:onnxruntime:, graph.cc:4285 CleanUnusedInitializersAndNodeArgs] Removing initializer '/encoder/encoders/encoders.36/self_attn/Constant_14_output_0'. It is not used by any node and should be removed from the model.[m
[0;93m2026-09-28 11:51:03.313859 [W:onnxruntime:, graph.cc:4285 CleanUnusedInitializersAndNodeArgs] Removing initializer '/encoder/encoders/encoders.36/self_attn/Constant_10_output_0'. It is not used by any node and should be removed from the model.[m
[0;93m2026-09-28 11:51:03.313864 [W:onnxruntime:, graph.cc:4285 CleanUnusedInitializersAndNodeArgs] Removing initializer '/encoder/encoders/encoders.36/self_attn/Constant_6_output_0'. It is not used by any node and should be removed from the model.[m
[0;93m2026-09-28 11:51:03.313868 [W:onnxruntime:, graph.cc:4285 CleanUnusedInitializersAndNodeArgs] Removing initializer '/encoder/encoders/encoders.36/self_attn/Constant_5_output_0'. It is not used by any node and should be removed from the model.[m
[0;93m2026-09-28 11:51:03.313872 [W:onnxruntime:, graph.cc:4285 CleanUnusedInitializersAndNodeArgs] Removing initializer '/encoder/encoders/encoders.36/self_attn/Constant_2_output_0'. It is not used by any node and should be removed from the model.[m
[0;93m2026-09-28 11:51:03.313876 [W:onnxruntime:, graph.cc:4285 CleanUnusedInitializersAndNodeArgs] Removing initializer '/encoder/encoders/encoders.36/self_attn/Constant_1_output_0'. It is not used by any node and should be removed from the model.[m
[0;93m2026-09-28 11:51:03.313880 [W:onnxruntime:, graph.cc:4285 CleanUnusedInitializersAndNodeArgs] Removing initializer '/encoder/encoders/encoders.35/self_attn/Constant_15_output_0'. It is not used by any node and should be removed from the model.[m
[0;93m2026-09-28 11:51:03.313885 [W:onnxruntime:, graph.cc:4285 CleanUnusedInitializersAndNodeArgs] Removing initializer '/encoder/encoders/encoders.35/self_attn/Constant_14_output_0'. It is not used by any node and should be removed from the model.[m
[0;93m2026-09-28 11:51:03.313890 [W:onnxruntime:, graph.cc:4285 CleanUnusedInitializersAndNodeArgs] Removing initializer '/encoder/encoders/encoders.46/self_attn/Constant_14_output_0'. It is not used by any node and should be removed from the model.[m
[0;93m2026-09-28 11:51:03.313897 [W:onnxruntime:, graph.cc:4285 CleanUnusedInitializersAndNodeArgs] Removing initializer '/encoder/encoders/encoders.35/self_attn/Constant_2_output_0'. It is not used by any node and should be removed from the model.[m
[0;93m2026-09-28 11:51:03.313905 [W:onnxruntime:, graph.cc:4285 CleanUnusedInitializersAndNodeArgs] Removing initializer '/encoder/encoders/encoders.35/self_attn/Constant_1_output_0'. It is not used by any node and should be removed from the model.[m
[0;93m2026-09-28 11:51:03.313910 [W:onnxruntime:, graph.cc:4285 CleanUnusedInitializersAndNodeArgs] Removing initializer '/encoder/encoders/encoders.34/self_attn/Constant_15_output_0'. It is not used by any node and should be removed from the model.[m
[0;93m2026-09-28 11:51:03.313914 [W:onnxruntime:, graph.cc:4285 CleanUnusedInitializersAndNodeArgs] Removing initializer '/encoder/encoders/encoders.34/self_attn/Constant_14_output_0'. It is not used by any node and should be removed from the model.[m
[0;93m2026-09-28 11:51:03.313919 [W:onnxruntime:, graph.cc:4285 CleanUnusedInitializersAndNodeArgs] Removing initializer '/encoder/encoders/encoders.34/self_attn/Constant_10_output_0'. It is not used by any node and should be removed from the model.[m
[0;93m2026-09-28 11:51:03.313923 [W:onnxruntime:, graph.cc:4285 CleanUnusedInitializersAndNodeArgs] Removing initializer '/encoder/encoders/encoders.34/self_attn/Constant_6_output_0'. It is not used by any node and should be removed from the model.[m
[0;93m2026-09-28 11:51:03.313928 [W:onnxruntime:, graph.cc:4285 CleanUnusedInitializersAndNodeArgs] Removing initializer '/encoder/encoders/encoders.34/self_attn/Constant_2_output_0'. It is not used by any node and should be removed from the model.[m
[0;93m2026-09-28 11:51:03.313933 [W:onnxruntime:, graph.cc:4285 CleanUnusedInitializersAndNodeArgs] Removing initializer '/encoder/encoders/encoders.47/self_attn/Constant_14_output_0'. It is not used by any node and should be removed from the model.[m
[0;93m2026-09-28 11:51:03.313940 [W:onnxruntime:, graph.cc:4285 CleanUnusedInitializersAndNodeArgs] Removing initializer '/encoder/encoders/encoders.41/self_attn/Constant_5_output_0'. It is not used by any node and should be removed from the model.[m
[0;93m2026-09-28 11:51:03.313945 [W:onnxruntime:, graph.cc:4285 CleanUnusedInitializersAndNodeArgs] Removing initializer '/encoder/encoders/encoders.33/self_attn/Constant_5_output_0'. It is not used by any node and should be removed from the model.[m
[0;93m2026-09-28 11:51:03.313949 [W:onnxruntime:, graph.cc:4285 CleanUnusedInitializersAndNodeArgs] Removing initializer '/encoder/encoders/encoders.32/self_attn/Constant_14_output_0'. It is not used by any node and should be removed from the model.[m
[0;93m2026-09-28 11:51:03.313953 [W:onnxruntime:, graph.cc:4285 CleanUnusedInitializersAndNodeArgs] Removing initializer '/encoder/encoders/encoders.34/self_attn/Constant_5_output_0'. It is not used by any node and should be removed from the model.[m
[0;93m2026-09-28 11:51:03.313958 [W:onnxruntime:, graph.cc:4285 CleanUnusedInitializersAndNodeArgs] Removing initializer '/encoder/encoders/encoders.32/self_attn/Constant_10_output_0'. It is not used by any node and should be removed from the model.[m
[0;93m2026-09-28 11:51:03.313962 [W:onnxruntime:, graph.cc:4285 CleanUnusedInitializersAndNodeArgs] Removing initializer '/encoder/encoders/encoders.32/self_attn/Constant_2_output_0'. It is not used by any node and should be removed from the model.[m
[0;93m2026-09-28 11:51:03.313966 [W:onnxruntime:, graph.cc:4285 CleanUnusedInitializersAndNodeArgs] Removing initializer '/encoder/encoders/encoders.32/self_attn/Constant_1_output_0'. It is not used by any node and should be removed from the model.[m
[0;93m2026-09-28 11:51:03.313971 [W:onnxruntime:, graph.cc:4285 CleanUnusedInitializersAndNodeArgs] Removing initializer '/encoder/encoders/encoders.31/self_attn/Constant_15_output_0'. It is not used by any node and should be removed from the model.[m
[0;93m2026-09-28 11:51:03.313977 [W:onnxruntime:, graph.cc:4285 CleanUnusedInitializersAndNodeArgs] Removing initializer '/encoder/encoders/encoders.31/self_attn/Constant_14_output_0'. It is not used by any node and should be removed from the model.[m
[0;93m2026-09-28 11:51:03.313982 [W:onnxruntime:, graph.cc:4285 CleanUnusedInitializersAndNodeArgs] Removing initializer '/encoder/encoders/encoders.31/self_attn/Constant_10_output_0'. It is not used by any node and should be removed from the model.[m
[0;93m2026-09-28 11:51:03.313987 [W:onnxruntime:, graph.cc:4285 CleanUnusedInitializersAndNodeArgs] Removing initializer '/encoder/encoders/encoders.31/self_attn/Constant_9_output_0'. It is not used by any node and should be removed from the model.[m
[0;93m2026-09-28 11:51:03.313992 [W:onnxruntime:, graph.cc:4285 CleanUnusedInitializersAndNodeArgs] Removing initializer '/encoder/encoders/encoders.31/self_attn/Constant_5_output_0'. It is not used by any node and should be removed from the model.[m
[0;93m2026-09-28 11:51:03.313997 [W:onnxruntime:, graph.cc:4285 CleanUnusedInitializersAndNodeArgs] Removing initializer '/encoder/encoders/encoders.31/self_attn/Constant_2_output_0'. It is not used by any node and should be removed from the model.[m
[0;93m2026-09-28 11:51:03.314002 [W:onnxruntime:, graph.cc:4285 CleanUnusedInitializersAndNodeArgs] Removing initializer '/encoder/encoders/encoders.30/self_attn/Constant_15_output_0'. It is not used by any node and should be removed from the model.[m
[0;93m2026-09-28 11:51:03.314008 [W:onnxruntime:, graph.cc:4285 CleanUnusedInitializersAndNodeArgs] Removing initializer '/encoder/encoders/encoders.30/self_attn/Constant_10_output_0'. It is not used by any node and should be removed from the model.[m
[0;93m2026-09-28 11:51:03.314014 [W:onnxruntime:, graph.cc:4285 CleanUnusedInitializersAndNodeArgs] Removing initializer '/encoder/encoders/encoders.30/self_attn/Constant_9_output_0'. It is not used by any node and should be removed from the model.[m
[0;93m2026-09-28 11:51:03.314020 [W:onnxruntime:, graph.cc:4285 CleanUnusedInitializersAndNodeArgs] Removing initializer '/encoder/encoders/encoders.30/self_attn/Constant_1_output_0'. It is not used by any node and should be removed from the model.[m
[0;93m2026-09-28 11:51:03.314025 [W:onnxruntime:, graph.cc:4285 CleanUnusedInitializersAndNodeArgs] Removing initializer '/encoder/encoders/encoders.29/self_attn/Constant_15_output_0'. It is not used by any node and should be removed from the model.[m
[0;93m2026-09-28 11:51:03.314031 [W:onnxruntime:, graph.cc:4285 CleanUnusedInitializersAndNodeArgs] Removing initializer '/encoder/encoders/encoders.29/self_attn/Constant_9_output_0'. It is not used by any node and should be removed from the model.[m
[0;93m2026-09-28 11:51:03.314037 [W:onnxruntime:, graph.cc:4285 CleanUnusedInitializersAndNodeArgs] Removing initializer '/encoder/encoders/encoders.29/self_attn/Constant_6_output_0'. It is not used by any node and should be removed from the model.[m
[0;93m2026-09-28 11:51:03.314041 [W:onnxruntime:, graph.cc:4285 CleanUnusedInitializersAndNodeArgs] Removing initializer '/encoder/encoders/encoders.29/self_attn/Constant_2_output_0'. It is not used by any node and should be removed from the model.[m
[0;93m2026-09-28 11:51:03.314045 [W:onnxruntime:, graph.cc:4285 CleanUnusedInitializersAndNodeArgs] Removing initializer '/encoder/encoders/encoders.29/self_attn/Constant_1_output_0'. It is not used by any node and should be removed from the model.[m
[0;93m2026-09-28 11:51:03.314050 [W:onnxruntime:, graph.cc:4285 CleanUnusedInitializersAndNodeArgs] Removing initializer '/encoder/encoders/encoders.30/self_attn/Constant_2_output_0'. It is not used by any node and should be removed from the model.[m
[0;93m2026-09-28 11:51:03.314054 [W:onnxruntime:, graph.cc:4285 CleanUnusedInitializersAndNodeArgs] Removing initializer '/encoder/encoders/encoders.28/self_attn/Constant_14_output_0'. It is not used by any node and should be removed from the model.[m
[0;93m2026-09-28 11:51:03.314058 [W:onnxruntime:, graph.cc:4285 CleanUnusedInitializersAndNodeArgs] Removing initializer '/encoder/encoders/encoders.28/self_attn/Constant_9_output_0'. It is not used by any node and should be removed from the model.[m
[0;93m2026-09-28 11:51:03.314064 [W:onnxruntime:, graph.cc:4285 CleanUnusedInitializersAndNodeArgs] Removing initializer '/encoder/encoders/encoders.28/self_attn/Constant_6_output_0'. It is not used by any node and should be removed from the model.[m
[0;93m2026-09-28 11:51:03.314068 [W:onnxruntime:, graph.cc:4285 CleanUnusedInitializersAndNodeArgs] Removing initializer '/encoder/encoders/encoders.28/self_attn/Constant_5_output_0'. It is not used by any node and should be removed from the model.[m
[0;93m2026-09-28 11:51:03.314073 [W:onnxruntime:, graph.cc:4285 CleanUnusedInitializersAndNodeArgs] Removing initializer '/encoder/encoders/encoders.27/self_attn/Constant_9_output_0'. It is not used by any node and should be removed from the model.[m
[0;93m2026-09-28 11:51:03.314078 [W:onnxruntime:, graph.cc:4285 CleanUnusedInitializersAndNodeArgs] Removing initializer '/encoder/encoders/encoders.27/self_attn/Constant_6_output_0'. It is not used by any node and should be removed from the model.[m
[0;93m2026-09-28 11:51:03.314082 [W:onnxruntime:, graph.cc:4285 CleanUnusedInitializersAndNodeArgs] Removing initializer '/encoder/encoders/encoders.27/self_attn/Constant_5_output_0'. It is not used by any node and should be removed from the model.[m
[0;93m2026-09-28 11:51:03.314086 [W:onnxruntime:, graph.cc:4285 CleanUnusedInitializersAndNodeArgs] Removing initializer '/encoder/encoders/encoders.27/self_attn/Constant_2_output_0'. It is not used by any node and should be removed from the model.[m
[0;93m2026-09-28 11:51:03.314090 [W:onnxruntime:, graph.cc:4285 CleanUnusedInitializersAndNodeArgs] Removing initializer '/encoder/encoders/encoders.47/self_attn/Constant_9_output_0'. It is not used by any node and should be removed from the model.[m
[0;93m2026-09-28 11:51:03.314095 [W:onnxruntime:, graph.cc:4285 CleanUnusedInitializersAndNodeArgs] Removing initializer '/encoder/encoders/encoders.26/self_attn/Constant_15_output_0'. It is not used by any node and should be removed from the model.[m
[0;93m2026-09-28 11:51:03.314099 [W:onnxruntime:, graph.cc:4285 CleanUnusedInitializersAndNodeArgs] Removing initializer '/encoder/encoders/encoders.26/self_attn/Constant_14_output_0'. It is not used by any node and should be removed from the model.[m
[0;93m2026-09-28 11:51:03.314104 [W:onnxruntime:, graph.cc:4285 CleanUnusedInitializersAndNodeArgs] Removing initializer '/encoder/encoders/encoders.26/self_attn/Constant_10_output_0'. It is not used by any node and should be removed from the model.[m
[0;93m2026-09-28 11:51:03.314108 [W:onnxruntime:, graph.cc:4285 CleanUnusedInitializersAndNodeArgs] Removing initializer '/encoder/encoders/encoders.26/self_attn/Constant_9_output_0'. It is not used by any node and should be removed from the model.[m
[0;93m2026-09-28 11:51:03.314112 [W:onnxruntime:, graph.cc:4285 CleanUnusedInitializersAndNodeArgs] Removing initializer '/encoder/encoders/encoders.35/self_attn/Constant_5_output_0'. It is not used by any node and should be removed from the model.[m
[0;93m2026-09-28 11:51:03.314116 [W:onnxruntime:, graph.cc:4285 CleanUnusedInitializersAndNodeArgs] Removing initializer '/encoder/encoders/encoders.26/self_attn/Constant_1_output_0'. It is not used by any node and should be removed from the model.[m
[0;93m2026-09-28 11:51:03.314121 [W:onnxruntime:, graph.cc:4285 CleanUnusedInitializersAndNodeArgs] Removing initializer '/encoder/encoders/encoders.25/self_attn/Constant_15_output_0'. It is not used by any node and should be removed from the model.[m
[0;93m2026-09-28 11:51:03.314125 [W:onnxruntime:, graph.cc:4285 CleanUnusedInitializersAndNodeArgs] Removing initializer '/encoder/encoders/encoders.33/self_attn/Constant_10_output_0'. It is not used by any node and should be removed from the model.[m
[0;93m2026-09-28 11:51:03.314133 [W:onnxruntime:, graph.cc:4285 CleanUnusedInitializersAndNodeArgs] Removing initializer '/encoder/encoders/encoders.25/self_attn/Constant_9_output_0'. It is not used by any node and should be removed from the model.[m
[0;93m2026-09-28 11:51:03.314139 [W:onnxruntime:, graph.cc:4285 CleanUnusedInitializersAndNodeArgs] Removing initializer '/encoder/encoders/encoders.25/self_attn/Constant_5_output_0'. It is not used by any node and should be removed from the model.[m
[0;93m2026-09-28 11:51:03.314143 [W:onnxruntime:, graph.cc:4285 CleanUnusedInitializersAndNodeArgs] Removing initializer '/encoder/encoders/encoders.25/self_attn/Constant_2_output_0'. It is not used by any node and should be removed from the model.[m
[0;93m2026-09-28 11:51:03.314147 [W:onnxruntime:, graph.cc:4285 CleanUnusedInitializersAndNodeArgs] Removing initializer '/encoder/encoders/encoders.25/self_attn/Constant_1_output_0'. It is not used by any node and should be removed from the model.[m
[0;93m2026-09-28 11:51:03.314152 [W:onnxruntime:, graph.cc:4285 CleanUnusedInitializersAndNodeArgs] Removing initializer '/encoder/encoders/encoders.24/self_attn/Constant_15_output_0'. It is not used by any node and should be removed from the model.[m
[0;93m2026-09-28 11:51:03.314157 [W:onnxruntime:, graph.cc:4285 CleanUnusedInitializersAndNodeArgs] Removing initializer '/encoder/encoders/encoders.24/self_attn/Constant_10_output_0'. It is not used by any node and should be removed from the model.[m
[0;93m2026-09-28 11:51:03.314162 [W:onnxruntime:, graph.cc:4285 CleanUnusedInitializersAndNodeArgs] Removing initializer '/encoder/encoders/encoders.37/self_attn/Constant_9_output_0'. It is not used by any node and should be removed from the model.[m
[0;93m2026-09-28 11:51:03.314166 [W:onnxruntime:, graph.cc:4285 CleanUnusedInitializersAndNodeArgs] Removing initializer '/encoder/encoders/encoders.24/self_attn/Constant_6_output_0'. It is not used by any node and should be removed from the model.[m
[0;93m2026-09-28 11:51:03.314170 [W:onnxruntime:, graph.cc:4285 CleanUnusedInitializersAndNodeArgs] Removing initializer '/encoder/encoders/encoders.24/self_attn/Constant_5_output_0'. It is not used by any node and should be removed from the model.[m
[0;93m2026-09-28 11:51:03.314175 [W:onnxruntime:, graph.cc:4285 CleanUnusedInitializersAndNodeArgs] Removing initializer '/encoder/encoders/encoders.23/self_attn/Constant_15_output_0'. It is not used by any node and should be removed from the model.[m
[0;93m2026-09-28 11:51:03.314180 [W:onnxruntime:, graph.cc:4285 CleanUnusedInitializersAndNodeArgs] Removing initializer '/encoder/encoders/encoders.23/self_attn/Constant_14_output_0'. It is not used by any node and should be removed from the model.[m
[0;93m2026-09-28 11:51:03.314186 [W:onnxruntime:, graph.cc:4285 CleanUnusedInitializersAndNodeArgs] Removing initializer '/encoder/encoders/encoders.23/self_attn/Constant_10_output_0'. It is not used by any node and should be removed from the model.[m
[0;93m2026-09-28 11:51:03.314191 [W:onnxruntime:, graph.cc:4285 CleanUnusedInitializersAndNodeArgs] Removing initializer '/encoder/encoders/encoders.46/self_attn/Constant_10_output_0'. It is not used by any node and should be removed from the model.[m
[0;93m2026-09-28 11:51:03.314196 [W:onnxruntime:, graph.cc:4285 CleanUnusedInitializersAndNodeArgs] Removing initializer '/encoder/encoders/encoders.23/self_attn/Constant_6_output_0'. It is not used by any node and should be removed from the model.[m
[0;93m2026-09-28 11:51:03.314201 [W:onnxruntime:, graph.cc:4285 CleanUnusedInitializersAndNodeArgs] Removing initializer '/encoder/encoders/encoders.23/self_attn/Constant_5_output_0'. It is not used by any node and should be removed from the model.[m
[0;93m2026-09-28 11:51:03.314206 [W:onnxruntime:, graph.cc:4285 CleanUnusedInitializersAndNodeArgs] Removing initializer '/encoder/encoders/encoders.23/self_attn/Constant_1_output_0'. It is not used by any node and should be removed from the model.[m
[0;93m2026-09-28 11:51:03.314210 [W:onnxruntime:, graph.cc:4285 CleanUnusedInitializersAndNodeArgs] Removing initializer '/encoder/encoders/encoders.38/self_attn/Constant_1_output_0'. It is not used by any node and should be removed from the model.[m
[0;93m2026-09-28 11:51:03.314221 [W:onnxruntime:, graph.cc:4285 CleanUnusedInitializersAndNodeArgs] Removing initializer '/encoder/encoders/encoders.22/self_attn/Constant_10_output_0'. It is not used by any node and should be removed from the model.[m
[0;93m2026-09-28 11:51:03.314226 [W:onnxruntime:, graph.cc:4285 CleanUnusedInitializersAndNodeArgs] Removing initializer '/encoder/encoders/encoders.22/self_attn/Constant_9_output_0'. It is not used by any node and should be removed from the model.[m
[0;93m2026-09-28 11:51:03.314232 [W:onnxruntime:, graph.cc:4285 CleanUnusedInitializersAndNodeArgs] Removing initializer '/encoder/encoders/encoders.22/self_attn/Constant_1_output_0'. It is not used by any node and should be removed from the model.[m
[0;93m2026-09-28 11:51:03.314237 [W:onnxruntime:, graph.cc:4285 CleanUnusedInitializersAndNodeArgs] Removing initializer '/encoder/encoders/encoders.36/self_attn/Constant_15_output_0'. It is not used by any node and should be removed from the model.[m
[0;93m2026-09-28 11:51:03.314243 [W:onnxruntime:, graph.cc:4285 CleanUnusedInitializersAndNodeArgs] Removing initializer '/encoder/encoders/encoders.21/self_attn/Constant_10_output_0'. It is not used by any node and should be removed from the model.[m
[0;93m2026-09-28 11:51:03.314249 [W:onnxruntime:, graph.cc:4285 CleanUnusedInitializersAndNodeArgs] Removing initializer '/encoder/encoders/encoders.21/self_attn/Constant_9_output_0'. It is not used by any node and should be removed from the model.[m
[0;93m2026-09-28 11:51:03.314255 [W:onnxruntime:, graph.cc:4285 CleanUnusedInitializersAndNodeArgs] Removing initializer '/encoder/encoders/encoders.21/self_attn/Constant_6_output_0'. It is not used by any node and should be removed from the model.[m
[0;93m2026-09-28 11:51:03.314260 [W:onnxruntime:, graph.cc:4285 CleanUnusedInitializersAndNodeArgs] Removing initializer '/encoder/encoders/encoders.21/self_attn/Constant_5_output_0'. It is not used by any node and should be removed from the model.[m
[0;93m2026-09-28 11:51:03.314266 [W:onnxruntime:, graph.cc:4285 CleanUnusedInitializersAndNodeArgs] Removing initializer '/encoder/encoders/encoders.21/self_attn/Constant_2_output_0'. It is not used by any node and should be removed from the model.[m
[0;93m2026-09-28 11:51:03.314271 [W:onnxruntime:, graph.cc:4285 CleanUnusedInitializersAndNodeArgs] Removing initializer '/encoder/encoders/encoders.21/self_attn/Constant_1_output_0'. It is not used by any node and should be removed from the model.[m
[0;93m2026-09-28 11:51:03.314276 [W:onnxruntime:, graph.cc:4285 CleanUnusedInitializersAndNodeArgs] Removing initializer '/encoder/encoders/encoders.20/self_attn/Constant_15_output_0'. It is not used by any node and should be removed from the model.[m
[0;93m2026-09-28 11:51:03.314280 [W:onnxruntime:, graph.cc:4285 CleanUnusedInitializersAndNodeArgs] Removing initializer '/encoder/encoders/encoders.20/self_attn/Constant_14_output_0'. It is not used by any node and should be removed from the model.[m
[0;93m2026-09-28 11:51:03.314284 [W:onnxruntime:, graph.cc:4285 CleanUnusedInitializersAndNodeArgs] Removing initializer '/encoder/encoders/encoders.20/self_attn/Constant_10_output_0'. It is not used by any node and should be removed from the model.[m
[0;93m2026-09-28 11:51:03.314289 [W:onnxruntime:, graph.cc:4285 CleanUnusedInitializersAndNodeArgs] Removing initializer '/encoder/encoders/encoders.20/self_attn/Constant_9_output_0'. It is not used by any node and should be removed from the model.[m
[0;93m2026-09-28 11:51:03.314293 [W:onnxruntime:, graph.cc:4285 CleanUnusedInitializersAndNodeArgs] Removing initializer '/encoder/encoders/encoders.20/self_attn/Constant_6_output_0'. It is not used by any node and should be removed from the model.[m
[0;93m2026-09-28 11:51:03.314297 [W:onnxruntime:, graph.cc:4285 CleanUnusedInitializersAndNodeArgs] Removing initializer '/encoder/encoders/encoders.20/self_attn/Constant_5_output_0'. It is not used by any node and should be removed from the model.[m
[0;93m2026-09-28 11:51:03.314303 [W:onnxruntime:, graph.cc:4285 CleanUnusedInitializersAndNodeArgs] Removing initializer '/encoder/encoders/encoders.20/self_attn/Constant_1_output_0'. It is not used by any node and should be removed from the model.[m
[0;93m2026-09-28 11:51:03.314308 [W:onnxruntime:, graph.cc:4285 CleanUnusedInitializersAndNodeArgs] Removing initializer '/encoder/encoders/encoders.19/self_attn/Constant_15_output_0'. It is not used by any node and should be removed from the model.[m
[0;93m2026-09-28 11:51:03.314312 [W:onnxruntime:, graph.cc:4285 CleanUnusedInitializersAndNodeArgs] Removing initializer '/encoder/encoders/encoders.19/self_attn/Constant_14_output_0'. It is not used by any node and should be removed from the model.[m
[0;93m2026-09-28 11:51:03.314318 [W:onnxruntime:, graph.cc:4285 CleanUnusedInitializersAndNodeArgs] Removing initializer '/encoder/encoders/encoders.19/self_attn/Constant_5_output_0'. It is not used by any node and should be removed from the model.[m
[0;93m2026-09-28 11:51:03.314322 [W:onnxruntime:, graph.cc:4285 CleanUnusedInitializersAndNodeArgs] Removing initializer '/encoder/encoders/encoders.19/self_attn/Constant_2_output_0'. It is not used by any node and should be removed from the model.[m
[0;93m2026-09-28 11:51:03.314327 [W:onnxruntime:, graph.cc:4285 CleanUnusedInitializersAndNodeArgs] Removing initializer '/encoder/encoders/encoders.18/self_attn/Constant_15_output_0'. It is not used by any node and should be removed from the model.[m
[0;93m2026-09-28 11:51:03.314331 [W:onnxruntime:, graph.cc:4285 CleanUnusedInitializersAndNodeArgs] Removing initializer '/encoder/encoders/encoders.18/self_attn/Constant_14_output_0'. It is not used by any node and should be removed from the model.[m
[0;93m2026-09-28 11:51:03.314339 [W:onnxruntime:, graph.cc:4285 CleanUnusedInitializersAndNodeArgs] Removing initializer '/encoder/encoders/encoders.18/self_attn/Constant_10_output_0'. It is not used by any node and should be removed from the model.[m
[0;93m2026-09-28 11:51:03.314343 [W:onnxruntime:, graph.cc:4285 CleanUnusedInitializersAndNodeArgs] Removing initializer '/encoder/encoders/encoders.18/self_attn/Constant_6_output_0'. It is not used by any node and should be removed from the model.[m
[0;93m2026-09-28 11:51:03.314348 [W:onnxruntime:, graph.cc:4285 CleanUnusedInitializersAndNodeArgs] Removing initializer '/encoder/encoders/encoders.18/self_attn/Constant_5_output_0'. It is not used by any node and should be removed from the model.[m
[0;93m2026-09-28 11:51:03.314352 [W:onnxruntime:, graph.cc:4285 CleanUnusedInitializersAndNodeArgs] Removing initializer '/encoder/encoders/encoders.18/self_attn/Constant_2_output_0'. It is not used by any node and should be removed from the model.[m
[0;93m2026-09-28 11:51:03.314356 [W:onnxruntime:, graph.cc:4285 CleanUnusedInitializersAndNodeArgs] Removing initializer '/encoder/encoders/encoders.18/self_attn/Constant_1_output_0'. It is not used by any node and should be removed from the model.[m
[0;93m2026-09-28 11:51:03.314360 [W:onnxruntime:, graph.cc:4285 CleanUnusedInitializersAndNodeArgs] Removing initializer '/encoder/encoders/encoders.17/self_attn/Constant_15_output_0'. It is not used by any node and should be removed from the model.[m
[0;93m2026-09-28 11:51:03.314365 [W:onnxruntime:, graph.cc:4285 CleanUnusedInitializersAndNodeArgs] Removing initializer '/encoder/encoders/encoders.27/self_attn/Constant_14_output_0'. It is not used by any node and should be removed from the model.[m
[0;93m2026-09-28 11:51:03.314369 [W:onnxruntime:, graph.cc:4285 CleanUnusedInitializersAndNodeArgs] Removing initializer '/encoder/encoders/encoders.17/self_attn/Constant_14_output_0'. It is not used by any node and should be removed from the model.[m
[0;93m2026-09-28 11:51:03.314374 [W:onnxruntime:, graph.cc:4285 CleanUnusedInitializersAndNodeArgs] Removing initializer '/encoder/encoders/encoders.17/self_attn/Constant_10_output_0'. It is not used by any node and should be removed from the model.[m
[0;93m2026-09-28 11:51:03.314381 [W:onnxruntime:, graph.cc:4285 CleanUnusedInitializersAndNodeArgs] Removing initializer '/encoder/encoders/encoders.21/self_attn/Constant_14_output_0'. It is not used by any node and should be removed from the model.[m
[0;93m2026-09-28 11:51:03.314386 [W:onnxruntime:, graph.cc:4285 CleanUnusedInitializersAndNodeArgs] Removing initializer '/encoder/encoders/encoders.17/self_attn/Constant_2_output_0'. It is not used by any node and should be removed from the model.[m
[0;93m2026-09-28 11:51:03.314391 [W:onnxruntime:, graph.cc:4285 CleanUnusedInitializersAndNodeArgs] Removing initializer '/encoder/encoders/encoders.17/self_attn/Constant_1_output_0'. It is not used by any node and should be removed from the model.[m
[0;93m2026-09-28 11:51:03.314396 [W:onnxruntime:, graph.cc:4285 CleanUnusedInitializersAndNodeArgs] Removing initializer '/encoder/encoders/encoders.32/self_attn/Constant_15_output_0'. It is not used by any node and should be removed from the model.[m
[0;93m2026-09-28 11:51:03.314402 [W:onnxruntime:, graph.cc:4285 CleanUnusedInitializersAndNodeArgs] Removing initializer '/encoder/encoders/encoders.16/self_attn/Constant_10_output_0'. It is not used by any node and should be removed from the model.[m
[0;93m2026-09-28 11:51:03.314409 [W:onnxruntime:, graph.cc:4285 CleanUnusedInitializersAndNodeArgs] Removing initializer '/encoder/encoders/encoders.16/self_attn/Constant_9_output_0'. It is not used by any node and should be removed from the model.[m
[0;93m2026-09-28 11:51:03.314413 [W:onnxruntime:, graph.cc:4285 CleanUnusedInitializersAndNodeArgs] Removing initializer '/encoder/encoders/encoders.16/self_attn/Constant_6_output_0'. It is not used by any node and should be removed from the model.[m
[0;93m2026-09-28 11:51:03.314418 [W:onnxruntime:, graph.cc:4285 CleanUnusedInitializersAndNodeArgs] Removing initializer '/encoder/encoders/encoders.16/self_attn/Constant_5_output_0'. It is not used by any node and should be removed from the model.[m
[0;93m2026-09-28 11:51:03.314422 [W:onnxruntime:, graph.cc:4285 CleanUnusedInitializersAndNodeArgs] Removing initializer '/encoder/encoders/encoders.15/self_attn/Constant_15_output_0'. It is not used by any node and should be removed from the model.[m
[0;93m2026-09-28 11:51:03.314427 [W:onnxruntime:, graph.cc:4285 CleanUnusedInitializersAndNodeArgs] Removing initializer '/encoder/encoders/encoders.16/self_attn/Constant_1_output_0'. It is not used by any node and should be removed from the model.[m
[0;93m2026-09-28 11:51:03.314432 [W:onnxruntime:, graph.cc:4285 CleanUnusedInitializersAndNodeArgs] Removing initializer '/encoder/encoders/encoders.15/self_attn/Constant_9_output_0'. It is not used by any node and should be removed from the model.[m
[0;93m2026-09-28 11:51:03.314436 [W:onnxruntime:, graph.cc:4285 CleanUnusedInitializersAndNodeArgs] Removing initializer '/encoder/encoders/encoders.15/self_attn/Constant_5_output_0'. It is not used by any node and should be removed from the model.[m
[0;93m2026-09-28 11:51:03.314440 [W:onnxruntime:, graph.cc:4285 CleanUnusedInitializersAndNodeArgs] Removing initializer '/encoder/encoders/encoders.15/self_attn/Constant_1_output_0'. It is not used by any node and should be removed from the model.[m
[0;93m2026-09-28 11:51:03.314445 [W:onnxruntime:, graph.cc:4285 CleanUnusedInitializersAndNodeArgs] Removing initializer '/encoder/encoders/encoders.14/self_attn/Constant_14_output_0'. It is not used by any node and should be removed from the model.[m
[0;93m2026-09-28 11:51:03.314450 [W:onnxruntime:, graph.cc:4285 CleanUnusedInitializersAndNodeArgs] Removing initializer '/encoder/encoders/encoders.14/self_attn/Constant_6_output_0'. It is not used by any node and should be removed from the model.[m
[0;93m2026-09-28 11:51:03.314455 [W:onnxruntime:, graph.cc:4285 CleanUnusedInitializersAndNodeArgs] Removing initializer '/encoder/encoders/encoders.14/self_attn/Constant_5_output_0'. It is not used by any node and should be removed from the model.[m
[0;93m2026-09-28 11:51:03.314461 [W:onnxruntime:, graph.cc:4285 CleanUnusedInitializersAndNodeArgs] Removing initializer '/encoder/encoders/encoders.14/self_attn/Constant_2_output_0'. It is not used by any node and should be removed from the model.[m
[0;93m2026-09-28 11:51:03.314465 [W:onnxruntime:, graph.cc:4285 CleanUnusedInitializersAndNodeArgs] Removing initializer '/encoder/encoders/encoders.32/self_attn/Constant_5_output_0'. It is not used by any node and should be removed from the model.[m
[0;93m2026-09-28 11:51:03.314469 [W:onnxruntime:, graph.cc:4285 CleanUnusedInitializersAndNodeArgs] Removing initializer '/encoder/encoders/encoders.13/self_attn/Constant_14_output_0'. It is not used by any node and should be removed from the model.[m
[0;93m2026-09-28 11:51:03.314474 [W:onnxruntime:, graph.cc:4285 CleanUnusedInitializersAndNodeArgs] Removing initializer '/encoder/encoders/encoders.22/self_attn/Constant_14_output_0'. It is not used by any node and should be removed from the model.[m
[0;93m2026-09-28 11:51:03.314479 [W:onnxruntime:, graph.cc:4285 CleanUnusedInitializersAndNodeArgs] Removing initializer '/encoder/encoders/encoders.13/self_attn/Constant_10_output_0'. It is not used by any node and should be removed from the model.[m
[0;93m2026-09-28 11:51:03.314483 [W:onnxruntime:, graph.cc:4285 CleanUnusedInitializersAndNodeArgs] Removing initializer '/encoder/encoders/encoders.13/self_attn/Constant_9_output_0'. It is not used by any node and should be removed from the model.[m
[0;93m2026-09-28 11:51:03.314487 [W:onnxruntime:, graph.cc:4285 CleanUnusedInitializersAndNodeArgs] Removing initializer '/encoder/encoders/encoders.16/self_attn/Constant_2_output_0'. It is not used by any node and should be removed from the model.[m
[0;93m2026-09-28 11:51:03.314492 [W:onnxruntime:, graph.cc:4285 CleanUnusedInitializersAndNodeArgs] Removing initializer '/encoder/encoders/encoders.1/self_attn/Constant_6_output_0'. It is not used by any node and should be removed from the model.[m
[0;93m2026-09-28 11:51:03.314496 [W:onnxruntime:, graph.cc:4285 CleanUnusedInitializersAndNodeArgs] Removing initializer '/encoder/encoders/encoders.13/self_attn/Constant_6_output_0'. It is not used by any node and should be removed from the model.[m
[0;93m2026-09-28 11:51:03.314501 [W:onnxruntime:, graph.cc:4285 CleanUnusedInitializersAndNodeArgs] Removing initializer '/encoder/encoders/encoders.13/self_attn/Constant_5_output_0'. It is not used by any node and should be removed from the model.[m
[0;93m2026-09-28 11:51:03.314505 [W:onnxruntime:, graph.cc:4285 CleanUnusedInitializersAndNodeArgs] Removing initializer '/encoder/encoders/encoders.38/self_attn/Constant_10_output_0'. It is not used by any node and should be removed from the model.[m
[0;93m2026-09-28 11:51:03.314510 [W:onnxruntime:, graph.cc:4285 CleanUnusedInitializersAndNodeArgs] Removing initializer '/encoder/encoders/encoders.10/self_attn/Constant_9_output_0'. It is not used by any node and should be removed from the model.[m
[0;93m2026-09-28 11:51:03.314516 [W:onnxruntime:, graph.cc:4285 CleanUnusedInitializersAndNodeArgs] Removing initializer '/encoder/encoders/encoders.12/self_attn/Constant_10_output_0'. It is not used by any node and should be removed from the model.[m
[0;93m2026-09-28 11:51:03.314520 [W:onnxruntime:, graph.cc:4285 CleanUnusedInitializersAndNodeArgs] Removing initializer '/encoder/encoders/encoders.12/self_attn/Constant_9_output_0'. It is not used by any node and should be removed from the model.[m
[0;93m2026-09-28 11:51:03.314525 [W:onnxruntime:, graph.cc:4285 CleanUnusedInitializersAndNodeArgs] Removing initializer '/encoder/encoders/encoders.12/self_attn/Constant_5_output_0'. It is not used by any node and should be removed from the model.[m
[0;93m2026-09-28 11:51:03.314533 [W:onnxruntime:, graph.cc:4285 CleanUnusedInitializersAndNodeArgs] Removing initializer '/encoder/encoders/encoders.12/self_attn/Constant_1_output_0'. It is not used by any node and should be removed from the model.[m
[0;93m2026-09-28 11:51:03.314538 [W:onnxruntime:, graph.cc:4285 CleanUnusedInitializersAndNodeArgs] Removing initializer '/encoder/encoders/encoders.11/self_attn/Constant_15_output_0'. It is not used by any node and should be removed from the model.[m
[0;93m2026-09-28 11:51:03.314544 [W:onnxruntime:, graph.cc:4285 CleanUnusedInitializersAndNodeArgs] Removing initializer '/encoder/encoders/encoders.11/self_attn/Constant_14_output_0'. It is not used by any node and should be removed from the model.[m
[0;93m2026-09-28 11:51:03.314549 [W:onnxruntime:, graph.cc:4285 CleanUnusedInitializersAndNodeArgs] Removing initializer '/encoder/encoders/encoders.11/self_attn/Constant_2_output_0'. It is not used by any node and should be removed from the model.[m
[0;93m2026-09-28 11:51:03.314553 [W:onnxruntime:, graph.cc:4285 CleanUnusedInitializersAndNodeArgs] Removing initializer '/encoder/encoders/encoders.27/self_attn/Constant_15_output_0'. It is not used by any node and should be removed from the model.[m
[0;93m2026-09-28 11:51:03.314558 [W:onnxruntime:, graph.cc:4285 CleanUnusedInitializersAndNodeArgs] Removing initializer '/encoder/encoders/encoders.10/self_attn/Constant_14_output_0'. It is not used by any node and should be removed from the model.[m
[0;93m2026-09-28 11:51:03.314563 [W:onnxruntime:, graph.cc:4285 CleanUnusedInitializersAndNodeArgs] Removing initializer '/encoder/encoders/encoders.10/self_attn/Constant_5_output_0'. It is not used by any node and should be removed from the model.[m
[0;93m2026-09-28 11:51:03.314568 [W:onnxruntime:, graph.cc:4285 CleanUnusedInitializersAndNodeArgs] Removing initializer '/encoder/encoders/encoders.9/self_attn/Constant_14_output_0'. It is not used by any node and should be removed from the model.[m
[0;93m2026-09-28 11:51:03.314572 [W:onnxruntime:, graph.cc:4285 CleanUnusedInitializersAndNodeArgs] Removing initializer '/encoder/encoders/encoders.44/self_attn/Constant_2_output_0'. It is not used by any node and should be removed from the model.[m
[0;93m2026-09-28 11:51:03.314576 [W:onnxruntime:, graph.cc:4285 CleanUnusedInitializersAndNodeArgs] Removing initializer '/encoder/encoders/encoders.47/self_attn/Constant_2_output_0'. It is not used by any node and should be removed from the model.[m
[0;93m2026-09-28 11:51:03.314582 [W:onnxruntime:, graph.cc:4285 CleanUnusedInitializersAndNodeArgs] Removing initializer '/encoder/encoders/encoders.0/self_attn/Constant_1_output_0'. It is not used by any node and should be removed from the model.[m
[0;93m2026-09-28 11:51:03.314587 [W:onnxruntime:, graph.cc:4285 CleanUnusedInitializersAndNodeArgs] Removing initializer '/encoder/encoders/encoders.13/self_attn/Constant_2_output_0'. It is not used by any node and should be removed from the model.[m
[0;93m2026-09-28 11:51:03.314592 [W:onnxruntime:, graph.cc:4285 CleanUnusedInitializersAndNodeArgs] Removing initializer '/encoder/encoders/encoders.13/self_attn/Constant_1_output_0'. It is not used by any node and should be removed from the model.[m
[0;93m2026-09-28 11:51:03.314596 [W:onnxruntime:, graph.cc:4285 CleanUnusedInitializersAndNodeArgs] Removing initializer '/encoder/encoders/encoders.28/self_attn/Constant_10_output_0'. It is not used by any node and should be removed from the model.[m
[0;93m2026-09-28 11:51:03.314601 [W:onnxruntime:, graph.cc:4285 CleanUnusedInitializersAndNodeArgs] Removing initializer '/encoder/encoders/encoders.8/self_attn/Constant_14_output_0'. It is not used by any node and should be removed from the model.[m
[0;93m2026-09-28 11:51:03.314606 [W:onnxruntime:, graph.cc:4285 CleanUnusedInitializersAndNodeArgs] Removing initializer '/encoder/encoders/encoders.25/self_attn/Constant_10_output_0'. It is not used by any node and should be removed from the model.[m
[0;93m2026-09-28 11:51:03.314610 [W:onnxruntime:, graph.cc:4285 CleanUnusedInitializersAndNodeArgs] Removing initializer '/encoder/encoders/encoders.8/self_attn/Constant_10_output_0'. It is not used by any node and should be removed from the model.[m
[0;93m2026-09-28 11:51:03.314614 [W:onnxruntime:, graph.cc:4285 CleanUnusedInitializersAndNodeArgs] Removing initializer '/encoder/encoders/encoders.11/self_attn/Constant_9_output_0'. It is not used by any node and should be removed from the model.[m
[0;93m2026-09-28 11:51:03.314621 [W:onnxruntime:, graph.cc:4285 CleanUnusedInitializersAndNodeArgs] Removing initializer '/encoder/encoders/encoders.8/self_attn/Constant_9_output_0'. It is not used by any node and should be removed from the model.[m
[0;93m2026-09-28 11:51:03.314625 [W:onnxruntime:, graph.cc:4285 CleanUnusedInitializersAndNodeArgs] Removing initializer '/encoder/encoders/encoders.8/self_attn/Constant_6_output_0'. It is not used by any node and should be removed from the model.[m
[0;93m2026-09-28 11:51:03.314630 [W:onnxruntime:, graph.cc:4285 CleanUnusedInitializersAndNodeArgs] Removing initializer '/encoder/encoders/encoders.8/self_attn/Constant_5_output_0'. It is not used by any node and should be removed from the model.[m
[0;93m2026-09-28 11:51:03.314636 [W:onnxruntime:, graph.cc:4285 CleanUnusedInitializersAndNodeArgs] Removing initializer '/encoder/encoders/encoders.8/self_attn/Constant_2_output_0'. It is not used by any node and should be removed from the model.[m
[0;93m2026-09-28 11:51:03.314641 [W:onnxruntime:, graph.cc:4285 CleanUnusedInitializersAndNodeArgs] Removing initializer '/encoder/encoders/encoders.43/self_attn/Constant_15_output_0'. It is not used by any node and should be removed from the model.[m
[0;93m2026-09-28 11:51:03.314646 [W:onnxruntime:, graph.cc:4285 CleanUnusedInitializersAndNodeArgs] Removing initializer '/encoder/encoders/encoders.8/self_attn/Constant_1_output_0'. It is not used by any node and should be removed from the model.[m
[0;93m2026-09-28 11:51:03.314651 [W:onnxruntime:, graph.cc:4285 CleanUnusedInitializersAndNodeArgs] Removing initializer '/encoder/encoders/encoders.7/self_attn/Constant_15_output_0'. It is not used by any node and should be removed from the model.[m
[0;93m2026-09-28 11:51:03.314656 [W:onnxruntime:, graph.cc:4285 CleanUnusedInitializersAndNodeArgs] Removing initializer '/encoder/encoders/encoders.7/self_attn/Constant_14_output_0'. It is not used by any node and should be removed from the model.[m
[0;93m2026-09-28 11:51:03.314660 [W:onnxruntime:, graph.cc:4285 CleanUnusedInitializersAndNodeArgs] Removing initializer '/encoder/encoders/encoders.9/self_attn/Constant_10_output_0'. It is not used by any node and should be removed from the model.[m
[0;93m2026-09-28 11:51:03.314665 [W:onnxruntime:, graph.cc:4285 CleanUnusedInitializersAndNodeArgs] Removing initializer '/encoder/encoders/encoders.5/self_attn/Constant_2_output_0'. It is not used by any node and should be removed from the model.[m
[0;93m2026-09-28 11:51:03.314671 [W:onnxruntime:, graph.cc:4285 CleanUnusedInitializersAndNodeArgs] Removing initializer '/encoder/encoders/encoders.7/self_attn/Constant_10_output_0'. It is not used by any node and should be removed from the model.[m
[0;93m2026-09-28 11:51:03.314677 [W:onnxruntime:, graph.cc:4285 CleanUnusedInitializersAndNodeArgs] Removing initializer '/encoder/encoders/encoders.7/self_attn/Constant_9_output_0'. It is not used by any node and should be removed from the model.[m
[0;93m2026-09-28 11:51:03.314683 [W:onnxruntime:, graph.cc:4285 CleanUnusedInitializersAndNodeArgs] Removing initializer '/encoder/encoders/encoders.24/self_attn/Constant_2_output_0'. It is not used by any node and should be removed from the model.[m
[0;93m2026-09-28 11:51:03.314689 [W:onnxruntime:, graph.cc:4285 CleanUnusedInitializersAndNodeArgs] Removing initializer '/encoder/encoders/encoders.7/self_attn/Constant_2_output_0'. It is not used by any node and should be removed from the model.[m
[0;93m2026-09-28 11:51:03.314694 [W:onnxruntime:, graph.cc:4285 CleanUnusedInitializersAndNodeArgs] Removing initializer '/encoder/encoders/encoders.7/self_attn/Constant_1_output_0'. It is not used by any node and should be removed from the model.[m
[0;93m2026-09-28 11:51:03.314701 [W:onnxruntime:, graph.cc:4285 CleanUnusedInitializersAndNodeArgs] Removing initializer '/encoder/encoders/encoders.13/self_attn/Constant_15_output_0'. It is not used by any node and should be removed from the model.[m
[0;93m2026-09-28 11:51:03.314709 [W:onnxruntime:, graph.cc:4285 CleanUnusedInitializersAndNodeArgs] Removing initializer '/encoder/encoders/encoders.10/self_attn/Constant_1_output_0'. It is not used by any node and should be removed from the model.[m
[0;93m2026-09-28 11:51:03.314714 [W:onnxruntime:, graph.cc:4285 CleanUnusedInitializersAndNodeArgs] Removing initializer '/encoder/encoders/encoders.26/self_attn/Constant_6_output_0'. It is not used by any node and should be removed from the model.[m
[0;93m2026-09-28 11:51:03.314718 [W:onnxruntime:, graph.cc:4285 CleanUnusedInitializersAndNodeArgs] Removing initializer '/encoder/encoders/encoders.29/self_attn/Constant_10_output_0'. It is not used by any node and should be removed from the model.[m
[0;93m2026-09-28 11:51:03.314723 [W:onnxruntime:, graph.cc:4285 CleanUnusedInitializersAndNodeArgs] Removing initializer '/encoder/encoders/encoders.44/self_attn/Constant_14_output_0'. It is not used by any node and should be removed from the model.[m
[0;93m2026-09-28 11:51:03.314727 [W:onnxruntime:, graph.cc:4285 CleanUnusedInitializersAndNodeArgs] Removing initializer '/encoder/encoders/encoders.9/self_attn/Constant_5_output_0'. It is not used by any node and should be removed from the model.[m
[0;93m2026-09-28 11:51:03.314732 [W:onnxruntime:, graph.cc:4285 CleanUnusedInitializersAndNodeArgs] Removing initializer '/encoder/encoders/encoders.6/self_attn/Constant_9_output_0'. It is not used by any node and should be removed from the model.[m
[0;93m2026-09-28 11:51:03.314739 [W:onnxruntime:, graph.cc:4285 CleanUnusedInitializersAndNodeArgs] Removing initializer '/encoder/encoders/encoders.17/self_attn/Constant_5_output_0'. It is not used by any node and should be removed from the model.[m
[0;93m2026-09-28 11:51:03.314743 [W:onnxruntime:, graph.cc:4285 CleanUnusedInitializersAndNodeArgs] Removing initializer '/encoder/encoders/encoders.6/self_attn/Constant_6_output_0'. It is not used by any node and should be removed from the model.[m
[0;93m2026-09-28 11:51:03.314747 [W:onnxruntime:, graph.cc:4285 CleanUnusedInitializersAndNodeArgs] Removing initializer '/encoder/encoders/encoders.6/self_attn/Constant_5_output_0'. It is not used by any node and should be removed from the model.[m
[0;93m2026-09-28 11:51:03.314752 [W:onnxruntime:, graph.cc:4285 CleanUnusedInitializersAndNodeArgs] Removing initializer '/encoder/encoders/encoders.5/self_attn/Constant_15_output_0'. It is not used by any node and should be removed from the model.[m
[0;93m2026-09-28 11:51:03.314756 [W:onnxruntime:, graph.cc:4285 CleanUnusedInitializersAndNodeArgs] Removing initializer '/encoder/encoders/encoders.5/self_attn/Constant_14_output_0'. It is not used by any node and should be removed from the model.[m
[0;93m2026-09-28 11:51:03.314761 [W:onnxruntime:, graph.cc:4285 CleanUnusedInitializersAndNodeArgs] Removing initializer '/encoder/encoders/encoders.5/self_attn/Constant_10_output_0'. It is not used by any node and should be removed from the model.[m
[0;93m2026-09-28 11:51:03.314767 [W:onnxruntime:, graph.cc:4285 CleanUnusedInitializersAndNodeArgs] Removing initializer '/encoder/encoders/encoders.2/self_attn/Constant_2_output_0'. It is not used by any node and should be removed from the model.[m
[0;93m2026-09-28 11:51:03.314772 [W:onnxruntime:, graph.cc:4285 CleanUnusedInitializersAndNodeArgs] Removing initializer '/encoder/encoders/encoders.4/self_attn/Constant_15_output_0'. It is not used by any node and should be removed from the model.[m
[0;93m2026-09-28 11:51:03.314777 [W:onnxruntime:, graph.cc:4285 CleanUnusedInitializersAndNodeArgs] Removing initializer '/encoder/encoders/encoders.4/self_attn/Constant_14_output_0'. It is not used by any node and should be removed from the model.[m
[0;93m2026-09-28 11:51:03.314781 [W:onnxruntime:, graph.cc:4285 CleanUnusedInitializersAndNodeArgs] Removing initializer '/encoder/encoders/encoders.25/self_attn/Constant_14_output_0'. It is not used by any node and should be removed from the model.[m
[0;93m2026-09-28 11:51:03.314788 [W:onnxruntime:, graph.cc:4285 CleanUnusedInitializersAndNodeArgs] Removing initializer '/encoder/encoders/encoders.22/self_attn/Constant_6_output_0'. It is not used by any node and should be removed from the model.[m
[0;93m2026-09-28 11:51:03.314793 [W:onnxruntime:, graph.cc:4285 CleanUnusedInitializersAndNodeArgs] Removing initializer '/encoder/encoders/encoders.4/self_attn/Constant_10_output_0'. It is not used by any node and should be removed from the model.[m
[0;93m2026-09-28 11:51:03.314799 [W:onnxruntime:, graph.cc:4285 CleanUnusedInitializersAndNodeArgs] Removing initializer '/encoder/encoders/encoders.4/self_attn/Constant_9_output_0'. It is not used by any node and should be removed from the model.[m
[0;93m2026-09-28 11:51:03.314804 [W:onnxruntime:, graph.cc:4285 CleanUnusedInitializersAndNodeArgs] Removing initializer '/encoder/encoders/encoders.11/self_attn/Constant_10_output_0'. It is not used by any node and should be removed from the model.[m
[0;93m2026-09-28 11:51:03.314808 [W:onnxruntime:, graph.cc:4285 CleanUnusedInitializersAndNodeArgs] Removing initializer '/encoder/encoders/encoders.31/self_attn/Constant_6_output_0'. It is not used by any node and should be removed from the model.[m
[0;93m2026-09-28 11:51:03.314813 [W:onnxruntime:, graph.cc:4285 CleanUnusedInitializersAndNodeArgs] Removing initializer '/encoder/encoders/encoders.2/self_attn/Constant_14_output_0'. It is not used by any node and should be removed from the model.[m
[0;93m2026-09-28 11:51:03.314817 [W:onnxruntime:, graph.cc:4285 CleanUnusedInitializersAndNodeArgs] Removing initializer '/encoder/encoders/encoders.23/self_attn/Constant_9_output_0'. It is not used by any node and should be removed from the model.[m
[0;93m2026-09-28 11:51:03.314821 [W:onnxruntime:, graph.cc:4285 CleanUnusedInitializersAndNodeArgs] Removing initializer '/encoder/encoders/encoders.3/self_attn/Constant_10_output_0'. It is not used by any node and should be removed from the model.[m
[0;93m2026-09-28 11:51:03.314825 [W:onnxruntime:, graph.cc:4285 CleanUnusedInitializersAndNodeArgs] Removing initializer '/encoder/encoders/encoders.3/self_attn/Constant_15_output_0'. It is not used by any node and should be removed from the model.[m
[0;93m2026-09-28 11:51:03.314830 [W:onnxruntime:, graph.cc:4285 CleanUnusedInitializersAndNodeArgs] Removing initializer '/encoder/encoders/encoders.43/self_attn/Constant_2_output_0'. It is not used by any node and should be removed from the model.[m
[0;93m2026-09-28 11:51:03.314835 [W:onnxruntime:, graph.cc:4285 CleanUnusedInitializersAndNodeArgs] Removing initializer '/encoder/encoders/encoders.10/self_attn/Constant_6_output_0'. It is not used by any node and should be removed from the model.[m
[0;93m2026-09-28 11:51:03.314839 [W:onnxruntime:, graph.cc:4285 CleanUnusedInitializersAndNodeArgs] Removing initializer '/encoder/encoders/encoders.35/self_attn/Constant_6_output_0'. It is not used by any node and should be removed from the model.[m
[0;93m2026-09-28 11:51:03.314844 [W:onnxruntime:, graph.cc:4285 CleanUnusedInitializersAndNodeArgs] Removing initializer '/encoder/encoders/encoders.3/self_attn/Constant_9_output_0'. It is not used by any node and should be removed from the model.[m
[0;93m2026-09-28 11:51:03.314849 [W:onnxruntime:, graph.cc:4285 CleanUnusedInitializersAndNodeArgs] Removing initializer '/encoder/encoders/encoders.3/self_attn/Constant_5_output_0'. It is not used by any node and should be removed from the model.[m
[0;93m2026-09-28 11:51:03.314853 [W:onnxruntime:, graph.cc:4285 CleanUnusedInitializersAndNodeArgs] Removing initializer '/encoder/encoders/encoders.9/self_attn/Constant_6_output_0'. It is not used by any node and should be removed from the model.[m
[0;93m2026-09-28 11:51:03.314858 [W:onnxruntime:, graph.cc:4285 CleanUnusedInitializersAndNodeArgs] Removing initializer '/encoder/encoders/encoders.3/self_attn/Constant_2_output_0'. It is not used by any node and should be removed from the model.[m
[0;93m2026-09-28 11:51:03.314865 [W:onnxruntime:, graph.cc:4285 CleanUnusedInitializersAndNodeArgs] Removing initializer '/encoder/encoders/encoders.3/self_attn/Constant_1_output_0'. It is not used by any node and should be removed from the model.[m
[0;93m2026-09-28 11:51:03.314871 [W:onnxruntime:, graph.cc:4285 CleanUnusedInitializersAndNodeArgs] Removing initializer '/encoder/encoders/encoders.2/self_attn/Constant_10_output_0'. It is not used by any node and should be removed from the model.[m
[0;93m2026-09-28 11:51:03.314876 [W:onnxruntime:, graph.cc:4285 CleanUnusedInitializersAndNodeArgs] Removing initializer '/encoder/encoders/encoders.2/self_attn/Constant_6_output_0'. It is not used by any node and should be removed from the model.[m
[0;93m2026-09-28 11:51:03.314880 [W:onnxruntime:, graph.cc:4285 CleanUnusedInitializersAndNodeArgs] Removing initializer '/encoder/encoders/encoders.21/self_attn/Constant_15_output_0'. It is not used by any node and should be removed from the model.[m
[0;93m2026-09-28 11:51:03.314884 [W:onnxruntime:, graph.cc:4285 CleanUnusedInitializersAndNodeArgs] Removing initializer '/encoder/encoders/encoders.2/self_attn/Constant_1_output_0'. It is not used by any node and should be removed from the model.[m
[0;93m2026-09-28 11:51:03.314889 [W:onnxruntime:, graph.cc:4285 CleanUnusedInitializersAndNodeArgs] Removing initializer '/encoder/encoders/encoders.32/self_attn/Constant_6_output_0'. It is not used by any node and should be removed from the model.[m
[0;93m2026-09-28 11:51:03.314893 [W:onnxruntime:, graph.cc:4285 CleanUnusedInitializersAndNodeArgs] Removing initializer '/encoder/encoders/encoders.3/self_attn/Constant_14_output_0'. It is not used by any node and should be removed from the model.[m
[0;93m2026-09-28 11:51:03.314899 [W:onnxruntime:, graph.cc:4285 CleanUnusedInitializersAndNodeArgs] Removing initializer '/encoder/encoders/encoders.6/self_attn/Constant_15_output_0'. It is not used by any node and should be removed from the model.[m
[0;93m2026-09-28 11:51:03.314903 [W:onnxruntime:, graph.cc:4285 CleanUnusedInitializersAndNodeArgs] Removing initializer '/encoder/encoders/encoders.19/self_attn/Constant_6_output_0'. It is not used by any node and should be removed from the model.[m
[0;93m2026-09-28 11:51:03.314907 [W:onnxruntime:, graph.cc:4285 CleanUnusedInitializersAndNodeArgs] Removing initializer '/encoder/encoders/encoders.1/self_attn/Constant_9_output_0'. It is not used by any node and should be removed from the model.[m
[0;93m2026-09-28 11:51:03.314911 [W:onnxruntime:, graph.cc:4285 CleanUnusedInitializersAndNodeArgs] Removing initializer '/encoder/encoders/encoders.12/self_attn/Constant_2_output_0'. It is not used by any node and should be removed from the model.[m
[0;93m2026-09-28 11:51:03.314916 [W:onnxruntime:, graph.cc:4285 CleanUnusedInitializersAndNodeArgs] Removing initializer '/encoder/encoders/encoders.19/self_attn/Constant_9_output_0'. It is not used by any node and should be removed from the model.[m
[0;93m2026-09-28 11:51:03.314920 [W:onnxruntime:, graph.cc:4285 CleanUnusedInitializersAndNodeArgs] Removing initializer '/encoder/encoders/encoders.15/self_attn/Constant_10_output_0'. It is not used by any node and should be removed from the model.[m
[0;93m2026-09-28 11:51:03.314925 [W:onnxruntime:, graph.cc:4285 CleanUnusedInitializersAndNodeArgs] Removing initializer '/encoder/encoders/encoders.41/self_attn/Constant_9_output_0'. It is not used by any node and should be removed from the model.[m
[0;93m2026-09-28 11:51:03.314932 [W:onnxruntime:, graph.cc:4285 CleanUnusedInitializersAndNodeArgs] Removing initializer '/encoder/encoders/encoders.0/self_attn/Constant_9_output_0'. It is not used by any node and should be removed from the model.[m
[0;93m2026-09-28 11:51:03.314937 [W:onnxruntime:, graph.cc:4285 CleanUnusedInitializersAndNodeArgs] Removing initializer '/encoder/encoders/encoders.12/self_attn/Constant_15_output_0'. It is not used by any node and should be removed from the model.[m
[0;93m2026-09-28 11:51:03.314941 [W:onnxruntime:, graph.cc:4285 CleanUnusedInitializersAndNodeArgs] Removing initializer '/encoder/encoders/encoders.34/self_attn/Constant_9_output_0'. It is not used by any node and should be removed from the model.[m
[0;93m2026-09-28 11:51:03.314947 [W:onnxruntime:, graph.cc:4285 CleanUnusedInitializersAndNodeArgs] Removing initializer '/encoder/encoders/encoders.4/self_attn/Constant_2_output_0'. It is not used by any node and should be removed from the model.[m
[0;93m2026-09-28 11:51:03.314952 [W:onnxruntime:, graph.cc:4285 CleanUnusedInitializersAndNodeArgs] Removing initializer '/encoder/encoders/encoders.45/self_attn/Constant_15_output_0'. It is not used by any node and should be removed from the model.[m
[0;93m2026-09-28 11:51:03.314956 [W:onnxruntime:, graph.cc:4285 CleanUnusedInitializersAndNodeArgs] Removing initializer '/encoder/encoders/encoders.0/self_attn/Constant_5_output_0'. It is not used by any node and should be removed from the model.[m
[0;93m2026-09-28 11:51:03.314961 [W:onnxruntime:, graph.cc:4285 CleanUnusedInitializersAndNodeArgs] Removing initializer '/encoder/encoders/encoders.14/self_attn/Constant_9_output_0'. It is not used by any node and should be removed from the model.[m
[0;93m2026-09-28 11:51:03.314966 [W:onnxruntime:, graph.cc:4285 CleanUnusedInitializersAndNodeArgs] Removing initializer '/encoder/encoders/encoders.14/self_attn/Constant_1_output_0'. It is not used by any node and should be removed from the model.[m
[0;93m2026-09-28 11:51:03.314970 [W:onnxruntime:, graph.cc:4285 CleanUnusedInitializersAndNodeArgs] Removing initializer '/encoder/make_pad_mask/Constant_1_output_0'. It is not used by any node and should be removed from the model.[m
[0;93m2026-09-28 11:51:03.314975 [W:onnxruntime:, graph.cc:4285 CleanUnusedInitializersAndNodeArgs] Removing initializer '/encoder/make_pad_mask/Constant_output_0'. It is not used by any node and should be removed from the model.[m
[0;93m2026-09-28 11:51:03.314982 [W:onnxruntime:, graph.cc:4285 CleanUnusedInitializersAndNodeArgs] Removing initializer '/encoder/encoders/encoders.35/self_attn/Constant_9_output_0'. It is not used by any node and should be removed from the model.[m
[0;93m2026-09-28 11:51:03.314990 [W:onnxruntime:, graph.cc:4285 CleanUnusedInitializersAndNodeArgs] Removing initializer '/encoder/encoders/encoders.28/self_attn/Constant_15_output_0'. It is not used by any node and should be removed from the model.[m
[0;93m2026-09-28 11:51:03.314997 [W:onnxruntime:, graph.cc:4285 CleanUnusedInitializersAndNodeArgs] Removing initializer '/encoder/encoders/encoders.44/self_attn/Constant_1_output_0'. It is not used by any node and should be removed from the model.[m
[0;93m2026-09-28 11:51:03.315004 [W:onnxruntime:, graph.cc:4285 CleanUnusedInitializersAndNodeArgs] Removing initializer '/encoder/encoders/encoders.39/self_attn/Constant_10_output_0'. It is not used by any node and should be removed from the model.[m
[0;93m2026-09-28 11:51:03.315012 [W:onnxruntime:, graph.cc:4285 CleanUnusedInitializersAndNodeArgs] Removing initializer '/encoder/encoders/encoders.26/self_attn/Constant_2_output_0'. It is not used by any node and should be removed from the model.[m
[0;93m2026-09-28 11:51:03.315020 [W:onnxruntime:, graph.cc:4285 CleanUnusedInitializersAndNodeArgs] Removing initializer '/encoder/encoders/encoders.11/self_attn/Constant_1_output_0'. It is not used by any node and should be removed from the model.[m
[0;93m2026-09-28 11:51:03.315025 [W:onnxruntime:, graph.cc:4285 CleanUnusedInitializersAndNodeArgs] Removing initializer '/encoder/encoders/encoders.22/self_attn/Constant_5_output_0'. It is not used by any node and should be removed from the model.[m
[0;93m2026-09-28 11:51:03.315030 [W:onnxruntime:, graph.cc:4285 CleanUnusedInitializersAndNodeArgs] Removing initializer '/encoder/encoders/encoders.28/self_attn/Constant_1_output_0'. It is not used by any node and should be removed from the model.[m
[0;93m2026-09-28 11:51:03.315036 [W:onnxruntime:, graph.cc:4285 CleanUnusedInitializersAndNodeArgs] Removing initializer '/encoder/encoders/encoders.26/self_attn/Constant_5_output_0'. It is not used by any node and should be removed from the model.[m
[0;93m2026-09-28 11:51:03.315042 [W:onnxruntime:, graph.cc:4285 CleanUnusedInitializersAndNodeArgs] Removing initializer '/encoder/encoders/encoders.0/self_attn/Constant_6_output_0'. It is not used by any node and should be removed from the model.[m
[0;93m2026-09-28 11:51:03.315068 [W:onnxruntime:, graph.cc:4285 CleanUnusedInitializersAndNodeArgs] Removing initializer '/encoder/encoders/encoders.48/self_attn/Constant_10_output_0'. It is not used by any node and should be removed from the model.[m
[0;93m2026-09-28 11:51:03.315081 [W:onnxruntime:, graph.cc:4285 CleanUnusedInitializersAndNodeArgs] Removing initializer '/encoder/encoders/encoders.37/self_attn/Constant_15_output_0'. It is not used by any node and should be removed from the model.[m
[0;93m2026-09-28 11:51:03.315088 [W:onnxruntime:, graph.cc:4285 CleanUnusedInitializersAndNodeArgs] Removing initializer '/encoder/encoders/encoders.29/self_attn/Constant_5_output_0'. It is not used by any node and should be removed from the model.[m
[0;93m2026-09-28 11:51:03.315095 [W:onnxruntime:, graph.cc:4285 CleanUnusedInitializersAndNodeArgs] Removing initializer '/encoder/encoders/encoders.22/self_attn/Constant_2_output_0'. It is not used by any node and should be removed from the model.[m
[0;93m2026-09-28 11:51:03.315102 [W:onnxruntime:, graph.cc:4285 CleanUnusedInitializersAndNodeArgs] Removing initializer '/encoder/encoders/encoders.1/self_attn/Constant_1_output_0'. It is not used by any node and should be removed from the model.[m
[0;93m2026-09-28 11:51:03.315107 [W:onnxruntime:, graph.cc:4285 CleanUnusedInitializersAndNodeArgs] Removing initializer '/encoder/encoders/encoders.0/self_attn/Constant_14_output_0'. It is not used by any node and should be removed from the model.[m
[0;93m2026-09-28 11:51:03.315113 [W:onnxruntime:, graph.cc:4285 CleanUnusedInitializersAndNodeArgs] Removing initializer '/encoder/encoders/encoders.14/self_attn/Constant_15_output_0'. It is not used by any node and should be removed from the model.[m
[0;93m2026-09-28 11:51:03.315118 [W:onnxruntime:, graph.cc:4285 CleanUnusedInitializersAndNodeArgs] Removing initializer '/encoder/encoders/encoders.11/self_attn/Constant_6_output_0'. It is not used by any node and should be removed from the model.[m
[0;93m2026-09-28 11:51:03.315124 [W:onnxruntime:, graph.cc:4285 CleanUnusedInitializersAndNodeArgs] Removing initializer '/encoder/encoders/encoders.2/self_attn/Constant_5_output_0'. It is not used by any node and should be removed from the model.[m
[0;93m2026-09-28 11:51:03.315130 [W:onnxruntime:, graph.cc:4285 CleanUnusedInitializersAndNodeArgs] Removing initializer '/encoder/encoders/encoders.30/self_attn/Constant_14_output_0'. It is not used by any node and should be removed from the model.[m
[0;93m2026-09-28 11:51:03.315136 [W:onnxruntime:, graph.cc:4285 CleanUnusedInitializersAndNodeArgs] Removing initializer '/encoder/encoders/encoders.42/self_attn/Constant_10_output_0'. It is not used by any node and should be removed from the model.[m
[0;93m2026-09-28 11:51:03.315141 [W:onnxruntime:, graph.cc:4285 CleanUnusedInitializersAndNodeArgs] Removing initializer '/encoder/encoders/encoders.33/self_attn/Constant_6_output_0'. It is not used by any node and should be removed from the model.[m
[0;93m2026-09-28 11:51:03.315147 [W:onnxruntime:, graph.cc:4285 CleanUnusedInitializersAndNodeArgs] Removing initializer '/encoder/encoders/encoders.37/self_attn/Constant_1_output_0'. It is not used by any node and should be removed from the model.[m
[0;93m2026-09-28 11:51:03.315152 [W:onnxruntime:, graph.cc:4285 CleanUnusedInitializersAndNodeArgs] Removing initializer '/encoder/encoders/encoders.2/self_attn/Constant_9_output_0'. It is not used by any node and should be removed from the model.[m
[0;93m2026-09-28 11:51:03.315156 [W:onnxruntime:, graph.cc:4285 CleanUnusedInitializersAndNodeArgs] Removing initializer '/encoder/encoders/encoders.24/self_attn/Constant_9_output_0'. It is not used by any node and should be removed from the model.[m
[0;93m2026-09-28 11:51:03.315161 [W:onnxruntime:, graph.cc:4285 CleanUnusedInitializersAndNodeArgs] Removing initializer '/encoder/encoders/encoders.1/self_attn/Constant_5_output_0'. It is not used by any node and should be removed from the model.[m
[0;93m2026-09-28 11:51:03.315167 [W:onnxruntime:, graph.cc:4285 CleanUnusedInitializersAndNodeArgs] Removing initializer '/encoder/encoders/encoders.45/self_attn/Constant_1_output_0'. It is not used by any node and should be removed from the model.[m
[0;93m2026-09-28 11:51:03.315171 [W:onnxruntime:, graph.cc:4285 CleanUnusedInitializersAndNodeArgs] Removing initializer '/encoder/encoders/encoders.46/self_attn/Constant_15_output_0'. It is not used by any node and should be removed from the model.[m
[0;93m2026-09-28 11:51:03.315178 [W:onnxruntime:, graph.cc:4285 CleanUnusedInitializersAndNodeArgs] Removing initializer '/encoder/encoders/encoders.0/self_attn/Constant_10_output_0'. It is not used by any node and should be removed from the model.[m
[0;93m2026-09-28 11:51:03.315193 [W:onnxruntime:, graph.cc:4285 CleanUnusedInitializersAndNodeArgs] Removing initializer '/encoder/encoders/encoders.33/self_attn/Constant_15_output_0'. It is not used by any node and should be removed from the model.[m
[0;93m2026-09-28 11:51:03.315204 [W:onnxruntime:, graph.cc:4285 CleanUnusedInitializersAndNodeArgs] Removing initializer '/encoder/encoders/encoders.9/self_attn/Constant_15_output_0'. It is not used by any node and should be removed from the model.[m
[0;93m2026-09-28 11:51:03.315210 [W:onnxruntime:, graph.cc:4285 CleanUnusedInitializersAndNodeArgs] Removing initializer '/encoder/encoders/encoders.19/self_attn/Constant_10_output_0'. It is not used by any node and should be removed from the model.[m
[0;93m2026-09-28 11:51:03.315215 [W:onnxruntime:, graph.cc:4285 CleanUnusedInitializersAndNodeArgs] Removing initializer '/encoder/encoders/encoders.38/self_attn/Constant_15_output_0'. It is not used by any node and should be removed from the model.[m
[0;93m2026-09-28 11:51:03.315220 [W:onnxruntime:, graph.cc:4285 CleanUnusedInitializersAndNodeArgs] Removing initializer '/encoder/encoders/encoders.14/self_attn/Constant_10_output_0'. It is not used by any node and should be removed from the model.[m
[0;93m2026-09-28 11:51:03.315225 [W:onnxruntime:, graph.cc:4285 CleanUnusedInitializersAndNodeArgs] Removing initializer '/encoder/encoders/encoders.0/self_attn/Constant_15_output_0'. It is not used by any node and should be removed from the model.[m
[0;93m2026-09-28 11:51:03.315230 [W:onnxruntime:, graph.cc:4285 CleanUnusedInitializersAndNodeArgs] Removing initializer '/encoder/encoders/encoders.40/self_attn/Constant_6_output_0'. It is not used by any node and should be removed from the model.[m
[0;93m2026-09-28 11:51:03.315236 [W:onnxruntime:, graph.cc:4285 CleanUnusedInitializersAndNodeArgs] Removing initializer '/encoder/encoders/encoders.10/self_attn/Constant_15_output_0'. It is not used by any node and should be removed from the model.[m
[0;93m2026-09-28 11:51:03.315241 [W:onnxruntime:, graph.cc:4285 CleanUnusedInitializersAndNodeArgs] Removing initializer '/encoder/encoders/encoders.33/self_attn/Constant_2_output_0'. It is not used by any node and should be removed from the model.[m
[0;93m2026-09-28 11:51:03.315248 [W:onnxruntime:, graph.cc:4285 CleanUnusedInitializersAndNodeArgs] Removing initializer '/encoder/encoders/encoders.30/self_attn/Constant_5_output_0'. It is not used by any node and should be removed from the model.[m
[0;93m2026-09-28 11:51:03.315256 [W:onnxruntime:, graph.cc:4285 CleanUnusedInitializersAndNodeArgs] Removing initializer '/encoder/encoders/encoders.24/self_attn/Constant_14_output_0'. It is not used by any node and should be removed from the model.[m
[0;93m2026-09-28 11:51:03.315263 [W:onnxruntime:, graph.cc:4285 CleanUnusedInitializersAndNodeArgs] Removing initializer '/encoder/encoders/encoders.43/self_attn/Constant_9_output_0'. It is not used by any node and should be removed from the model.[m
[0;93m2026-09-28 11:51:03.315272 [W:onnxruntime:, graph.cc:4285 CleanUnusedInitializersAndNodeArgs] Removing initializer '/encoder/encoders/encoders.4/self_attn/Constant_1_output_0'. It is not used by any node and should be removed from the model.[m
[0;93m2026-09-28 11:51:03.315280 [W:onnxruntime:, graph.cc:4285 CleanUnusedInitializersAndNodeArgs] Removing initializer '/encoder/encoders/encoders.45/self_attn/Constant_10_output_0'. It is not used by any node and should be removed from the model.[m
[0;93m2026-09-28 11:51:03.315288 [W:onnxruntime:, graph.cc:4285 CleanUnusedInitializersAndNodeArgs] Removing initializer '/encoder/encoders/encoders.5/self_attn/Constant_9_output_0'. It is not used by any node and should be removed from the model.[m
[0;93m2026-09-28 11:51:03.315295 [W:onnxruntime:, graph.cc:4285 CleanUnusedInitializersAndNodeArgs] Removing initializer '/encoder/encoders/encoders.0/self_attn/Constant_2_output_0'. It is not used by any node and should be removed from the model.[m
[0;93m2026-09-28 11:51:03.315299 [W:onnxruntime:, graph.cc:4285 CleanUnusedInitializersAndNodeArgs] Removing initializer '/encoder/encoders/encoders.5/self_attn/Constant_1_output_0'. It is not used by any node and should be removed from the model.[m
[0;93m2026-09-28 11:51:03.315304 [W:onnxruntime:, graph.cc:4285 CleanUnusedInitializersAndNodeArgs] Removing initializer '/encoder/encoders/encoders.34/self_attn/Constant_1_output_0'. It is not used by any node and should be removed from the model.[m
[0;93m2026-09-28 11:51:03.315309 [W:onnxruntime:, graph.cc:4285 CleanUnusedInitializersAndNodeArgs] Removing initializer '/encoder/encoders/encoders.41/self_attn/Constant_14_output_0'. It is not used by any node and should be removed from the model.[m
[0;93m2026-09-28 11:51:03.315313 [W:onnxruntime:, graph.cc:4285 CleanUnusedInitializersAndNodeArgs] Removing initializer '/encoder/encoders/encoders.42/self_attn/Constant_6_output_0'. It is not used by any node and should be removed from the model.[m
[0;93m2026-09-28 11:51:03.315318 [W:onnxruntime:, graph.cc:4285 CleanUnusedInitializersAndNodeArgs] Removing initializer '/encoder/encoders/encoders.30/self_attn/Constant_6_output_0'. It is not used by any node and should be removed from the model.[m
[0;93m2026-09-28 11:51:03.315322 [W:onnxruntime:, graph.cc:4285 CleanUnusedInitializersAndNodeArgs] Removing initializer '/encoder/encoders/encoders.27/self_attn/Constant_10_output_0'. It is not used by any node and should be removed from the model.[m
[0;93m2026-09-28 11:51:03.315329 [W:onnxruntime:, graph.cc:4285 CleanUnusedInitializersAndNodeArgs] Removing initializer '/encoder/encoders/encoders.38/self_attn/Constant_6_output_0'. It is not used by any node and should be removed from the model.[m
[0;93m2026-09-28 11:51:03.315334 [W:onnxruntime:, graph.cc:4285 CleanUnusedInitializersAndNodeArgs] Removing initializer '/encoder/encoders/encoders.44/self_attn/Constant_10_output_0'. It is not used by any node and should be removed from the model.[m
[0;93m2026-09-28 11:51:03.315339 [W:onnxruntime:, graph.cc:4285 CleanUnusedInitializersAndNodeArgs] Removing initializer '/encoder/encoders/encoders.33/self_attn/Constant_1_output_0'. It is not used by any node and should be removed from the model.[m
[0;93m2026-09-28 11:51:03.315344 [W:onnxruntime:, graph.cc:4285 CleanUnusedInitializersAndNodeArgs] Removing initializer '/encoder/encoders/encoders.10/self_attn/Constant_10_output_0'. It is not used by any node and should be removed from the model.[m
[0;93m2026-09-28 11:51:03.315350 [W:onnxruntime:, graph.cc:4285 CleanUnusedInitializersAndNodeArgs] Removing initializer '/encoder/encoders/encoders.29/self_attn/Constant_14_output_0'. It is not used by any node and should be removed from the model.[m
[0;93m2026-09-28 11:51:03.315358 [W:onnxruntime:, graph.cc:4285 CleanUnusedInitializersAndNodeArgs] Removing initializer '/encoder/encoders/encoders.35/self_attn/Constant_10_output_0'. It is not used by any node and should be removed from the model.[m
[0;93m2026-09-28 11:51:03.315364 [W:onnxruntime:, graph.cc:4285 CleanUnusedInitializersAndNodeArgs] Removing initializer '/encoder/encoders/encoders.10/self_attn/Constant_2_output_0'. It is not used by any node and should be removed from the model.[m
[0;93m2026-09-28 11:51:03.315369 [W:onnxruntime:, graph.cc:4285 CleanUnusedInitializersAndNodeArgs] Removing initializer '/encoder/encoders/encoders.6/self_attn/Constant_2_output_0'. It is not used by any node and should be removed from the model.[m
[0;93m2026-09-28 11:51:03.315375 [W:onnxruntime:, graph.cc:4285 CleanUnusedInitializersAndNodeArgs] Removing initializer '/encoder/encoders/encoders.9/self_attn/Constant_2_output_0'. It is not used by any node and should be removed from the model.[m
[0;93m2026-09-28 11:51:03.315379 [W:onnxruntime:, graph.cc:4285 CleanUnusedInitializersAndNodeArgs] Removing initializer '/encoder/encoders/encoders.1/self_attn/Constant_2_output_0'. It is not used by any node and should be removed from the model.[m
[0;93m2026-09-28 11:51:03.315385 [W:onnxruntime:, graph.cc:4285 CleanUnusedInitializersAndNodeArgs] Removing initializer '/encoder/encoders/encoders.18/self_attn/Constant_9_output_0'. It is not used by any node and should be removed from the model.[m
[0;93m2026-09-28 11:51:03.315392 [W:onnxruntime:, graph.cc:4285 CleanUnusedInitializersAndNodeArgs] Removing initializer '/encoder/encoders/encoders.7/self_attn/Constant_6_output_0'. It is not used by any node and should be removed from the model.[m
[0;93m2026-09-28 11:51:03.315398 [W:onnxruntime:, graph.cc:4285 CleanUnusedInitializersAndNodeArgs] Removing initializer '/encoder/encoders/encoders.32/self_attn/Constant_9_output_0'. It is not used by any node and should be removed from the model.[m
[0;93m2026-09-28 11:51:03.315402 [W:onnxruntime:, graph.cc:4285 CleanUnusedInitializersAndNodeArgs] Removing initializer '/encoder/encoders/encoders.41/self_attn/Constant_2_output_0'. It is not used by any node and should be removed from the model.[m
[0;93m2026-09-28 11:51:03.315408 [W:onnxruntime:, graph.cc:4285 CleanUnusedInitializersAndNodeArgs] Removing initializer '/encoder/encoders/encoders.33/self_attn/Constant_14_output_0'. It is not used by any node and should be removed from the model.[m
[0;93m2026-09-28 11:51:03.315413 [W:onnxruntime:, graph.cc:4285 CleanUnusedInitializersAndNodeArgs] Removing initializer '/encoder/encoders/encoders.28/self_attn/Constant_2_output_0'. It is not used by any node and should be removed from the model.[m
[0;93m2026-09-28 11:51:03.315417 [W:onnxruntime:, graph.cc:4285 CleanUnusedInitializersAndNodeArgs] Removing initializer '/encoder/encoders/encoders.17/self_attn/Constant_6_output_0'. It is not used by any node and should be removed from the model.[m
[0;93m2026-09-28 11:51:03.315422 [W:onnxruntime:, graph.cc:4285 CleanUnusedInitializersAndNodeArgs] Removing initializer '/encoder/encoders/encoders.23/self_attn/Constant_2_output_0'. It is not used by any node and should be removed from the model.[m
[0;93m2026-09-28 11:51:03.315427 [W:onnxruntime:, graph.cc:4285 CleanUnusedInitializersAndNodeArgs] Removing initializer '/encoder/encoders/encoders.15/self_attn/Constant_2_output_0'. It is not used by any node and should be removed from the model.[m
[0;93m2026-09-28 11:51:03.315434 [W:onnxruntime:, graph.cc:4285 CleanUnusedInitializersAndNodeArgs] Removing initializer '/encoder/encoders/encoders.15/self_attn/Constant_6_output_0'. It is not used by any node and should be removed from the model.[m
[0;93m2026-09-28 11:51:03.315438 [W:onnxruntime:, graph.cc:4285 CleanUnusedInitializersAndNodeArgs] Removing initializer '/encoder/encoders/encoders.1/self_attn/Constant_15_output_0'. It is not used by any node and should be removed from the model.[m
[0;93m2026-09-28 11:51:03.315442 [W:onnxruntime:, graph.cc:4285 CleanUnusedInitializersAndNodeArgs] Removing initializer '/encoder/encoders/encoders.1/self_attn/Constant_14_output_0'. It is not used by any node and should be removed from the model.[m
[0;93m2026-09-28 11:51:03.315449 [W:onnxruntime:, graph.cc:4285 CleanUnusedInitializersAndNodeArgs] Removing initializer '/encoder/encoders/encoders.8/self_attn/Constant_15_output_0'. It is not used by any node and should be removed from the model.[m
[0;93m2026-09-28 11:51:03.315453 [W:onnxruntime:, graph.cc:4285 CleanUnusedInitializersAndNodeArgs] Removing initializer '/encoder/encoders/encoders.16/self_attn/Constant_15_output_0'. It is not used by any node and should be removed from the model.[m
[0;93m2026-09-28 11:51:03.315458 [W:onnxruntime:, graph.cc:4285 CleanUnusedInitializersAndNodeArgs] Removing initializer '/encoder/encoders/encoders.40/self_attn/Constant_15_output_0'. It is not used by any node and should be removed from the model.[m
[0;93m2026-09-28 11:51:03.315463 [W:onnxruntime:, graph.cc:4285 CleanUnusedInitializersAndNodeArgs] Removing initializer '/encoder/encoders/encoders.24/self_attn/Constant_1_output_0'. It is not used by any node and should be removed from the model.[m
[0;93m2026-09-28 11:51:03.315469 [W:onnxruntime:, graph.cc:4285 CleanUnusedInitializersAndNodeArgs] Removing initializer '/encoder/encoders/encoders.33/self_attn/Constant_9_output_0'. It is not used by any node and should be removed from the model.[m
[0;93m2026-09-28 11:51:03.315476 [W:onnxruntime:, graph.cc:4285 CleanUnusedInitializersAndNodeArgs] Removing initializer '/encoder/encoders/encoders.27/self_attn/Constant_1_output_0'. It is not used by any node and should be removed from the model.[m
[0;93m2026-09-28 11:51:03.315481 [W:onnxruntime:, graph.cc:4285 CleanUnusedInitializersAndNodeArgs] Removing initializer '/encoder/encoders/encoders.12/self_attn/Constant_14_output_0'. It is not used by any node and should be removed from the model.[m
[0;93m2026-09-28 11:51:03.315488 [W:onnxruntime:, graph.cc:4285 CleanUnusedInitializersAndNodeArgs] Removing initializer '/encoder/encoders/encoders.39/self_attn/Constant_9_output_0'. It is not used by any node and should be removed from the model.[m
[0;93m2026-09-28 11:51:03.315494 [W:onnxruntime:, graph.cc:4285 CleanUnusedInitializersAndNodeArgs] Removing initializer '/encoder/encoders/encoders.47/self_attn/Constant_5_output_0'. It is not used by any node and should be removed from the model.[m
[0;93m2026-09-28 11:51:03.315501 [W:onnxruntime:, graph.cc:4285 CleanUnusedInitializersAndNodeArgs] Removing initializer '/encoder/encoders/encoders.39/self_attn/Constant_5_output_0'. It is not used by any node and should be removed from the model.[m
[0;93m2026-09-28 11:51:03.315507 [W:onnxruntime:, graph.cc:4285 CleanUnusedInitializersAndNodeArgs] Removing initializer '/encoder/encoders/encoders.19/self_attn/Constant_1_output_0'. It is not used by any node and should be removed from the model.[m
[0;93m2026-09-28 11:51:03.315516 [W:onnxruntime:, graph.cc:4285 CleanUnusedInitializersAndNodeArgs] Removing initializer '/encoder/encoders/encoders.25/self_attn/Constant_6_output_0'. It is not used by any node and should be removed from the model.[m
[0;93m2026-09-28 11:51:03.315521 [W:onnxruntime:, graph.cc:4285 CleanUnusedInitializersAndNodeArgs] Removing initializer '/encoder/encoders/encoders.4/self_attn/Constant_5_output_0'. It is not used by any node and should be removed from the model.[m
[0;93m2026-09-28 11:51:03.315527 [W:onnxruntime:, graph.cc:4285 CleanUnusedInitializersAndNodeArgs] Removing initializer '/encoder/encoders/encoders.43/self_attn/Constant_6_output_0'. It is not used by any node and should be removed from the model.[m
[0;93m2026-09-28 11:51:03.315533 [W:onnxruntime:, graph.cc:4285 CleanUnusedInitializersAndNodeArgs] Removing initializer '/encoder/encoders/encoders.22/self_attn/Constant_15_output_0'. It is not used by any node and should be removed from the model.[m
[0;93m2026-09-28 11:51:03.315540 [W:onnxruntime:, graph.cc:4285 CleanUnusedInitializersAndNodeArgs] Removing initializer '/encoder/encoders/encoders.11/self_attn/Constant_5_output_0'. It is not used by any node and should be removed from the model.[m
[0;93m2026-09-28 11:51:03.315544 [W:onnxruntime:, graph.cc:4285 CleanUnusedInitializersAndNodeArgs] Removing initializer '/encoder/encoders/encoders.6/self_attn/Constant_10_output_0'. It is not used by any node and should be removed from the model.[m
[0;93m2026-09-28 11:51:03.315549 [W:onnxruntime:, graph.cc:4285 CleanUnusedInitializersAndNodeArgs] Removing initializer '/encoder/encoders/encoders.15/self_attn/Constant_14_output_0'. It is not used by any node and should be removed from the model.[m
[0;93m2026-09-28 11:51:03.315554 [W:onnxruntime:, graph.cc:4285 CleanUnusedInitializersAndNodeArgs] Removing initializer '/encoder/encoders/encoders.16/self_attn/Constant_14_output_0'. It is not used by any node and should be removed from the model.[m
[0;93m2026-09-28 11:51:03.315558 [W:onnxruntime:, graph.cc:4285 CleanUnusedInitializersAndNodeArgs] Removing initializer '/encoder/encoders/encoders.12/self_attn/Constant_6_output_0'. It is not used by any node and should be removed from the model.[m
[0;93m2026-09-28 11:51:03.315563 [W:onnxruntime:, graph.cc:4285 CleanUnusedInitializersAndNodeArgs] Removing initializer '/encoder/encoders/encoders.42/self_attn/Constant_5_output_0'. It is not used by any node and should be removed from the model.[m
[0;93m2026-09-28 11:51:03.315571 [W:onnxruntime:, graph.cc:4285 CleanUnusedInitializersAndNodeArgs] Removing initializer '/encoder/encoders/encoders.4/self_attn/Constant_6_output_0'. It is not used by any node and should be removed from the model.[m
[0;93m2026-09-28 11:51:03.315576 [W:onnxruntime:, graph.cc:4285 CleanUnusedInitializersAndNodeArgs] Removing initializer '/encoder/encoders/encoders.7/self_attn/Constant_5_output_0'. It is not used by any node and should be removed from the model.[m
[0;93m2026-09-28 11:51:03.315580 [W:onnxruntime:, graph.cc:4285 CleanUnusedInitializersAndNodeArgs] Removing initializer '/encoder/encoders/encoders.47/self_attn/Constant_6_output_0'. It is not used by any node and should be removed from the model.[m
[0;93m2026-09-28 11:51:03.315586 [W:onnxruntime:, graph.cc:4285 CleanUnusedInitializersAndNodeArgs] Removing initializer '/encoder/encoders/encoders.46/self_attn/Constant_1_output_0'. It is not used by any node and should be removed from the model.[m
[0;93m2026-09-28 11:51:03.315591 [W:onnxruntime:, graph.cc:4285 CleanUnusedInitializersAndNodeArgs] Removing initializer '/encoder/encoders/encoders.9/self_attn/Constant_9_output_0'. It is not used by any node and should be removed from the model.[m
[0;93m2026-09-28 11:51:03.315596 [W:onnxruntime:, graph.cc:4285 CleanUnusedInitializersAndNodeArgs] Removing initializer '/encoder/encoders/encoders.6/self_attn/Constant_1_output_0'. It is not used by any node and should be removed from the model.[m
[0;93m2026-09-28 11:51:03.315602 [W:onnxruntime:, graph.cc:4285 CleanUnusedInitializersAndNodeArgs] Removing initializer '/encoder/encoders/encoders.9/self_attn/Constant_1_output_0'. It is not used by any node and should be removed from the model.[m
[0;93m2026-09-28 11:51:03.315608 [W:onnxruntime:, graph.cc:4285 CleanUnusedInitializersAndNodeArgs] Removing initializer '/encoder/encoders/encoders.5/self_attn/Constant_6_output_0'. It is not used by any node and should be removed from the model.[m
[0;93m2026-09-28 11:51:03.315613 [W:onnxruntime:, graph.cc:4285 CleanUnusedInitializersAndNodeArgs] Removing initializer '/encoder/encoders/encoders.5/self_attn/Constant_5_output_0'. It is not used by any node and should be removed from the model.[m
[0;93m2026-09-28 11:51:03.315618 [W:onnxruntime:, graph.cc:4285 CleanUnusedInitializersAndNodeArgs] Removing initializer '/encoder/encoders/encoders.17/self_attn/Constant_9_output_0'. It is not used by any node and should be removed from the model.[m
[0;93m2026-09-28 11:51:03.315624 [W:onnxruntime:, graph.cc:4285 CleanUnusedInitializersAndNodeArgs] Removing initializer '/encoder/encoders/encoders.44/self_attn/Constant_6_output_0'. It is not used by any node and should be removed from the model.[m
[0;93m2026-09-28 11:51:03.315630 [W:onnxruntime:, graph.cc:4285 CleanUnusedInitializersAndNodeArgs] Removing initializer '/encoder/encoders/encoders.3/self_attn/Constant_6_output_0'. It is not used by any node and should be removed from the model.[m
[0;93m2026-09-28 11:51:03.315637 [W:onnxruntime:, graph.cc:4285 CleanUnusedInitializersAndNodeArgs] Removing initializer '/encoder/encoders/encoders.31/self_attn/Constant_1_output_0'. It is not used by any node and should be removed from the model.[m
[0;93m2026-09-28 11:51:03.315643 [W:onnxruntime:, graph.cc:4285 CleanUnusedInitializersAndNodeArgs] Removing initializer '/encoder/encoders/encoders.2/self_attn/Constant_15_output_0'. It is not used by any node and should be removed from the model.[m
[0;93m2026-09-28 11:51:03.315649 [W:onnxruntime:, graph.cc:4285 CleanUnusedInitializersAndNodeArgs] Removing initializer '/encoder/encoders/encoders.20/self_attn/Constant_2_output_0'. It is not used by any node and should be removed from the model.[m
[0;93m2026-09-28 11:51:03.315653 [W:onnxruntime:, graph.cc:4285 CleanUnusedInitializersAndNodeArgs] Removing initializer '/encoder/encoders/encoders.6/self_attn/Constant_14_output_0'. It is not used by any node and should be removed from the model.[m
[0;93m2026-09-28 11:51:03.315660 [W:onnxruntime:, graph.cc:4285 CleanUnusedInitializersAndNodeArgs] Removing initializer '/encoder/encoders/encoders.36/self_attn/Constant_9_output_0'. It is not used by any node and should be removed from the model.[m
[0;93m2026-09-28 11:51:03.315665 [W:onnxruntime:, graph.cc:4285 CleanUnusedInitializersAndNodeArgs] Removing initializer '/encoder/encoders/encoders.1/self_attn/Constant_10_output_0'. It is not used by any node and should be removed from the model.[m
Exporting and checking predictor
Exporting and checking decoder
[0;93m2026-09-28 11:51:08.575732 [W:onnxruntime:, graph.cc:4285 CleanUnusedInitializersAndNodeArgs] Removing initializer '/bias_decoder/src_attn/Constant_1_output_0'. It is not used by any node and should be removed from the model.[m
[0;93m2026-09-28 11:51:08.575771 [W:onnxruntime:, graph.cc:4285 CleanUnusedInitializersAndNodeArgs] Removing initializer '/last_decoder/src_attn/Constant_9_output_0'. It is not used by any node and should be removed from the model.[m
[0;93m2026-09-28 11:51:08.575780 [W:onnxruntime:, graph.cc:4285 CleanUnusedInitializersAndNodeArgs] Removing initializer '/last_decoder/src_attn/Constant_2_output_0'. It is not used by any node and should be removed from the model.[m
[0;93m2026-09-28 11:51:08.575787 [W:onnxruntime:, graph.cc:4285 CleanUnusedInitializersAndNodeArgs] Removing initializer '/decoders/decoders.14/src_attn/Constant_9_output_0'. It is not used by any node and should be removed from the model.[m
[0;93m2026-09-28 11:51:08.575794 [W:onnxruntime:, graph.cc:4285 CleanUnusedInitializersAndNodeArgs] Removing initializer '/decoders/decoders.13/src_attn/Constant_9_output_0'. It is not used by any node and should be removed from the model.[m
[0;93m2026-09-28 11:51:08.575799 [W:onnxruntime:, graph.cc:4285 CleanUnusedInitializersAndNodeArgs] Removing initializer '/decoders/decoders.13/src_attn/Constant_8_output_0'. It is not used by any node and should be removed from the model.[m
[0;93m2026-09-28 11:51:08.575810 [W:onnxruntime:, graph.cc:4285 CleanUnusedInitializersAndNodeArgs] Removing initializer '/decoders/decoders.14/src_attn/Constant_2_output_0'. It is not used by any node and should be removed from the model.[m
[0;93m2026-09-28 11:51:08.575815 [W:onnxruntime:, graph.cc:4285 CleanUnusedInitializersAndNodeArgs] Removing initializer '/decoders/decoders.12/src_attn/Constant_9_output_0'. It is not used by any node and should be removed from the model.[m
[0;93m2026-09-28 11:51:08.575826 [W:onnxruntime:, graph.cc:4285 CleanUnusedInitializersAndNodeArgs] Removing initializer '/decoders/decoders.11/src_attn/Constant_1_output_0'. It is not used by any node and should be removed from the model.[m
[0;93m2026-09-28 11:51:08.575832 [W:onnxruntime:, graph.cc:4285 CleanUnusedInitializersAndNodeArgs] Removing initializer '/decoders/decoders.6/src_attn/Constant_1_output_0'. It is not used by any node and should be removed from the model.[m
[0;93m2026-09-28 11:51:08.575838 [W:onnxruntime:, graph.cc:4285 CleanUnusedInitializersAndNodeArgs] Removing initializer '/decoders/decoders.10/src_attn/Constant_2_output_0'. It is not used by any node and should be removed from the model.[m
[0;93m2026-09-28 11:51:08.575843 [W:onnxruntime:, graph.cc:4285 CleanUnusedInitializersAndNodeArgs] Removing initializer '/decoders/decoders.9/src_attn/Constant_9_output_0'. It is not used by any node and should be removed from the model.[m
[0;93m2026-09-28 11:51:08.575847 [W:onnxruntime:, graph.cc:4285 CleanUnusedInitializersAndNodeArgs] Removing initializer '/decoders/decoders.9/src_attn/Constant_1_output_0'. It is not used by any node and should be removed from the model.[m
[0;93m2026-09-28 11:51:08.575853 [W:onnxruntime:, graph.cc:4285 CleanUnusedInitializersAndNodeArgs] Removing initializer '/decoders/decoders.4/src_attn/Constant_8_output_0'. It is not used by any node and should be removed from the model.[m
[0;93m2026-09-28 11:51:08.575859 [W:onnxruntime:, graph.cc:4285 CleanUnusedInitializersAndNodeArgs] Removing initializer '/decoders/decoders.8/src_attn/Constant_8_output_0'. It is not used by any node and should be removed from the model.[m
[0;93m2026-09-28 11:51:08.575865 [W:onnxruntime:, graph.cc:4285 CleanUnusedInitializersAndNodeArgs] Removing initializer '/decoders/decoders.7/src_attn/Constant_9_output_0'. It is not used by any node and should be removed from the model.[m
[0;93m2026-09-28 11:51:08.575871 [W:onnxruntime:, graph.cc:4285 CleanUnusedInitializersAndNodeArgs] Removing initializer '/decoders/decoders.11/src_attn/Constant_9_output_0'. It is not used by any node and should be removed from the model.[m
[0;93m2026-09-28 11:51:08.575876 [W:onnxruntime:, graph.cc:4285 CleanUnusedInitializersAndNodeArgs] Removing initializer '/decoders/decoders.7/src_attn/Constant_8_output_0'. It is not used by any node and should be removed from the model.[m
[0;93m2026-09-28 11:51:08.575882 [W:onnxruntime:, graph.cc:4285 CleanUnusedInitializersAndNodeArgs] Removing initializer '/decoders/decoders.7/src_attn/Constant_2_output_0'. It is not used by any node and should be removed from the model.[m
[0;93m2026-09-28 11:51:08.575887 [W:onnxruntime:, graph.cc:4285 CleanUnusedInitializersAndNodeArgs] Removing initializer '/decoders/decoders.7/src_attn/Constant_1_output_0'. It is not used by any node and should be removed from the model.[m
[0;93m2026-09-28 11:51:08.575893 [W:onnxruntime:, graph.cc:4285 CleanUnusedInitializersAndNodeArgs] Removing initializer '/decoders/decoders.12/src_attn/Constant_8_output_0'. It is not used by any node and should be removed from the model.[m
[0;93m2026-09-28 11:51:08.575899 [W:onnxruntime:, graph.cc:4285 CleanUnusedInitializersAndNodeArgs] Removing initializer '/decoders/decoders.1/src_attn/Constant_8_output_0'. It is not used by any node and should be removed from the model.[m
[0;93m2026-09-28 11:51:08.575907 [W:onnxruntime:, graph.cc:4285 CleanUnusedInitializersAndNodeArgs] Removing initializer '/decoders/decoders.6/src_attn/Constant_9_output_0'. It is not used by any node and should be removed from the model.[m
[0;93m2026-09-28 11:51:08.575912 [W:onnxruntime:, graph.cc:4285 CleanUnusedInitializersAndNodeArgs] Removing initializer '/decoders/decoders.5/src_attn/Constant_9_output_0'. It is not used by any node and should be removed from the model.[m
[0;93m2026-09-28 11:51:08.575919 [W:onnxruntime:, graph.cc:4285 CleanUnusedInitializersAndNodeArgs] Removing initializer '/decoders/decoders.5/src_attn/Constant_1_output_0'. It is not used by any node and should be removed from the model.[m
[0;93m2026-09-28 11:51:08.575925 [W:onnxruntime:, graph.cc:4285 CleanUnusedInitializersAndNodeArgs] Removing initializer '/bias_decoder/src_attn/Constant_2_output_0'. It is not used by any node and should be removed from the model.[m
[0;93m2026-09-28 11:51:08.575931 [W:onnxruntime:, graph.cc:4285 CleanUnusedInitializersAndNodeArgs] Removing initializer '/decoders/decoders.10/src_attn/Constant_1_output_0'. It is not used by any node and should be removed from the model.[m
[0;93m2026-09-28 11:51:08.575936 [W:onnxruntime:, graph.cc:4285 CleanUnusedInitializersAndNodeArgs] Removing initializer '/decoders/decoders.11/src_attn/Constant_2_output_0'. It is not used by any node and should be removed from the model.[m
[0;93m2026-09-28 11:51:08.575942 [W:onnxruntime:, graph.cc:4285 CleanUnusedInitializersAndNodeArgs] Removing initializer '/decoders/decoders.4/src_attn/Constant_9_output_0'. It is not used by any node and should be removed from the model.[m
[0;93m2026-09-28 11:51:08.575948 [W:onnxruntime:, graph.cc:4285 CleanUnusedInitializersAndNodeArgs] Removing initializer '/decoders/decoders.4/src_attn/Constant_2_output_0'. It is not used by any node and should be removed from the model.[m
[0;93m2026-09-28 11:51:08.575954 [W:onnxruntime:, graph.cc:4285 CleanUnusedInitializersAndNodeArgs] Removing initializer '/decoders/decoders.4/src_attn/Constant_1_output_0'. It is not used by any node and should be removed from the model.[m
[0;93m2026-09-28 11:51:08.575959 [W:onnxruntime:, graph.cc:4285 CleanUnusedInitializersAndNodeArgs] Removing initializer '/decoders/decoders.2/src_attn/Constant_2_output_0'. It is not used by any node and should be removed from the model.[m
[0;93m2026-09-28 11:51:08.575964 [W:onnxruntime:, graph.cc:4285 CleanUnusedInitializersAndNodeArgs] Removing initializer '/decoders/decoders.3/src_attn/Constant_8_output_0'. It is not used by any node and should be removed from the model.[m
[0;93m2026-09-28 11:51:08.575969 [W:onnxruntime:, graph.cc:4285 CleanUnusedInitializersAndNodeArgs] Removing initializer '/decoders/decoders.3/src_attn/Constant_1_output_0'. It is not used by any node and should be removed from the model.[m
[0;93m2026-09-28 11:51:08.575973 [W:onnxruntime:, graph.cc:4285 CleanUnusedInitializersAndNodeArgs] Removing initializer '/decoders/decoders.6/src_attn/Constant_8_output_0'. It is not used by any node and should be removed from the model.[m
[0;93m2026-09-28 11:51:08.575978 [W:onnxruntime:, graph.cc:4285 CleanUnusedInitializersAndNodeArgs] Removing initializer '/decoders/decoders.8/src_attn/Constant_1_output_0'. It is not used by any node and should be removed from the model.[m
[0;93m2026-09-28 11:51:08.575984 [W:onnxruntime:, graph.cc:4285 CleanUnusedInitializersAndNodeArgs] Removing initializer '/decoders/decoders.10/src_attn/Constant_9_output_0'. It is not used by any node and should be removed from the model.[m
[0;93m2026-09-28 11:51:08.575989 [W:onnxruntime:, graph.cc:4285 CleanUnusedInitializersAndNodeArgs] Removing initializer '/decoders/decoders.1/src_attn/Constant_9_output_0'. It is not used by any node and should be removed from the model.[m
[0;93m2026-09-28 11:51:08.575994 [W:onnxruntime:, graph.cc:4285 CleanUnusedInitializersAndNodeArgs] Removing initializer '/decoders/decoders.1/src_attn/Constant_2_output_0'. It is not used by any node and should be removed from the model.[m
[0;93m2026-09-28 11:51:08.575998 [W:onnxruntime:, graph.cc:4285 CleanUnusedInitializersAndNodeArgs] Removing initializer '/decoders/decoders.1/src_attn/Constant_1_output_0'. It is not used by any node and should be removed from the model.[m
[0;93m2026-09-28 11:51:08.576004 [W:onnxruntime:, graph.cc:4285 CleanUnusedInitializersAndNodeArgs] Removing initializer '/decoders/decoders.14/src_attn/Constant_8_output_0'. It is not used by any node and should be removed from the model.[m
[0;93m2026-09-28 11:51:08.576009 [W:onnxruntime:, graph.cc:4285 CleanUnusedInitializersAndNodeArgs] Removing initializer '/decoders/decoders.0/src_attn/Constant_9_output_0'. It is not used by any node and should be removed from the model.[m
[0;93m2026-09-28 11:51:08.576013 [W:onnxruntime:, graph.cc:4285 CleanUnusedInitializersAndNodeArgs] Removing initializer '/decoders/decoders.0/src_attn/Constant_8_output_0'. It is not used by any node and should be removed from the model.[m
[0;93m2026-09-28 11:51:08.576017 [W:onnxruntime:, graph.cc:4285 CleanUnusedInitializersAndNodeArgs] Removing initializer '/decoders/decoders.5/src_attn/Constant_2_output_0'. It is not used by any node and should be removed from the model.[m
[0;93m2026-09-28 11:51:08.576022 [W:onnxruntime:, graph.cc:4285 CleanUnusedInitializersAndNodeArgs] Removing initializer '/decoders/decoders.0/src_attn/Constant_2_output_0'. It is not used by any node and should be removed from the model.[m
[0;93m2026-09-28 11:51:08.576026 [W:onnxruntime:, graph.cc:4285 CleanUnusedInitializersAndNodeArgs] Removing initializer '/decoders/decoders.0/src_attn/Constant_1_output_0'. It is not used by any node and should be removed from the model.[m
[0;93m2026-09-28 11:51:08.576031 [W:onnxruntime:, graph.cc:4285 CleanUnusedInitializersAndNodeArgs] Removing initializer '/decoders/decoders.6/src_attn/Constant_2_output_0'. It is not used by any node and should be removed from the model.[m
[0;93m2026-09-28 11:51:08.576037 [W:onnxruntime:, graph.cc:4285 CleanUnusedInitializersAndNodeArgs] Removing initializer '/decoders/decoders.2/src_attn/Constant_9_output_0'. It is not used by any node and should be removed from the model.[m
[0;93m2026-09-28 11:51:08.576047 [W:onnxruntime:, graph.cc:4285 CleanUnusedInitializersAndNodeArgs] Removing initializer '/decoders/decoders.12/src_attn/Constant_2_output_0'. It is not used by any node and should be removed from the model.[m
[0;93m2026-09-28 11:51:08.576055 [W:onnxruntime:, graph.cc:4285 CleanUnusedInitializersAndNodeArgs] Removing initializer '/decoders/decoders.8/src_attn/Constant_9_output_0'. It is not used by any node and should be removed from the model.[m
[0;93m2026-09-28 11:51:08.576060 [W:onnxruntime:, graph.cc:4285 CleanUnusedInitializersAndNodeArgs] Removing initializer '/bias_decoder/src_attn/Constant_8_output_0'. It is not used by any node and should be removed from the model.[m
[0;93m2026-09-28 11:51:08.576067 [W:onnxruntime:, graph.cc:4285 CleanUnusedInitializersAndNodeArgs] Removing initializer '/decoders/decoders.10/src_attn/Constant_8_output_0'. It is not used by any node and should be removed from the model.[m
[0;93m2026-09-28 11:51:08.576072 [W:onnxruntime:, graph.cc:4285 CleanUnusedInitializersAndNodeArgs] Removing initializer '/decoders/decoders.8/src_attn/Constant_2_output_0'. It is not used by any node and should be removed from the model.[m
[0;93m2026-09-28 11:51:08.576077 [W:onnxruntime:, graph.cc:4285 CleanUnusedInitializersAndNodeArgs] Removing initializer '/decoders/decoders.11/src_attn/Constant_8_output_0'. It is not used by any node and should be removed from the model.[m
[0;93m2026-09-28 11:51:08.576083 [W:onnxruntime:, graph.cc:4285 CleanUnusedInitializersAndNodeArgs] Removing initializer '/decoders/decoders.9/src_attn/Constant_8_output_0'. It is not used by any node and should be removed from the model.[m
[0;93m2026-09-28 11:51:08.576090 [W:onnxruntime:, graph.cc:4285 CleanUnusedInitializersAndNodeArgs] Removing initializer '/decoders/decoders.9/src_attn/Constant_2_output_0'. It is not used by any node and should be removed from the model.[m
[0;93m2026-09-28 11:51:08.576098 [W:onnxruntime:, graph.cc:4285 CleanUnusedInitializersAndNodeArgs] Removing initializer '/decoders/decoders.2/src_attn/Constant_8_output_0'. It is not used by any node and should be removed from the model.[m
[0;93m2026-09-28 11:51:08.576106 [W:onnxruntime:, graph.cc:4285 CleanUnusedInitializersAndNodeArgs] Removing initializer '/decoders/decoders.5/src_attn/Constant_8_output_0'. It is not used by any node and should be removed from the model.[m
[0;93m2026-09-28 11:51:08.576112 [W:onnxruntime:, graph.cc:4285 CleanUnusedInitializersAndNodeArgs] Removing initializer '/decoders/decoders.13/src_attn/Constant_2_output_0'. It is not used by any node and should be removed from the model.[m
[0;93m2026-09-28 11:51:08.576117 [W:onnxruntime:, graph.cc:4285 CleanUnusedInitializersAndNodeArgs] Removing initializer '/bias_decoder/src_attn/Constant_9_output_0'. It is not used by any node and should be removed from the model.[m
[0;93m2026-09-28 11:51:08.576121 [W:onnxruntime:, graph.cc:4285 CleanUnusedInitializersAndNodeArgs] Removing initializer '/decoders/decoders.3/src_attn/Constant_2_output_0'. It is not used by any node and should be removed from the model.[m
[0;93m2026-09-28 11:51:08.576129 [W:onnxruntime:, graph.cc:4285 CleanUnusedInitializersAndNodeArgs] Removing initializer '/decoders/decoders.2/src_attn/Constant_1_output_0'. It is not used by any node and should be removed from the model.[m
[0;93m2026-09-28 11:51:08.576135 [W:onnxruntime:, graph.cc:4285 CleanUnusedInitializersAndNodeArgs] Removing initializer '/decoders/decoders.14/src_attn/Constant_1_output_0'. It is not used by any node and should be removed from the model.[m
[0;93m2026-09-28 11:51:08.576140 [W:onnxruntime:, graph.cc:4285 CleanUnusedInitializersAndNodeArgs] Removing initializer '/decoders/decoders.3/src_attn/Constant_9_output_0'. It is not used by any node and should be removed from the model.[m
[0;93m2026-09-28 11:51:08.576144 [W:onnxruntime:, graph.cc:4285 CleanUnusedInitializersAndNodeArgs] Removing initializer '/last_decoder/src_attn/Constant_1_output_0'. It is not used by any node and should be removed from the model.[m
[0;93m2026-09-28 11:51:08.576149 [W:onnxruntime:, graph.cc:4285 CleanUnusedInitializersAndNodeArgs] Removing initializer '/decoders/decoders.12/src_attn/Constant_1_output_0'. It is not used by any node and should be removed from the model.[m
[0;93m2026-09-28 11:51:08.576154 [W:onnxruntime:, graph.cc:4285 CleanUnusedInitializersAndNodeArgs] Removing initializer '/last_decoder/src_attn/Constant_8_output_0'. It is not used by any node and should be removed from the model.[m
[0;93m2026-09-28 11:51:08.576158 [W:onnxruntime:, graph.cc:4285 CleanUnusedInitializersAndNodeArgs] Removing initializer '/decoders/decoders.13/src_attn/Constant_1_output_0'. It is not used by any node and should be removed from the model.[m
{
  "schema": "rdk-model-zoo/paraformer-export/v1",
  "status": "completed",
  "started_utc": "2026-09-28T03:50:47.326643+00:00",
  "inputs": {
    "model.pt": {
      "path": "/Users/Max/Workspace/company/development/RDK_MODEL_ZOO/.coordination/paraformer-weights/models/iic--speech_paraformer-large-contextual_asr_nat-zh-cn-16k-common-vocab8404/snapshots/master/model.pt",
      "sha256": "2d448b72b2b5e5fdf9ba865ff54c8c207f5cf8fced742b0160ef505b026c44a7"
    },
    "config.yaml": {
      "path": "/Users/Max/Workspace/company/development/RDK_MODEL_ZOO/.coordination/paraformer-weights/models/iic--speech_paraformer-large-contextual_asr_nat-zh-cn-16k-common-vocab8404/snapshots/master/config.yaml",
      "sha256": "1d9057edeaba9e131cb98f26011606497cf3af187d8943525ddb5ee36c836b1b"
    },
    "tokens.json": {
      "path": "/Users/Max/Workspace/company/development/RDK_MODEL_ZOO/.coordination/paraformer-weights/models/iic--speech_paraformer-large-contextual_asr_nat-zh-cn-16k-common-vocab8404/snapshots/master/tokens.json",
      "sha256": "2b20c2b12572d682afff84ce1c8d560f67b8b32a4c1f21567411d141ed352127"
    },
    "am.mvn": {
      "path": "/Users/Max/Workspace/company/development/RDK_MODEL_ZOO/.coordination/paraformer-weights/models/iic--speech_paraformer-large-contextual_asr_nat-zh-cn-16k-common-vocab8404/snapshots/master/am.mvn",
      "sha256": "29b3c740a2c0cfc6b308126d31d7f265fa2be74f3bb095cd2f143ea970896ae5"
    }
  },
  "features": [
    {
      "path": "/Users/Max/Workspace/company/development/RDK_MODEL_ZOO/rdk-b7-board-integration/docs/releases/unified-migration/evidence/2026-09-28-b10-paraformer-cli/run-5_sjkdzc/features/feats/BAC009S0724W0121.npy",
      "sha256": "92848df2ad9649d4a6cb7b86b9626a54134d403097484a73af8c9ebdfee76ed2"
    },
    {
      "path": "/Users/Max/Workspace/company/development/RDK_MODEL_ZOO/rdk-b7-board-integration/docs/releases/unified-migration/evidence/2026-09-28-b10-paraformer-cli/run-5_sjkdzc/features/feats/BAC009S0724W0168.npy",
      "sha256": "65dc148bf31176cd50bed4ec56000d9c99e0e44d7039b7fccb6c178ac1550b5e"
    }
  ],
  "stages": {
    "encoder": {
      "path": "encoder.onnx",
      "sha256": "29c8ba3fd9ce611ca6926bccd243ef56925dc0f857d1e138df81983171a42d0f",
      "raw_sha256": "8074ad5e82a9be028fc8d86fe3be52d1cb2a4c7b6f7dabdd64723d82bdc0a5d1",
      "nodes_before": 6199,
      "nodes_after": 6199,
      "rtol": 0.0001,
      "atol": 0.0001,
      "checks": [
        {
          "case": "zeros",
          "max_abs_diff": [
            6.48200511932373e-07
          ]
        },
        {
          "case": "random",
          "max_abs_diff": [
            2.980232238769531e-07
          ]
        },
        {
          "case": "feature-0",
          "max_abs_diff": [
            3.4421682357788086e-06
          ]
        },
        {
          "case": "feature-1",
          "max_abs_diff": [
            1.5348196029663086e-06
          ]
        }
      ]
    },
    "predictor": {
      "path": "predictor.onnx",
      "sha256": "a873a87d5a45b578ffd644b137f8ebcc04260fd864d788fd10852f88ae26e76e",
      "raw_sha256": "ea80e8e227fe7813a8875d7d9fab0a2c921c7deb5ae992cb8a0bd24575a5319f",
      "nodes_before": 39,
      "nodes_after": 39,
      "rtol": 0.0001,
      "atol": 0.0001,
      "checks": [
        {
          "case": "zeros",
          "max_abs_diff": [
            2.980232238769531e-07,
            0.0
          ]
        },
        {
          "case": "random",
          "max_abs_diff": [
            1.601874828338623e-07,
            0.0
          ]
        },
        {
          "case": "feature-0",
          "max_abs_diff": [
            2.8312206268310547e-07,
            0.0
          ]
        },
        {
          "case": "feature-1",
          "max_abs_diff": [
            1.1920928955078125e-07,
            0.0
          ]
        }
      ]
    },
    "decoder": {
      "path": "decoder.onnx",
      "sha256": "ec07435eb097bd4536ea7573a357402f122996ed0bca3e7ce6d917c4921fa34c",
      "raw_sha256": "a6ae79a2f1e9b41369244caf81fa2e61963c98097acaafcda4d0076927e3faeb",
      "nodes_before": 2081,
      "nodes_after": 2081,
      "rtol": 0.0001,
      "atol": 0.0001,
      "checks": [
        {
          "case": "zeros",
          "max_abs_diff": [
            2.3365020751953125e-05
          ]
        },
        {
          "case": "random",
          "max_abs_diff": [
            1.52587890625e-05
          ]
        },
        {
          "case": "feature-0",
          "max_abs_diff": [
            2.09808349609375e-05
          ]
        },
        {
          "case": "feature-1",
          "max_abs_diff": [
            1.9073486328125e-05
          ]
        },
        {
          "case": "count-0",
          "max_abs_diff": [
            1.52587890625e-05
          ]
        },
        {
          "case": "count-1",
          "max_abs_diff": [
            1.430511474609375e-05
          ]
        },
        {
          "case": "count-17",
          "max_abs_diff": [
            3.62396240234375e-05
          ]
        },
        {
          "case": "count-100",
          "max_abs_diff": [
            4.863739013671875e-05
          ]
        }
      ]
    }
  },
  "environment": {
    "torch": "2.6.0",
    "funasr": "1.3.14",
    "numpy": "1.26.4",
    "onnx": "1.17.0",
    "onnxruntime": "1.20.1"
  },
  "scope": "CPU FP32 stage export; OE/SDK/board not-run",
  "finished_utc": "2026-09-28T03:51:10.042020+00:00"
}
