Notice: ffmpeg is not installed. torchaudio is used to load audio
If you want to use ffmpeg backend to load audio, please install it by:
	sudo apt install ffmpeg # ubuntu
	# brew install ffmpeg # mac
[0;93m2026-09-28 12:13:00.177463 [W:onnxruntime:, graph.cc:4285 CleanUnusedInitializersAndNodeArgs] Removing initializer '/encoder/encoders/encoders.48/self_attn/Constant_15_output_0'. It is not used by any node and should be removed from the model.[m
[0;93m2026-09-28 12:13:00.177516 [W:onnxruntime:, graph.cc:4285 CleanUnusedInitializersAndNodeArgs] Removing initializer '/encoder/encoders/encoders.48/self_attn/Constant_14_output_0'. It is not used by any node and should be removed from the model.[m
[0;93m2026-09-28 12:13:00.177524 [W:onnxruntime:, graph.cc:4285 CleanUnusedInitializersAndNodeArgs] Removing initializer '/encoder/encoders/encoders.48/self_attn/Constant_9_output_0'. It is not used by any node and should be removed from the model.[m
[0;93m2026-09-28 12:13:00.177531 [W:onnxruntime:, graph.cc:4285 CleanUnusedInitializersAndNodeArgs] Removing initializer '/encoder/encoders/encoders.48/self_attn/Constant_6_output_0'. It is not used by any node and should be removed from the model.[m
[0;93m2026-09-28 12:13:00.177537 [W:onnxruntime:, graph.cc:4285 CleanUnusedInitializersAndNodeArgs] Removing initializer '/encoder/encoders/encoders.48/self_attn/Constant_5_output_0'. It is not used by any node and should be removed from the model.[m
[0;93m2026-09-28 12:13:00.177543 [W:onnxruntime:, graph.cc:4285 CleanUnusedInitializersAndNodeArgs] Removing initializer '/encoder/encoders/encoders.48/self_attn/Constant_2_output_0'. It is not used by any node and should be removed from the model.[m
[0;93m2026-09-28 12:13:00.177549 [W:onnxruntime:, graph.cc:4285 CleanUnusedInitializersAndNodeArgs] Removing initializer '/encoder/encoders/encoders.48/self_attn/Constant_1_output_0'. It is not used by any node and should be removed from the model.[m
[0;93m2026-09-28 12:13:00.177555 [W:onnxruntime:, graph.cc:4285 CleanUnusedInitializersAndNodeArgs] Removing initializer '/encoder/encoders/encoders.47/self_attn/Constant_1_output_0'. It is not used by any node and should be removed from the model.[m
[0;93m2026-09-28 12:13:00.177561 [W:onnxruntime:, graph.cc:4285 CleanUnusedInitializersAndNodeArgs] Removing initializer '/encoder/encoders/encoders.46/self_attn/Constant_9_output_0'. It is not used by any node and should be removed from the model.[m
[0;93m2026-09-28 12:13:00.177567 [W:onnxruntime:, graph.cc:4285 CleanUnusedInitializersAndNodeArgs] Removing initializer '/encoder/encoders/encoders.46/self_attn/Constant_6_output_0'. It is not used by any node and should be removed from the model.[m
[0;93m2026-09-28 12:13:00.177571 [W:onnxruntime:, graph.cc:4285 CleanUnusedInitializersAndNodeArgs] Removing initializer '/encoder/encoders/encoders.46/self_attn/Constant_5_output_0'. It is not used by any node and should be removed from the model.[m
[0;93m2026-09-28 12:13:00.177581 [W:onnxruntime:, graph.cc:4285 CleanUnusedInitializersAndNodeArgs] Removing initializer '/encoder/encoders/encoders.46/self_attn/Constant_2_output_0'. It is not used by any node and should be removed from the model.[m
[0;93m2026-09-28 12:13:00.177587 [W:onnxruntime:, graph.cc:4285 CleanUnusedInitializersAndNodeArgs] Removing initializer '/encoder/encoders/encoders.45/self_attn/Constant_14_output_0'. It is not used by any node and should be removed from the model.[m
[0;93m2026-09-28 12:13:00.177592 [W:onnxruntime:, graph.cc:4285 CleanUnusedInitializersAndNodeArgs] Removing initializer '/encoder/encoders/encoders.45/self_attn/Constant_6_output_0'. It is not used by any node and should be removed from the model.[m
[0;93m2026-09-28 12:13:00.177597 [W:onnxruntime:, graph.cc:4285 CleanUnusedInitializersAndNodeArgs] Removing initializer '/encoder/encoders/encoders.45/self_attn/Constant_2_output_0'. It is not used by any node and should be removed from the model.[m
[0;93m2026-09-28 12:13:00.177602 [W:onnxruntime:, graph.cc:4285 CleanUnusedInitializersAndNodeArgs] Removing initializer '/encoder/encoders/encoders.44/self_attn/Constant_15_output_0'. It is not used by any node and should be removed from the model.[m
[0;93m2026-09-28 12:13:00.177621 [W:onnxruntime:, graph.cc:4285 CleanUnusedInitializersAndNodeArgs] Removing initializer '/encoder/encoders/encoders.44/self_attn/Constant_9_output_0'. It is not used by any node and should be removed from the model.[m
[0;93m2026-09-28 12:13:00.177628 [W:onnxruntime:, graph.cc:4285 CleanUnusedInitializersAndNodeArgs] Removing initializer '/encoder/encoders/encoders.44/self_attn/Constant_5_output_0'. It is not used by any node and should be removed from the model.[m
[0;93m2026-09-28 12:13:00.177634 [W:onnxruntime:, graph.cc:4285 CleanUnusedInitializersAndNodeArgs] Removing initializer '/encoder/encoders/encoders.43/self_attn/Constant_14_output_0'. It is not used by any node and should be removed from the model.[m
[0;93m2026-09-28 12:13:00.177639 [W:onnxruntime:, graph.cc:4285 CleanUnusedInitializersAndNodeArgs] Removing initializer '/encoder/encoders/encoders.45/self_attn/Constant_9_output_0'. It is not used by any node and should be removed from the model.[m
[0;93m2026-09-28 12:13:00.177644 [W:onnxruntime:, graph.cc:4285 CleanUnusedInitializersAndNodeArgs] Removing initializer '/encoder/encoders/encoders.43/self_attn/Constant_10_output_0'. It is not used by any node and should be removed from the model.[m
[0;93m2026-09-28 12:13:00.177649 [W:onnxruntime:, graph.cc:4285 CleanUnusedInitializersAndNodeArgs] Removing initializer '/encoder/encoders/encoders.43/self_attn/Constant_5_output_0'. It is not used by any node and should be removed from the model.[m
[0;93m2026-09-28 12:13:00.177654 [W:onnxruntime:, graph.cc:4285 CleanUnusedInitializersAndNodeArgs] Removing initializer '/encoder/encoders/encoders.43/self_attn/Constant_1_output_0'. It is not used by any node and should be removed from the model.[m
[0;93m2026-09-28 12:13:00.177660 [W:onnxruntime:, graph.cc:4285 CleanUnusedInitializersAndNodeArgs] Removing initializer '/encoder/encoders/encoders.42/self_attn/Constant_14_output_0'. It is not used by any node and should be removed from the model.[m
[0;93m2026-09-28 12:13:00.177665 [W:onnxruntime:, graph.cc:4285 CleanUnusedInitializersAndNodeArgs] Removing initializer '/encoder/encoders/encoders.42/self_attn/Constant_9_output_0'. It is not used by any node and should be removed from the model.[m
[0;93m2026-09-28 12:13:00.177671 [W:onnxruntime:, graph.cc:4285 CleanUnusedInitializersAndNodeArgs] Removing initializer '/encoder/encoders/encoders.42/self_attn/Constant_2_output_0'. It is not used by any node and should be removed from the model.[m
[0;93m2026-09-28 12:13:00.177676 [W:onnxruntime:, graph.cc:4285 CleanUnusedInitializersAndNodeArgs] Removing initializer '/encoder/encoders/encoders.42/self_attn/Constant_1_output_0'. It is not used by any node and should be removed from the model.[m
[0;93m2026-09-28 12:13:00.177682 [W:onnxruntime:, graph.cc:4285 CleanUnusedInitializersAndNodeArgs] Removing initializer '/encoder/encoders/encoders.41/self_attn/Constant_15_output_0'. It is not used by any node and should be removed from the model.[m
[0;93m2026-09-28 12:13:00.177688 [W:onnxruntime:, graph.cc:4285 CleanUnusedInitializersAndNodeArgs] Removing initializer '/encoder/encoders/encoders.41/self_attn/Constant_10_output_0'. It is not used by any node and should be removed from the model.[m
[0;93m2026-09-28 12:13:00.177693 [W:onnxruntime:, graph.cc:4285 CleanUnusedInitializersAndNodeArgs] Removing initializer '/encoder/encoders/encoders.41/self_attn/Constant_6_output_0'. It is not used by any node and should be removed from the model.[m
[0;93m2026-09-28 12:13:00.177698 [W:onnxruntime:, graph.cc:4285 CleanUnusedInitializersAndNodeArgs] Removing initializer '/encoder/encoders/encoders.41/self_attn/Constant_1_output_0'. It is not used by any node and should be removed from the model.[m
[0;93m2026-09-28 12:13:00.177703 [W:onnxruntime:, graph.cc:4285 CleanUnusedInitializersAndNodeArgs] Removing initializer '/encoder/encoders/encoders.40/self_attn/Constant_14_output_0'. It is not used by any node and should be removed from the model.[m
[0;93m2026-09-28 12:13:00.177710 [W:onnxruntime:, graph.cc:4285 CleanUnusedInitializersAndNodeArgs] Removing initializer '/encoder/encoders/encoders.42/self_attn/Constant_15_output_0'. It is not used by any node and should be removed from the model.[m
[0;93m2026-09-28 12:13:00.177716 [W:onnxruntime:, graph.cc:4285 CleanUnusedInitializersAndNodeArgs] Removing initializer '/encoder/encoders/encoders.40/self_attn/Constant_10_output_0'. It is not used by any node and should be removed from the model.[m
[0;93m2026-09-28 12:13:00.177720 [W:onnxruntime:, graph.cc:4285 CleanUnusedInitializersAndNodeArgs] Removing initializer '/encoder/encoders/encoders.47/self_attn/Constant_10_output_0'. It is not used by any node and should be removed from the model.[m
[0;93m2026-09-28 12:13:00.177724 [W:onnxruntime:, graph.cc:4285 CleanUnusedInitializersAndNodeArgs] Removing initializer '/encoder/encoders/encoders.40/self_attn/Constant_9_output_0'. It is not used by any node and should be removed from the model.[m
[0;93m2026-09-28 12:13:00.177728 [W:onnxruntime:, graph.cc:4285 CleanUnusedInitializersAndNodeArgs] Removing initializer '/encoder/encoders/encoders.40/self_attn/Constant_5_output_0'. It is not used by any node and should be removed from the model.[m
[0;93m2026-09-28 12:13:00.177733 [W:onnxruntime:, graph.cc:4285 CleanUnusedInitializersAndNodeArgs] Removing initializer '/encoder/encoders/encoders.40/self_attn/Constant_2_output_0'. It is not used by any node and should be removed from the model.[m
[0;93m2026-09-28 12:13:00.177737 [W:onnxruntime:, graph.cc:4285 CleanUnusedInitializersAndNodeArgs] Removing initializer '/encoder/encoders/encoders.40/self_attn/Constant_1_output_0'. It is not used by any node and should be removed from the model.[m
[0;93m2026-09-28 12:13:00.177741 [W:onnxruntime:, graph.cc:4285 CleanUnusedInitializersAndNodeArgs] Removing initializer '/encoder/encoders/encoders.39/self_attn/Constant_15_output_0'. It is not used by any node and should be removed from the model.[m
[0;93m2026-09-28 12:13:00.177745 [W:onnxruntime:, graph.cc:4285 CleanUnusedInitializersAndNodeArgs] Removing initializer '/encoder/encoders/encoders.39/self_attn/Constant_14_output_0'. It is not used by any node and should be removed from the model.[m
[0;93m2026-09-28 12:13:00.177749 [W:onnxruntime:, graph.cc:4285 CleanUnusedInitializersAndNodeArgs] Removing initializer '/encoder/encoders/encoders.39/self_attn/Constant_6_output_0'. It is not used by any node and should be removed from the model.[m
[0;93m2026-09-28 12:13:00.177754 [W:onnxruntime:, graph.cc:4285 CleanUnusedInitializersAndNodeArgs] Removing initializer '/encoder/encoders/encoders.47/self_attn/Constant_15_output_0'. It is not used by any node and should be removed from the model.[m
[0;93m2026-09-28 12:13:00.177758 [W:onnxruntime:, graph.cc:4285 CleanUnusedInitializersAndNodeArgs] Removing initializer '/encoder/encoders/encoders.39/self_attn/Constant_2_output_0'. It is not used by any node and should be removed from the model.[m
[0;93m2026-09-28 12:13:00.177762 [W:onnxruntime:, graph.cc:4285 CleanUnusedInitializersAndNodeArgs] Removing initializer '/encoder/encoders/encoders.39/self_attn/Constant_1_output_0'. It is not used by any node and should be removed from the model.[m
[0;93m2026-09-28 12:13:00.177766 [W:onnxruntime:, graph.cc:4285 CleanUnusedInitializersAndNodeArgs] Removing initializer '/encoder/encoders/encoders.38/self_attn/Constant_14_output_0'. It is not used by any node and should be removed from the model.[m
[0;93m2026-09-28 12:13:00.177770 [W:onnxruntime:, graph.cc:4285 CleanUnusedInitializersAndNodeArgs] Removing initializer '/encoder/encoders/encoders.45/self_attn/Constant_5_output_0'. It is not used by any node and should be removed from the model.[m
[0;93m2026-09-28 12:13:00.177774 [W:onnxruntime:, graph.cc:4285 CleanUnusedInitializersAndNodeArgs] Removing initializer '/encoder/encoders/encoders.38/self_attn/Constant_9_output_0'. It is not used by any node and should be removed from the model.[m
[0;93m2026-09-28 12:13:00.177780 [W:onnxruntime:, graph.cc:4285 CleanUnusedInitializersAndNodeArgs] Removing initializer '/encoder/encoders/encoders.38/self_attn/Constant_5_output_0'. It is not used by any node and should be removed from the model.[m
[0;93m2026-09-28 12:13:00.177785 [W:onnxruntime:, graph.cc:4285 CleanUnusedInitializersAndNodeArgs] Removing initializer '/encoder/encoders/encoders.38/self_attn/Constant_2_output_0'. It is not used by any node and should be removed from the model.[m
[0;93m2026-09-28 12:13:00.177789 [W:onnxruntime:, graph.cc:4285 CleanUnusedInitializersAndNodeArgs] Removing initializer '/encoder/encoders/encoders.37/self_attn/Constant_14_output_0'. It is not used by any node and should be removed from the model.[m
[0;93m2026-09-28 12:13:00.177796 [W:onnxruntime:, graph.cc:4285 CleanUnusedInitializersAndNodeArgs] Removing initializer '/encoder/encoders/encoders.37/self_attn/Constant_10_output_0'. It is not used by any node and should be removed from the model.[m
[0;93m2026-09-28 12:13:00.177801 [W:onnxruntime:, graph.cc:4285 CleanUnusedInitializersAndNodeArgs] Removing initializer '/encoder/encoders/encoders.37/self_attn/Constant_6_output_0'. It is not used by any node and should be removed from the model.[m
[0;93m2026-09-28 12:13:00.177805 [W:onnxruntime:, graph.cc:4285 CleanUnusedInitializersAndNodeArgs] Removing initializer '/encoder/encoders/encoders.37/self_attn/Constant_5_output_0'. It is not used by any node and should be removed from the model.[m
[0;93m2026-09-28 12:13:00.177809 [W:onnxruntime:, graph.cc:4285 CleanUnusedInitializersAndNodeArgs] Removing initializer '/encoder/encoders/encoders.37/self_attn/Constant_2_output_0'. It is not used by any node and should be removed from the model.[m
[0;93m2026-09-28 12:13:00.177814 [W:onnxruntime:, graph.cc:4285 CleanUnusedInitializersAndNodeArgs] Removing initializer '/encoder/encoders/encoders.36/self_attn/Constant_14_output_0'. It is not used by any node and should be removed from the model.[m
[0;93m2026-09-28 12:13:00.177818 [W:onnxruntime:, graph.cc:4285 CleanUnusedInitializersAndNodeArgs] Removing initializer '/encoder/encoders/encoders.36/self_attn/Constant_10_output_0'. It is not used by any node and should be removed from the model.[m
[0;93m2026-09-28 12:13:00.177822 [W:onnxruntime:, graph.cc:4285 CleanUnusedInitializersAndNodeArgs] Removing initializer '/encoder/encoders/encoders.36/self_attn/Constant_6_output_0'. It is not used by any node and should be removed from the model.[m
[0;93m2026-09-28 12:13:00.177827 [W:onnxruntime:, graph.cc:4285 CleanUnusedInitializersAndNodeArgs] Removing initializer '/encoder/encoders/encoders.36/self_attn/Constant_5_output_0'. It is not used by any node and should be removed from the model.[m
[0;93m2026-09-28 12:13:00.177831 [W:onnxruntime:, graph.cc:4285 CleanUnusedInitializersAndNodeArgs] Removing initializer '/encoder/encoders/encoders.36/self_attn/Constant_2_output_0'. It is not used by any node and should be removed from the model.[m
[0;93m2026-09-28 12:13:00.177836 [W:onnxruntime:, graph.cc:4285 CleanUnusedInitializersAndNodeArgs] Removing initializer '/encoder/encoders/encoders.36/self_attn/Constant_1_output_0'. It is not used by any node and should be removed from the model.[m
[0;93m2026-09-28 12:13:00.177841 [W:onnxruntime:, graph.cc:4285 CleanUnusedInitializersAndNodeArgs] Removing initializer '/encoder/encoders/encoders.35/self_attn/Constant_15_output_0'. It is not used by any node and should be removed from the model.[m
[0;93m2026-09-28 12:13:00.177846 [W:onnxruntime:, graph.cc:4285 CleanUnusedInitializersAndNodeArgs] Removing initializer '/encoder/encoders/encoders.35/self_attn/Constant_14_output_0'. It is not used by any node and should be removed from the model.[m
[0;93m2026-09-28 12:13:00.177852 [W:onnxruntime:, graph.cc:4285 CleanUnusedInitializersAndNodeArgs] Removing initializer '/encoder/encoders/encoders.46/self_attn/Constant_14_output_0'. It is not used by any node and should be removed from the model.[m
[0;93m2026-09-28 12:13:00.177860 [W:onnxruntime:, graph.cc:4285 CleanUnusedInitializersAndNodeArgs] Removing initializer '/encoder/encoders/encoders.35/self_attn/Constant_2_output_0'. It is not used by any node and should be removed from the model.[m
[0;93m2026-09-28 12:13:00.177866 [W:onnxruntime:, graph.cc:4285 CleanUnusedInitializersAndNodeArgs] Removing initializer '/encoder/encoders/encoders.35/self_attn/Constant_1_output_0'. It is not used by any node and should be removed from the model.[m
[0;93m2026-09-28 12:13:00.177874 [W:onnxruntime:, graph.cc:4285 CleanUnusedInitializersAndNodeArgs] Removing initializer '/encoder/encoders/encoders.34/self_attn/Constant_15_output_0'. It is not used by any node and should be removed from the model.[m
[0;93m2026-09-28 12:13:00.177880 [W:onnxruntime:, graph.cc:4285 CleanUnusedInitializersAndNodeArgs] Removing initializer '/encoder/encoders/encoders.34/self_attn/Constant_14_output_0'. It is not used by any node and should be removed from the model.[m
[0;93m2026-09-28 12:13:00.177886 [W:onnxruntime:, graph.cc:4285 CleanUnusedInitializersAndNodeArgs] Removing initializer '/encoder/encoders/encoders.34/self_attn/Constant_10_output_0'. It is not used by any node and should be removed from the model.[m
[0;93m2026-09-28 12:13:00.177890 [W:onnxruntime:, graph.cc:4285 CleanUnusedInitializersAndNodeArgs] Removing initializer '/encoder/encoders/encoders.34/self_attn/Constant_6_output_0'. It is not used by any node and should be removed from the model.[m
[0;93m2026-09-28 12:13:00.177894 [W:onnxruntime:, graph.cc:4285 CleanUnusedInitializersAndNodeArgs] Removing initializer '/encoder/encoders/encoders.34/self_attn/Constant_2_output_0'. It is not used by any node and should be removed from the model.[m
[0;93m2026-09-28 12:13:00.177900 [W:onnxruntime:, graph.cc:4285 CleanUnusedInitializersAndNodeArgs] Removing initializer '/encoder/encoders/encoders.47/self_attn/Constant_14_output_0'. It is not used by any node and should be removed from the model.[m
[0;93m2026-09-28 12:13:00.177904 [W:onnxruntime:, graph.cc:4285 CleanUnusedInitializersAndNodeArgs] Removing initializer '/encoder/encoders/encoders.41/self_attn/Constant_5_output_0'. It is not used by any node and should be removed from the model.[m
[0;93m2026-09-28 12:13:00.177908 [W:onnxruntime:, graph.cc:4285 CleanUnusedInitializersAndNodeArgs] Removing initializer '/encoder/encoders/encoders.33/self_attn/Constant_5_output_0'. It is not used by any node and should be removed from the model.[m
[0;93m2026-09-28 12:13:00.177912 [W:onnxruntime:, graph.cc:4285 CleanUnusedInitializersAndNodeArgs] Removing initializer '/encoder/encoders/encoders.32/self_attn/Constant_14_output_0'. It is not used by any node and should be removed from the model.[m
[0;93m2026-09-28 12:13:00.177917 [W:onnxruntime:, graph.cc:4285 CleanUnusedInitializersAndNodeArgs] Removing initializer '/encoder/encoders/encoders.34/self_attn/Constant_5_output_0'. It is not used by any node and should be removed from the model.[m
[0;93m2026-09-28 12:13:00.177921 [W:onnxruntime:, graph.cc:4285 CleanUnusedInitializersAndNodeArgs] Removing initializer '/encoder/encoders/encoders.32/self_attn/Constant_10_output_0'. It is not used by any node and should be removed from the model.[m
[0;93m2026-09-28 12:13:00.177926 [W:onnxruntime:, graph.cc:4285 CleanUnusedInitializersAndNodeArgs] Removing initializer '/encoder/encoders/encoders.32/self_attn/Constant_2_output_0'. It is not used by any node and should be removed from the model.[m
[0;93m2026-09-28 12:13:00.177930 [W:onnxruntime:, graph.cc:4285 CleanUnusedInitializersAndNodeArgs] Removing initializer '/encoder/encoders/encoders.32/self_attn/Constant_1_output_0'. It is not used by any node and should be removed from the model.[m
[0;93m2026-09-28 12:13:00.177934 [W:onnxruntime:, graph.cc:4285 CleanUnusedInitializersAndNodeArgs] Removing initializer '/encoder/encoders/encoders.31/self_attn/Constant_15_output_0'. It is not used by any node and should be removed from the model.[m
[0;93m2026-09-28 12:13:00.177938 [W:onnxruntime:, graph.cc:4285 CleanUnusedInitializersAndNodeArgs] Removing initializer '/encoder/encoders/encoders.31/self_attn/Constant_14_output_0'. It is not used by any node and should be removed from the model.[m
[0;93m2026-09-28 12:13:00.177944 [W:onnxruntime:, graph.cc:4285 CleanUnusedInitializersAndNodeArgs] Removing initializer '/encoder/encoders/encoders.31/self_attn/Constant_10_output_0'. It is not used by any node and should be removed from the model.[m
[0;93m2026-09-28 12:13:00.177948 [W:onnxruntime:, graph.cc:4285 CleanUnusedInitializersAndNodeArgs] Removing initializer '/encoder/encoders/encoders.31/self_attn/Constant_9_output_0'. It is not used by any node and should be removed from the model.[m
[0;93m2026-09-28 12:13:00.177953 [W:onnxruntime:, graph.cc:4285 CleanUnusedInitializersAndNodeArgs] Removing initializer '/encoder/encoders/encoders.31/self_attn/Constant_5_output_0'. It is not used by any node and should be removed from the model.[m
[0;93m2026-09-28 12:13:00.177957 [W:onnxruntime:, graph.cc:4285 CleanUnusedInitializersAndNodeArgs] Removing initializer '/encoder/encoders/encoders.31/self_attn/Constant_2_output_0'. It is not used by any node and should be removed from the model.[m
[0;93m2026-09-28 12:13:00.177961 [W:onnxruntime:, graph.cc:4285 CleanUnusedInitializersAndNodeArgs] Removing initializer '/encoder/encoders/encoders.30/self_attn/Constant_15_output_0'. It is not used by any node and should be removed from the model.[m
[0;93m2026-09-28 12:13:00.177965 [W:onnxruntime:, graph.cc:4285 CleanUnusedInitializersAndNodeArgs] Removing initializer '/encoder/encoders/encoders.30/self_attn/Constant_10_output_0'. It is not used by any node and should be removed from the model.[m
[0;93m2026-09-28 12:13:00.177969 [W:onnxruntime:, graph.cc:4285 CleanUnusedInitializersAndNodeArgs] Removing initializer '/encoder/encoders/encoders.30/self_attn/Constant_9_output_0'. It is not used by any node and should be removed from the model.[m
[0;93m2026-09-28 12:13:00.177973 [W:onnxruntime:, graph.cc:4285 CleanUnusedInitializersAndNodeArgs] Removing initializer '/encoder/encoders/encoders.30/self_attn/Constant_1_output_0'. It is not used by any node and should be removed from the model.[m
[0;93m2026-09-28 12:13:00.177978 [W:onnxruntime:, graph.cc:4285 CleanUnusedInitializersAndNodeArgs] Removing initializer '/encoder/encoders/encoders.29/self_attn/Constant_15_output_0'. It is not used by any node and should be removed from the model.[m
[0;93m2026-09-28 12:13:00.177982 [W:onnxruntime:, graph.cc:4285 CleanUnusedInitializersAndNodeArgs] Removing initializer '/encoder/encoders/encoders.29/self_attn/Constant_9_output_0'. It is not used by any node and should be removed from the model.[m
[0;93m2026-09-28 12:13:00.177989 [W:onnxruntime:, graph.cc:4285 CleanUnusedInitializersAndNodeArgs] Removing initializer '/encoder/encoders/encoders.29/self_attn/Constant_6_output_0'. It is not used by any node and should be removed from the model.[m
[0;93m2026-09-28 12:13:00.177993 [W:onnxruntime:, graph.cc:4285 CleanUnusedInitializersAndNodeArgs] Removing initializer '/encoder/encoders/encoders.29/self_attn/Constant_2_output_0'. It is not used by any node and should be removed from the model.[m
[0;93m2026-09-28 12:13:00.177998 [W:onnxruntime:, graph.cc:4285 CleanUnusedInitializersAndNodeArgs] Removing initializer '/encoder/encoders/encoders.29/self_attn/Constant_1_output_0'. It is not used by any node and should be removed from the model.[m
[0;93m2026-09-28 12:13:00.178002 [W:onnxruntime:, graph.cc:4285 CleanUnusedInitializersAndNodeArgs] Removing initializer '/encoder/encoders/encoders.30/self_attn/Constant_2_output_0'. It is not used by any node and should be removed from the model.[m
[0;93m2026-09-28 12:13:00.178006 [W:onnxruntime:, graph.cc:4285 CleanUnusedInitializersAndNodeArgs] Removing initializer '/encoder/encoders/encoders.28/self_attn/Constant_14_output_0'. It is not used by any node and should be removed from the model.[m
[0;93m2026-09-28 12:13:00.178011 [W:onnxruntime:, graph.cc:4285 CleanUnusedInitializersAndNodeArgs] Removing initializer '/encoder/encoders/encoders.28/self_attn/Constant_9_output_0'. It is not used by any node and should be removed from the model.[m
[0;93m2026-09-28 12:13:00.178017 [W:onnxruntime:, graph.cc:4285 CleanUnusedInitializersAndNodeArgs] Removing initializer '/encoder/encoders/encoders.28/self_attn/Constant_6_output_0'. It is not used by any node and should be removed from the model.[m
[0;93m2026-09-28 12:13:00.178022 [W:onnxruntime:, graph.cc:4285 CleanUnusedInitializersAndNodeArgs] Removing initializer '/encoder/encoders/encoders.28/self_attn/Constant_5_output_0'. It is not used by any node and should be removed from the model.[m
[0;93m2026-09-28 12:13:00.178027 [W:onnxruntime:, graph.cc:4285 CleanUnusedInitializersAndNodeArgs] Removing initializer '/encoder/encoders/encoders.27/self_attn/Constant_9_output_0'. It is not used by any node and should be removed from the model.[m
[0;93m2026-09-28 12:13:00.178033 [W:onnxruntime:, graph.cc:4285 CleanUnusedInitializersAndNodeArgs] Removing initializer '/encoder/encoders/encoders.27/self_attn/Constant_6_output_0'. It is not used by any node and should be removed from the model.[m
[0;93m2026-09-28 12:13:00.178039 [W:onnxruntime:, graph.cc:4285 CleanUnusedInitializersAndNodeArgs] Removing initializer '/encoder/encoders/encoders.27/self_attn/Constant_5_output_0'. It is not used by any node and should be removed from the model.[m
[0;93m2026-09-28 12:13:00.178044 [W:onnxruntime:, graph.cc:4285 CleanUnusedInitializersAndNodeArgs] Removing initializer '/encoder/encoders/encoders.27/self_attn/Constant_2_output_0'. It is not used by any node and should be removed from the model.[m
[0;93m2026-09-28 12:13:00.178049 [W:onnxruntime:, graph.cc:4285 CleanUnusedInitializersAndNodeArgs] Removing initializer '/encoder/encoders/encoders.47/self_attn/Constant_9_output_0'. It is not used by any node and should be removed from the model.[m
[0;93m2026-09-28 12:13:00.178054 [W:onnxruntime:, graph.cc:4285 CleanUnusedInitializersAndNodeArgs] Removing initializer '/encoder/encoders/encoders.26/self_attn/Constant_15_output_0'. It is not used by any node and should be removed from the model.[m
[0;93m2026-09-28 12:13:00.178059 [W:onnxruntime:, graph.cc:4285 CleanUnusedInitializersAndNodeArgs] Removing initializer '/encoder/encoders/encoders.26/self_attn/Constant_14_output_0'. It is not used by any node and should be removed from the model.[m
[0;93m2026-09-28 12:13:00.178067 [W:onnxruntime:, graph.cc:4285 CleanUnusedInitializersAndNodeArgs] Removing initializer '/encoder/encoders/encoders.26/self_attn/Constant_10_output_0'. It is not used by any node and should be removed from the model.[m
[0;93m2026-09-28 12:13:00.178073 [W:onnxruntime:, graph.cc:4285 CleanUnusedInitializersAndNodeArgs] Removing initializer '/encoder/encoders/encoders.26/self_attn/Constant_9_output_0'. It is not used by any node and should be removed from the model.[m
[0;93m2026-09-28 12:13:00.178078 [W:onnxruntime:, graph.cc:4285 CleanUnusedInitializersAndNodeArgs] Removing initializer '/encoder/encoders/encoders.35/self_attn/Constant_5_output_0'. It is not used by any node and should be removed from the model.[m
[0;93m2026-09-28 12:13:00.178082 [W:onnxruntime:, graph.cc:4285 CleanUnusedInitializersAndNodeArgs] Removing initializer '/encoder/encoders/encoders.26/self_attn/Constant_1_output_0'. It is not used by any node and should be removed from the model.[m
[0;93m2026-09-28 12:13:00.178086 [W:onnxruntime:, graph.cc:4285 CleanUnusedInitializersAndNodeArgs] Removing initializer '/encoder/encoders/encoders.25/self_attn/Constant_15_output_0'. It is not used by any node and should be removed from the model.[m
[0;93m2026-09-28 12:13:00.178090 [W:onnxruntime:, graph.cc:4285 CleanUnusedInitializersAndNodeArgs] Removing initializer '/encoder/encoders/encoders.33/self_attn/Constant_10_output_0'. It is not used by any node and should be removed from the model.[m
[0;93m2026-09-28 12:13:00.178095 [W:onnxruntime:, graph.cc:4285 CleanUnusedInitializersAndNodeArgs] Removing initializer '/encoder/encoders/encoders.25/self_attn/Constant_9_output_0'. It is not used by any node and should be removed from the model.[m
[0;93m2026-09-28 12:13:00.178101 [W:onnxruntime:, graph.cc:4285 CleanUnusedInitializersAndNodeArgs] Removing initializer '/encoder/encoders/encoders.25/self_attn/Constant_5_output_0'. It is not used by any node and should be removed from the model.[m
[0;93m2026-09-28 12:13:00.178105 [W:onnxruntime:, graph.cc:4285 CleanUnusedInitializersAndNodeArgs] Removing initializer '/encoder/encoders/encoders.25/self_attn/Constant_2_output_0'. It is not used by any node and should be removed from the model.[m
[0;93m2026-09-28 12:13:00.178109 [W:onnxruntime:, graph.cc:4285 CleanUnusedInitializersAndNodeArgs] Removing initializer '/encoder/encoders/encoders.25/self_attn/Constant_1_output_0'. It is not used by any node and should be removed from the model.[m
[0;93m2026-09-28 12:13:00.178113 [W:onnxruntime:, graph.cc:4285 CleanUnusedInitializersAndNodeArgs] Removing initializer '/encoder/encoders/encoders.24/self_attn/Constant_15_output_0'. It is not used by any node and should be removed from the model.[m
[0;93m2026-09-28 12:13:00.178118 [W:onnxruntime:, graph.cc:4285 CleanUnusedInitializersAndNodeArgs] Removing initializer '/encoder/encoders/encoders.24/self_attn/Constant_10_output_0'. It is not used by any node and should be removed from the model.[m
[0;93m2026-09-28 12:13:00.178122 [W:onnxruntime:, graph.cc:4285 CleanUnusedInitializersAndNodeArgs] Removing initializer '/encoder/encoders/encoders.37/self_attn/Constant_9_output_0'. It is not used by any node and should be removed from the model.[m
[0;93m2026-09-28 12:13:00.178126 [W:onnxruntime:, graph.cc:4285 CleanUnusedInitializersAndNodeArgs] Removing initializer '/encoder/encoders/encoders.24/self_attn/Constant_6_output_0'. It is not used by any node and should be removed from the model.[m
[0;93m2026-09-28 12:13:00.178130 [W:onnxruntime:, graph.cc:4285 CleanUnusedInitializersAndNodeArgs] Removing initializer '/encoder/encoders/encoders.24/self_attn/Constant_5_output_0'. It is not used by any node and should be removed from the model.[m
[0;93m2026-09-28 12:13:00.178134 [W:onnxruntime:, graph.cc:4285 CleanUnusedInitializersAndNodeArgs] Removing initializer '/encoder/encoders/encoders.23/self_attn/Constant_15_output_0'. It is not used by any node and should be removed from the model.[m
[0;93m2026-09-28 12:13:00.178138 [W:onnxruntime:, graph.cc:4285 CleanUnusedInitializersAndNodeArgs] Removing initializer '/encoder/encoders/encoders.23/self_attn/Constant_14_output_0'. It is not used by any node and should be removed from the model.[m
[0;93m2026-09-28 12:13:00.178143 [W:onnxruntime:, graph.cc:4285 CleanUnusedInitializersAndNodeArgs] Removing initializer '/encoder/encoders/encoders.23/self_attn/Constant_10_output_0'. It is not used by any node and should be removed from the model.[m
[0;93m2026-09-28 12:13:00.178147 [W:onnxruntime:, graph.cc:4285 CleanUnusedInitializersAndNodeArgs] Removing initializer '/encoder/encoders/encoders.46/self_attn/Constant_10_output_0'. It is not used by any node and should be removed from the model.[m
[0;93m2026-09-28 12:13:00.178151 [W:onnxruntime:, graph.cc:4285 CleanUnusedInitializersAndNodeArgs] Removing initializer '/encoder/encoders/encoders.23/self_attn/Constant_6_output_0'. It is not used by any node and should be removed from the model.[m
[0;93m2026-09-28 12:13:00.178155 [W:onnxruntime:, graph.cc:4285 CleanUnusedInitializersAndNodeArgs] Removing initializer '/encoder/encoders/encoders.23/self_attn/Constant_5_output_0'. It is not used by any node and should be removed from the model.[m
[0;93m2026-09-28 12:13:00.178159 [W:onnxruntime:, graph.cc:4285 CleanUnusedInitializersAndNodeArgs] Removing initializer '/encoder/encoders/encoders.23/self_attn/Constant_1_output_0'. It is not used by any node and should be removed from the model.[m
[0;93m2026-09-28 12:13:00.178164 [W:onnxruntime:, graph.cc:4285 CleanUnusedInitializersAndNodeArgs] Removing initializer '/encoder/encoders/encoders.38/self_attn/Constant_1_output_0'. It is not used by any node and should be removed from the model.[m
[0;93m2026-09-28 12:13:00.178172 [W:onnxruntime:, graph.cc:4285 CleanUnusedInitializersAndNodeArgs] Removing initializer '/encoder/encoders/encoders.22/self_attn/Constant_10_output_0'. It is not used by any node and should be removed from the model.[m
[0;93m2026-09-28 12:13:00.178177 [W:onnxruntime:, graph.cc:4285 CleanUnusedInitializersAndNodeArgs] Removing initializer '/encoder/encoders/encoders.22/self_attn/Constant_9_output_0'. It is not used by any node and should be removed from the model.[m
[0;93m2026-09-28 12:13:00.178184 [W:onnxruntime:, graph.cc:4285 CleanUnusedInitializersAndNodeArgs] Removing initializer '/encoder/encoders/encoders.22/self_attn/Constant_1_output_0'. It is not used by any node and should be removed from the model.[m
[0;93m2026-09-28 12:13:00.178189 [W:onnxruntime:, graph.cc:4285 CleanUnusedInitializersAndNodeArgs] Removing initializer '/encoder/encoders/encoders.36/self_attn/Constant_15_output_0'. It is not used by any node and should be removed from the model.[m
[0;93m2026-09-28 12:13:00.178193 [W:onnxruntime:, graph.cc:4285 CleanUnusedInitializersAndNodeArgs] Removing initializer '/encoder/encoders/encoders.21/self_attn/Constant_10_output_0'. It is not used by any node and should be removed from the model.[m
[0;93m2026-09-28 12:13:00.178197 [W:onnxruntime:, graph.cc:4285 CleanUnusedInitializersAndNodeArgs] Removing initializer '/encoder/encoders/encoders.21/self_attn/Constant_9_output_0'. It is not used by any node and should be removed from the model.[m
[0;93m2026-09-28 12:13:00.178202 [W:onnxruntime:, graph.cc:4285 CleanUnusedInitializersAndNodeArgs] Removing initializer '/encoder/encoders/encoders.21/self_attn/Constant_6_output_0'. It is not used by any node and should be removed from the model.[m
[0;93m2026-09-28 12:13:00.178206 [W:onnxruntime:, graph.cc:4285 CleanUnusedInitializersAndNodeArgs] Removing initializer '/encoder/encoders/encoders.21/self_attn/Constant_5_output_0'. It is not used by any node and should be removed from the model.[m
[0;93m2026-09-28 12:13:00.178211 [W:onnxruntime:, graph.cc:4285 CleanUnusedInitializersAndNodeArgs] Removing initializer '/encoder/encoders/encoders.21/self_attn/Constant_2_output_0'. It is not used by any node and should be removed from the model.[m
[0;93m2026-09-28 12:13:00.178216 [W:onnxruntime:, graph.cc:4285 CleanUnusedInitializersAndNodeArgs] Removing initializer '/encoder/encoders/encoders.21/self_attn/Constant_1_output_0'. It is not used by any node and should be removed from the model.[m
[0;93m2026-09-28 12:13:00.178220 [W:onnxruntime:, graph.cc:4285 CleanUnusedInitializersAndNodeArgs] Removing initializer '/encoder/encoders/encoders.20/self_attn/Constant_15_output_0'. It is not used by any node and should be removed from the model.[m
[0;93m2026-09-28 12:13:00.178226 [W:onnxruntime:, graph.cc:4285 CleanUnusedInitializersAndNodeArgs] Removing initializer '/encoder/encoders/encoders.20/self_attn/Constant_14_output_0'. It is not used by any node and should be removed from the model.[m
[0;93m2026-09-28 12:13:00.178231 [W:onnxruntime:, graph.cc:4285 CleanUnusedInitializersAndNodeArgs] Removing initializer '/encoder/encoders/encoders.20/self_attn/Constant_10_output_0'. It is not used by any node and should be removed from the model.[m
[0;93m2026-09-28 12:13:00.178236 [W:onnxruntime:, graph.cc:4285 CleanUnusedInitializersAndNodeArgs] Removing initializer '/encoder/encoders/encoders.20/self_attn/Constant_9_output_0'. It is not used by any node and should be removed from the model.[m
[0;93m2026-09-28 12:13:00.178242 [W:onnxruntime:, graph.cc:4285 CleanUnusedInitializersAndNodeArgs] Removing initializer '/encoder/encoders/encoders.20/self_attn/Constant_6_output_0'. It is not used by any node and should be removed from the model.[m
[0;93m2026-09-28 12:13:00.178247 [W:onnxruntime:, graph.cc:4285 CleanUnusedInitializersAndNodeArgs] Removing initializer '/encoder/encoders/encoders.20/self_attn/Constant_5_output_0'. It is not used by any node and should be removed from the model.[m
[0;93m2026-09-28 12:13:00.178255 [W:onnxruntime:, graph.cc:4285 CleanUnusedInitializersAndNodeArgs] Removing initializer '/encoder/encoders/encoders.20/self_attn/Constant_1_output_0'. It is not used by any node and should be removed from the model.[m
[0;93m2026-09-28 12:13:00.178261 [W:onnxruntime:, graph.cc:4285 CleanUnusedInitializersAndNodeArgs] Removing initializer '/encoder/encoders/encoders.19/self_attn/Constant_15_output_0'. It is not used by any node and should be removed from the model.[m
[0;93m2026-09-28 12:13:00.178266 [W:onnxruntime:, graph.cc:4285 CleanUnusedInitializersAndNodeArgs] Removing initializer '/encoder/encoders/encoders.19/self_attn/Constant_14_output_0'. It is not used by any node and should be removed from the model.[m
[0;93m2026-09-28 12:13:00.178272 [W:onnxruntime:, graph.cc:4285 CleanUnusedInitializersAndNodeArgs] Removing initializer '/encoder/encoders/encoders.19/self_attn/Constant_5_output_0'. It is not used by any node and should be removed from the model.[m
[0;93m2026-09-28 12:13:00.178276 [W:onnxruntime:, graph.cc:4285 CleanUnusedInitializersAndNodeArgs] Removing initializer '/encoder/encoders/encoders.19/self_attn/Constant_2_output_0'. It is not used by any node and should be removed from the model.[m
[0;93m2026-09-28 12:13:00.178281 [W:onnxruntime:, graph.cc:4285 CleanUnusedInitializersAndNodeArgs] Removing initializer '/encoder/encoders/encoders.18/self_attn/Constant_15_output_0'. It is not used by any node and should be removed from the model.[m
[0;93m2026-09-28 12:13:00.178285 [W:onnxruntime:, graph.cc:4285 CleanUnusedInitializersAndNodeArgs] Removing initializer '/encoder/encoders/encoders.18/self_attn/Constant_14_output_0'. It is not used by any node and should be removed from the model.[m
[0;93m2026-09-28 12:13:00.178290 [W:onnxruntime:, graph.cc:4285 CleanUnusedInitializersAndNodeArgs] Removing initializer '/encoder/encoders/encoders.18/self_attn/Constant_10_output_0'. It is not used by any node and should be removed from the model.[m
[0;93m2026-09-28 12:13:00.178294 [W:onnxruntime:, graph.cc:4285 CleanUnusedInitializersAndNodeArgs] Removing initializer '/encoder/encoders/encoders.18/self_attn/Constant_6_output_0'. It is not used by any node and should be removed from the model.[m
[0;93m2026-09-28 12:13:00.178298 [W:onnxruntime:, graph.cc:4285 CleanUnusedInitializersAndNodeArgs] Removing initializer '/encoder/encoders/encoders.18/self_attn/Constant_5_output_0'. It is not used by any node and should be removed from the model.[m
[0;93m2026-09-28 12:13:00.178302 [W:onnxruntime:, graph.cc:4285 CleanUnusedInitializersAndNodeArgs] Removing initializer '/encoder/encoders/encoders.18/self_attn/Constant_2_output_0'. It is not used by any node and should be removed from the model.[m
[0;93m2026-09-28 12:13:00.178306 [W:onnxruntime:, graph.cc:4285 CleanUnusedInitializersAndNodeArgs] Removing initializer '/encoder/encoders/encoders.18/self_attn/Constant_1_output_0'. It is not used by any node and should be removed from the model.[m
[0;93m2026-09-28 12:13:00.178311 [W:onnxruntime:, graph.cc:4285 CleanUnusedInitializersAndNodeArgs] Removing initializer '/encoder/encoders/encoders.17/self_attn/Constant_15_output_0'. It is not used by any node and should be removed from the model.[m
[0;93m2026-09-28 12:13:00.178315 [W:onnxruntime:, graph.cc:4285 CleanUnusedInitializersAndNodeArgs] Removing initializer '/encoder/encoders/encoders.27/self_attn/Constant_14_output_0'. It is not used by any node and should be removed from the model.[m
[0;93m2026-09-28 12:13:00.178319 [W:onnxruntime:, graph.cc:4285 CleanUnusedInitializersAndNodeArgs] Removing initializer '/encoder/encoders/encoders.17/self_attn/Constant_14_output_0'. It is not used by any node and should be removed from the model.[m
[0;93m2026-09-28 12:13:00.178323 [W:onnxruntime:, graph.cc:4285 CleanUnusedInitializersAndNodeArgs] Removing initializer '/encoder/encoders/encoders.17/self_attn/Constant_10_output_0'. It is not used by any node and should be removed from the model.[m
[0;93m2026-09-28 12:13:00.178329 [W:onnxruntime:, graph.cc:4285 CleanUnusedInitializersAndNodeArgs] Removing initializer '/encoder/encoders/encoders.21/self_attn/Constant_14_output_0'. It is not used by any node and should be removed from the model.[m
[0;93m2026-09-28 12:13:00.178333 [W:onnxruntime:, graph.cc:4285 CleanUnusedInitializersAndNodeArgs] Removing initializer '/encoder/encoders/encoders.17/self_attn/Constant_2_output_0'. It is not used by any node and should be removed from the model.[m
[0;93m2026-09-28 12:13:00.178337 [W:onnxruntime:, graph.cc:4285 CleanUnusedInitializersAndNodeArgs] Removing initializer '/encoder/encoders/encoders.17/self_attn/Constant_1_output_0'. It is not used by any node and should be removed from the model.[m
[0;93m2026-09-28 12:13:00.178341 [W:onnxruntime:, graph.cc:4285 CleanUnusedInitializersAndNodeArgs] Removing initializer '/encoder/encoders/encoders.32/self_attn/Constant_15_output_0'. It is not used by any node and should be removed from the model.[m
[0;93m2026-09-28 12:13:00.178346 [W:onnxruntime:, graph.cc:4285 CleanUnusedInitializersAndNodeArgs] Removing initializer '/encoder/encoders/encoders.16/self_attn/Constant_10_output_0'. It is not used by any node and should be removed from the model.[m
[0;93m2026-09-28 12:13:00.178350 [W:onnxruntime:, graph.cc:4285 CleanUnusedInitializersAndNodeArgs] Removing initializer '/encoder/encoders/encoders.16/self_attn/Constant_9_output_0'. It is not used by any node and should be removed from the model.[m
[0;93m2026-09-28 12:13:00.178354 [W:onnxruntime:, graph.cc:4285 CleanUnusedInitializersAndNodeArgs] Removing initializer '/encoder/encoders/encoders.16/self_attn/Constant_6_output_0'. It is not used by any node and should be removed from the model.[m
[0;93m2026-09-28 12:13:00.178358 [W:onnxruntime:, graph.cc:4285 CleanUnusedInitializersAndNodeArgs] Removing initializer '/encoder/encoders/encoders.16/self_attn/Constant_5_output_0'. It is not used by any node and should be removed from the model.[m
[0;93m2026-09-28 12:13:00.178363 [W:onnxruntime:, graph.cc:4285 CleanUnusedInitializersAndNodeArgs] Removing initializer '/encoder/encoders/encoders.15/self_attn/Constant_15_output_0'. It is not used by any node and should be removed from the model.[m
[0;93m2026-09-28 12:13:00.178367 [W:onnxruntime:, graph.cc:4285 CleanUnusedInitializersAndNodeArgs] Removing initializer '/encoder/encoders/encoders.16/self_attn/Constant_1_output_0'. It is not used by any node and should be removed from the model.[m
[0;93m2026-09-28 12:13:00.178374 [W:onnxruntime:, graph.cc:4285 CleanUnusedInitializersAndNodeArgs] Removing initializer '/encoder/encoders/encoders.15/self_attn/Constant_9_output_0'. It is not used by any node and should be removed from the model.[m
[0;93m2026-09-28 12:13:00.178379 [W:onnxruntime:, graph.cc:4285 CleanUnusedInitializersAndNodeArgs] Removing initializer '/encoder/encoders/encoders.15/self_attn/Constant_5_output_0'. It is not used by any node and should be removed from the model.[m
[0;93m2026-09-28 12:13:00.178383 [W:onnxruntime:, graph.cc:4285 CleanUnusedInitializersAndNodeArgs] Removing initializer '/encoder/encoders/encoders.15/self_attn/Constant_1_output_0'. It is not used by any node and should be removed from the model.[m
[0;93m2026-09-28 12:13:00.178387 [W:onnxruntime:, graph.cc:4285 CleanUnusedInitializersAndNodeArgs] Removing initializer '/encoder/encoders/encoders.14/self_attn/Constant_14_output_0'. It is not used by any node and should be removed from the model.[m
[0;93m2026-09-28 12:13:00.178392 [W:onnxruntime:, graph.cc:4285 CleanUnusedInitializersAndNodeArgs] Removing initializer '/encoder/encoders/encoders.14/self_attn/Constant_6_output_0'. It is not used by any node and should be removed from the model.[m
[0;93m2026-09-28 12:13:00.178396 [W:onnxruntime:, graph.cc:4285 CleanUnusedInitializersAndNodeArgs] Removing initializer '/encoder/encoders/encoders.14/self_attn/Constant_5_output_0'. It is not used by any node and should be removed from the model.[m
[0;93m2026-09-28 12:13:00.178401 [W:onnxruntime:, graph.cc:4285 CleanUnusedInitializersAndNodeArgs] Removing initializer '/encoder/encoders/encoders.14/self_attn/Constant_2_output_0'. It is not used by any node and should be removed from the model.[m
[0;93m2026-09-28 12:13:00.178407 [W:onnxruntime:, graph.cc:4285 CleanUnusedInitializersAndNodeArgs] Removing initializer '/encoder/encoders/encoders.32/self_attn/Constant_5_output_0'. It is not used by any node and should be removed from the model.[m
[0;93m2026-09-28 12:13:00.178412 [W:onnxruntime:, graph.cc:4285 CleanUnusedInitializersAndNodeArgs] Removing initializer '/encoder/encoders/encoders.13/self_attn/Constant_14_output_0'. It is not used by any node and should be removed from the model.[m
[0;93m2026-09-28 12:13:00.178417 [W:onnxruntime:, graph.cc:4285 CleanUnusedInitializersAndNodeArgs] Removing initializer '/encoder/encoders/encoders.22/self_attn/Constant_14_output_0'. It is not used by any node and should be removed from the model.[m
[0;93m2026-09-28 12:13:00.178423 [W:onnxruntime:, graph.cc:4285 CleanUnusedInitializersAndNodeArgs] Removing initializer '/encoder/encoders/encoders.13/self_attn/Constant_10_output_0'. It is not used by any node and should be removed from the model.[m
[0;93m2026-09-28 12:13:00.178428 [W:onnxruntime:, graph.cc:4285 CleanUnusedInitializersAndNodeArgs] Removing initializer '/encoder/encoders/encoders.13/self_attn/Constant_9_output_0'. It is not used by any node and should be removed from the model.[m
[0;93m2026-09-28 12:13:00.178434 [W:onnxruntime:, graph.cc:4285 CleanUnusedInitializersAndNodeArgs] Removing initializer '/encoder/encoders/encoders.16/self_attn/Constant_2_output_0'. It is not used by any node and should be removed from the model.[m
[0;93m2026-09-28 12:13:00.178441 [W:onnxruntime:, graph.cc:4285 CleanUnusedInitializersAndNodeArgs] Removing initializer '/encoder/encoders/encoders.1/self_attn/Constant_6_output_0'. It is not used by any node and should be removed from the model.[m
[0;93m2026-09-28 12:13:00.178447 [W:onnxruntime:, graph.cc:4285 CleanUnusedInitializersAndNodeArgs] Removing initializer '/encoder/encoders/encoders.13/self_attn/Constant_6_output_0'. It is not used by any node and should be removed from the model.[m
[0;93m2026-09-28 12:13:00.178453 [W:onnxruntime:, graph.cc:4285 CleanUnusedInitializersAndNodeArgs] Removing initializer '/encoder/encoders/encoders.13/self_attn/Constant_5_output_0'. It is not used by any node and should be removed from the model.[m
[0;93m2026-09-28 12:13:00.178459 [W:onnxruntime:, graph.cc:4285 CleanUnusedInitializersAndNodeArgs] Removing initializer '/encoder/encoders/encoders.38/self_attn/Constant_10_output_0'. It is not used by any node and should be removed from the model.[m
[0;93m2026-09-28 12:13:00.178464 [W:onnxruntime:, graph.cc:4285 CleanUnusedInitializersAndNodeArgs] Removing initializer '/encoder/encoders/encoders.10/self_attn/Constant_9_output_0'. It is not used by any node and should be removed from the model.[m
[0;93m2026-09-28 12:13:00.178470 [W:onnxruntime:, graph.cc:4285 CleanUnusedInitializersAndNodeArgs] Removing initializer '/encoder/encoders/encoders.12/self_attn/Constant_10_output_0'. It is not used by any node and should be removed from the model.[m
[0;93m2026-09-28 12:13:00.178474 [W:onnxruntime:, graph.cc:4285 CleanUnusedInitializersAndNodeArgs] Removing initializer '/encoder/encoders/encoders.12/self_attn/Constant_9_output_0'. It is not used by any node and should be removed from the model.[m
[0;93m2026-09-28 12:13:00.178479 [W:onnxruntime:, graph.cc:4285 CleanUnusedInitializersAndNodeArgs] Removing initializer '/encoder/encoders/encoders.12/self_attn/Constant_5_output_0'. It is not used by any node and should be removed from the model.[m
[0;93m2026-09-28 12:13:00.178484 [W:onnxruntime:, graph.cc:4285 CleanUnusedInitializersAndNodeArgs] Removing initializer '/encoder/encoders/encoders.12/self_attn/Constant_1_output_0'. It is not used by any node and should be removed from the model.[m
[0;93m2026-09-28 12:13:00.178489 [W:onnxruntime:, graph.cc:4285 CleanUnusedInitializersAndNodeArgs] Removing initializer '/encoder/encoders/encoders.11/self_attn/Constant_15_output_0'. It is not used by any node and should be removed from the model.[m
[0;93m2026-09-28 12:13:00.178495 [W:onnxruntime:, graph.cc:4285 CleanUnusedInitializersAndNodeArgs] Removing initializer '/encoder/encoders/encoders.11/self_attn/Constant_14_output_0'. It is not used by any node and should be removed from the model.[m
[0;93m2026-09-28 12:13:00.178500 [W:onnxruntime:, graph.cc:4285 CleanUnusedInitializersAndNodeArgs] Removing initializer '/encoder/encoders/encoders.11/self_attn/Constant_2_output_0'. It is not used by any node and should be removed from the model.[m
[0;93m2026-09-28 12:13:00.178504 [W:onnxruntime:, graph.cc:4285 CleanUnusedInitializersAndNodeArgs] Removing initializer '/encoder/encoders/encoders.27/self_attn/Constant_15_output_0'. It is not used by any node and should be removed from the model.[m
[0;93m2026-09-28 12:13:00.178508 [W:onnxruntime:, graph.cc:4285 CleanUnusedInitializersAndNodeArgs] Removing initializer '/encoder/encoders/encoders.10/self_attn/Constant_14_output_0'. It is not used by any node and should be removed from the model.[m
[0;93m2026-09-28 12:13:00.178513 [W:onnxruntime:, graph.cc:4285 CleanUnusedInitializersAndNodeArgs] Removing initializer '/encoder/encoders/encoders.10/self_attn/Constant_5_output_0'. It is not used by any node and should be removed from the model.[m
[0;93m2026-09-28 12:13:00.178517 [W:onnxruntime:, graph.cc:4285 CleanUnusedInitializersAndNodeArgs] Removing initializer '/encoder/encoders/encoders.9/self_attn/Constant_14_output_0'. It is not used by any node and should be removed from the model.[m
[0;93m2026-09-28 12:13:00.178522 [W:onnxruntime:, graph.cc:4285 CleanUnusedInitializersAndNodeArgs] Removing initializer '/encoder/encoders/encoders.44/self_attn/Constant_2_output_0'. It is not used by any node and should be removed from the model.[m
[0;93m2026-09-28 12:13:00.178526 [W:onnxruntime:, graph.cc:4285 CleanUnusedInitializersAndNodeArgs] Removing initializer '/encoder/encoders/encoders.47/self_attn/Constant_2_output_0'. It is not used by any node and should be removed from the model.[m
[0;93m2026-09-28 12:13:00.178530 [W:onnxruntime:, graph.cc:4285 CleanUnusedInitializersAndNodeArgs] Removing initializer '/encoder/encoders/encoders.0/self_attn/Constant_1_output_0'. It is not used by any node and should be removed from the model.[m
[0;93m2026-09-28 12:13:00.178534 [W:onnxruntime:, graph.cc:4285 CleanUnusedInitializersAndNodeArgs] Removing initializer '/encoder/encoders/encoders.13/self_attn/Constant_2_output_0'. It is not used by any node and should be removed from the model.[m
[0;93m2026-09-28 12:13:00.178538 [W:onnxruntime:, graph.cc:4285 CleanUnusedInitializersAndNodeArgs] Removing initializer '/encoder/encoders/encoders.13/self_attn/Constant_1_output_0'. It is not used by any node and should be removed from the model.[m
[0;93m2026-09-28 12:13:00.178542 [W:onnxruntime:, graph.cc:4285 CleanUnusedInitializersAndNodeArgs] Removing initializer '/encoder/encoders/encoders.28/self_attn/Constant_10_output_0'. It is not used by any node and should be removed from the model.[m
[0;93m2026-09-28 12:13:00.178546 [W:onnxruntime:, graph.cc:4285 CleanUnusedInitializersAndNodeArgs] Removing initializer '/encoder/encoders/encoders.8/self_attn/Constant_14_output_0'. It is not used by any node and should be removed from the model.[m
[0;93m2026-09-28 12:13:00.178551 [W:onnxruntime:, graph.cc:4285 CleanUnusedInitializersAndNodeArgs] Removing initializer '/encoder/encoders/encoders.25/self_attn/Constant_10_output_0'. It is not used by any node and should be removed from the model.[m
[0;93m2026-09-28 12:13:00.178555 [W:onnxruntime:, graph.cc:4285 CleanUnusedInitializersAndNodeArgs] Removing initializer '/encoder/encoders/encoders.8/self_attn/Constant_10_output_0'. It is not used by any node and should be removed from the model.[m
[0;93m2026-09-28 12:13:00.178560 [W:onnxruntime:, graph.cc:4285 CleanUnusedInitializersAndNodeArgs] Removing initializer '/encoder/encoders/encoders.11/self_attn/Constant_9_output_0'. It is not used by any node and should be removed from the model.[m
[0;93m2026-09-28 12:13:00.178565 [W:onnxruntime:, graph.cc:4285 CleanUnusedInitializersAndNodeArgs] Removing initializer '/encoder/encoders/encoders.8/self_attn/Constant_9_output_0'. It is not used by any node and should be removed from the model.[m
[0;93m2026-09-28 12:13:00.178572 [W:onnxruntime:, graph.cc:4285 CleanUnusedInitializersAndNodeArgs] Removing initializer '/encoder/encoders/encoders.8/self_attn/Constant_6_output_0'. It is not used by any node and should be removed from the model.[m
[0;93m2026-09-28 12:13:00.178576 [W:onnxruntime:, graph.cc:4285 CleanUnusedInitializersAndNodeArgs] Removing initializer '/encoder/encoders/encoders.8/self_attn/Constant_5_output_0'. It is not used by any node and should be removed from the model.[m
[0;93m2026-09-28 12:13:00.178581 [W:onnxruntime:, graph.cc:4285 CleanUnusedInitializersAndNodeArgs] Removing initializer '/encoder/encoders/encoders.8/self_attn/Constant_2_output_0'. It is not used by any node and should be removed from the model.[m
[0;93m2026-09-28 12:13:00.178585 [W:onnxruntime:, graph.cc:4285 CleanUnusedInitializersAndNodeArgs] Removing initializer '/encoder/encoders/encoders.43/self_attn/Constant_15_output_0'. It is not used by any node and should be removed from the model.[m
[0;93m2026-09-28 12:13:00.178589 [W:onnxruntime:, graph.cc:4285 CleanUnusedInitializersAndNodeArgs] Removing initializer '/encoder/encoders/encoders.8/self_attn/Constant_1_output_0'. It is not used by any node and should be removed from the model.[m
[0;93m2026-09-28 12:13:00.178595 [W:onnxruntime:, graph.cc:4285 CleanUnusedInitializersAndNodeArgs] Removing initializer '/encoder/encoders/encoders.7/self_attn/Constant_15_output_0'. It is not used by any node and should be removed from the model.[m
[0;93m2026-09-28 12:13:00.178599 [W:onnxruntime:, graph.cc:4285 CleanUnusedInitializersAndNodeArgs] Removing initializer '/encoder/encoders/encoders.7/self_attn/Constant_14_output_0'. It is not used by any node and should be removed from the model.[m
[0;93m2026-09-28 12:13:00.178603 [W:onnxruntime:, graph.cc:4285 CleanUnusedInitializersAndNodeArgs] Removing initializer '/encoder/encoders/encoders.9/self_attn/Constant_10_output_0'. It is not used by any node and should be removed from the model.[m
[0;93m2026-09-28 12:13:00.178608 [W:onnxruntime:, graph.cc:4285 CleanUnusedInitializersAndNodeArgs] Removing initializer '/encoder/encoders/encoders.5/self_attn/Constant_2_output_0'. It is not used by any node and should be removed from the model.[m
[0;93m2026-09-28 12:13:00.178614 [W:onnxruntime:, graph.cc:4285 CleanUnusedInitializersAndNodeArgs] Removing initializer '/encoder/encoders/encoders.7/self_attn/Constant_10_output_0'. It is not used by any node and should be removed from the model.[m
[0;93m2026-09-28 12:13:00.178619 [W:onnxruntime:, graph.cc:4285 CleanUnusedInitializersAndNodeArgs] Removing initializer '/encoder/encoders/encoders.7/self_attn/Constant_9_output_0'. It is not used by any node and should be removed from the model.[m
[0;93m2026-09-28 12:13:00.178625 [W:onnxruntime:, graph.cc:4285 CleanUnusedInitializersAndNodeArgs] Removing initializer '/encoder/encoders/encoders.24/self_attn/Constant_2_output_0'. It is not used by any node and should be removed from the model.[m
[0;93m2026-09-28 12:13:00.178630 [W:onnxruntime:, graph.cc:4285 CleanUnusedInitializersAndNodeArgs] Removing initializer '/encoder/encoders/encoders.7/self_attn/Constant_2_output_0'. It is not used by any node and should be removed from the model.[m
[0;93m2026-09-28 12:13:00.178635 [W:onnxruntime:, graph.cc:4285 CleanUnusedInitializersAndNodeArgs] Removing initializer '/encoder/encoders/encoders.7/self_attn/Constant_1_output_0'. It is not used by any node and should be removed from the model.[m
[0;93m2026-09-28 12:13:00.178641 [W:onnxruntime:, graph.cc:4285 CleanUnusedInitializersAndNodeArgs] Removing initializer '/encoder/encoders/encoders.13/self_attn/Constant_15_output_0'. It is not used by any node and should be removed from the model.[m
[0;93m2026-09-28 12:13:00.178648 [W:onnxruntime:, graph.cc:4285 CleanUnusedInitializersAndNodeArgs] Removing initializer '/encoder/encoders/encoders.10/self_attn/Constant_1_output_0'. It is not used by any node and should be removed from the model.[m
[0;93m2026-09-28 12:13:00.178654 [W:onnxruntime:, graph.cc:4285 CleanUnusedInitializersAndNodeArgs] Removing initializer '/encoder/encoders/encoders.26/self_attn/Constant_6_output_0'. It is not used by any node and should be removed from the model.[m
[0;93m2026-09-28 12:13:00.178659 [W:onnxruntime:, graph.cc:4285 CleanUnusedInitializersAndNodeArgs] Removing initializer '/encoder/encoders/encoders.29/self_attn/Constant_10_output_0'. It is not used by any node and should be removed from the model.[m
[0;93m2026-09-28 12:13:00.178664 [W:onnxruntime:, graph.cc:4285 CleanUnusedInitializersAndNodeArgs] Removing initializer '/encoder/encoders/encoders.44/self_attn/Constant_14_output_0'. It is not used by any node and should be removed from the model.[m
[0;93m2026-09-28 12:13:00.178669 [W:onnxruntime:, graph.cc:4285 CleanUnusedInitializersAndNodeArgs] Removing initializer '/encoder/encoders/encoders.9/self_attn/Constant_5_output_0'. It is not used by any node and should be removed from the model.[m
[0;93m2026-09-28 12:13:00.178673 [W:onnxruntime:, graph.cc:4285 CleanUnusedInitializersAndNodeArgs] Removing initializer '/encoder/encoders/encoders.6/self_attn/Constant_9_output_0'. It is not used by any node and should be removed from the model.[m
[0;93m2026-09-28 12:13:00.178677 [W:onnxruntime:, graph.cc:4285 CleanUnusedInitializersAndNodeArgs] Removing initializer '/encoder/encoders/encoders.17/self_attn/Constant_5_output_0'. It is not used by any node and should be removed from the model.[m
[0;93m2026-09-28 12:13:00.178682 [W:onnxruntime:, graph.cc:4285 CleanUnusedInitializersAndNodeArgs] Removing initializer '/encoder/encoders/encoders.6/self_attn/Constant_6_output_0'. It is not used by any node and should be removed from the model.[m
[0;93m2026-09-28 12:13:00.178686 [W:onnxruntime:, graph.cc:4285 CleanUnusedInitializersAndNodeArgs] Removing initializer '/encoder/encoders/encoders.6/self_attn/Constant_5_output_0'. It is not used by any node and should be removed from the model.[m
[0;93m2026-09-28 12:13:00.178691 [W:onnxruntime:, graph.cc:4285 CleanUnusedInitializersAndNodeArgs] Removing initializer '/encoder/encoders/encoders.5/self_attn/Constant_15_output_0'. It is not used by any node and should be removed from the model.[m
[0;93m2026-09-28 12:13:00.178695 [W:onnxruntime:, graph.cc:4285 CleanUnusedInitializersAndNodeArgs] Removing initializer '/encoder/encoders/encoders.5/self_attn/Constant_14_output_0'. It is not used by any node and should be removed from the model.[m
[0;93m2026-09-28 12:13:00.178700 [W:onnxruntime:, graph.cc:4285 CleanUnusedInitializersAndNodeArgs] Removing initializer '/encoder/encoders/encoders.5/self_attn/Constant_10_output_0'. It is not used by any node and should be removed from the model.[m
[0;93m2026-09-28 12:13:00.178705 [W:onnxruntime:, graph.cc:4285 CleanUnusedInitializersAndNodeArgs] Removing initializer '/encoder/encoders/encoders.2/self_attn/Constant_2_output_0'. It is not used by any node and should be removed from the model.[m
[0;93m2026-09-28 12:13:00.178709 [W:onnxruntime:, graph.cc:4285 CleanUnusedInitializersAndNodeArgs] Removing initializer '/encoder/encoders/encoders.4/self_attn/Constant_15_output_0'. It is not used by any node and should be removed from the model.[m
[0;93m2026-09-28 12:13:00.178713 [W:onnxruntime:, graph.cc:4285 CleanUnusedInitializersAndNodeArgs] Removing initializer '/encoder/encoders/encoders.4/self_attn/Constant_14_output_0'. It is not used by any node and should be removed from the model.[m
[0;93m2026-09-28 12:13:00.178718 [W:onnxruntime:, graph.cc:4285 CleanUnusedInitializersAndNodeArgs] Removing initializer '/encoder/encoders/encoders.25/self_attn/Constant_14_output_0'. It is not used by any node and should be removed from the model.[m
[0;93m2026-09-28 12:13:00.178724 [W:onnxruntime:, graph.cc:4285 CleanUnusedInitializersAndNodeArgs] Removing initializer '/encoder/encoders/encoders.22/self_attn/Constant_6_output_0'. It is not used by any node and should be removed from the model.[m
[0;93m2026-09-28 12:13:00.178728 [W:onnxruntime:, graph.cc:4285 CleanUnusedInitializersAndNodeArgs] Removing initializer '/encoder/encoders/encoders.4/self_attn/Constant_10_output_0'. It is not used by any node and should be removed from the model.[m
[0;93m2026-09-28 12:13:00.178733 [W:onnxruntime:, graph.cc:4285 CleanUnusedInitializersAndNodeArgs] Removing initializer '/encoder/encoders/encoders.4/self_attn/Constant_9_output_0'. It is not used by any node and should be removed from the model.[m
[0;93m2026-09-28 12:13:00.178737 [W:onnxruntime:, graph.cc:4285 CleanUnusedInitializersAndNodeArgs] Removing initializer '/encoder/encoders/encoders.11/self_attn/Constant_10_output_0'. It is not used by any node and should be removed from the model.[m
[0;93m2026-09-28 12:13:00.178741 [W:onnxruntime:, graph.cc:4285 CleanUnusedInitializersAndNodeArgs] Removing initializer '/encoder/encoders/encoders.31/self_attn/Constant_6_output_0'. It is not used by any node and should be removed from the model.[m
[0;93m2026-09-28 12:13:00.178745 [W:onnxruntime:, graph.cc:4285 CleanUnusedInitializersAndNodeArgs] Removing initializer '/encoder/encoders/encoders.2/self_attn/Constant_14_output_0'. It is not used by any node and should be removed from the model.[m
[0;93m2026-09-28 12:13:00.178750 [W:onnxruntime:, graph.cc:4285 CleanUnusedInitializersAndNodeArgs] Removing initializer '/encoder/encoders/encoders.23/self_attn/Constant_9_output_0'. It is not used by any node and should be removed from the model.[m
[0;93m2026-09-28 12:13:00.178753 [W:onnxruntime:, graph.cc:4285 CleanUnusedInitializersAndNodeArgs] Removing initializer '/encoder/encoders/encoders.3/self_attn/Constant_10_output_0'. It is not used by any node and should be removed from the model.[m
[0;93m2026-09-28 12:13:00.178757 [W:onnxruntime:, graph.cc:4285 CleanUnusedInitializersAndNodeArgs] Removing initializer '/encoder/encoders/encoders.3/self_attn/Constant_15_output_0'. It is not used by any node and should be removed from the model.[m
[0;93m2026-09-28 12:13:00.178765 [W:onnxruntime:, graph.cc:4285 CleanUnusedInitializersAndNodeArgs] Removing initializer '/encoder/encoders/encoders.43/self_attn/Constant_2_output_0'. It is not used by any node and should be removed from the model.[m
[0;93m2026-09-28 12:13:00.178770 [W:onnxruntime:, graph.cc:4285 CleanUnusedInitializersAndNodeArgs] Removing initializer '/encoder/encoders/encoders.10/self_attn/Constant_6_output_0'. It is not used by any node and should be removed from the model.[m
[0;93m2026-09-28 12:13:00.178774 [W:onnxruntime:, graph.cc:4285 CleanUnusedInitializersAndNodeArgs] Removing initializer '/encoder/encoders/encoders.35/self_attn/Constant_6_output_0'. It is not used by any node and should be removed from the model.[m
[0;93m2026-09-28 12:13:00.178779 [W:onnxruntime:, graph.cc:4285 CleanUnusedInitializersAndNodeArgs] Removing initializer '/encoder/encoders/encoders.3/self_attn/Constant_9_output_0'. It is not used by any node and should be removed from the model.[m
[0;93m2026-09-28 12:13:00.178783 [W:onnxruntime:, graph.cc:4285 CleanUnusedInitializersAndNodeArgs] Removing initializer '/encoder/encoders/encoders.3/self_attn/Constant_5_output_0'. It is not used by any node and should be removed from the model.[m
[0;93m2026-09-28 12:13:00.178787 [W:onnxruntime:, graph.cc:4285 CleanUnusedInitializersAndNodeArgs] Removing initializer '/encoder/encoders/encoders.9/self_attn/Constant_6_output_0'. It is not used by any node and should be removed from the model.[m
[0;93m2026-09-28 12:13:00.178793 [W:onnxruntime:, graph.cc:4285 CleanUnusedInitializersAndNodeArgs] Removing initializer '/encoder/encoders/encoders.3/self_attn/Constant_2_output_0'. It is not used by any node and should be removed from the model.[m
[0;93m2026-09-28 12:13:00.178800 [W:onnxruntime:, graph.cc:4285 CleanUnusedInitializersAndNodeArgs] Removing initializer '/encoder/encoders/encoders.3/self_attn/Constant_1_output_0'. It is not used by any node and should be removed from the model.[m
[0;93m2026-09-28 12:13:00.178806 [W:onnxruntime:, graph.cc:4285 CleanUnusedInitializersAndNodeArgs] Removing initializer '/encoder/encoders/encoders.2/self_attn/Constant_10_output_0'. It is not used by any node and should be removed from the model.[m
[0;93m2026-09-28 12:13:00.178812 [W:onnxruntime:, graph.cc:4285 CleanUnusedInitializersAndNodeArgs] Removing initializer '/encoder/encoders/encoders.2/self_attn/Constant_6_output_0'. It is not used by any node and should be removed from the model.[m
[0;93m2026-09-28 12:13:00.178818 [W:onnxruntime:, graph.cc:4285 CleanUnusedInitializersAndNodeArgs] Removing initializer '/encoder/encoders/encoders.21/self_attn/Constant_15_output_0'. It is not used by any node and should be removed from the model.[m
[0;93m2026-09-28 12:13:00.178823 [W:onnxruntime:, graph.cc:4285 CleanUnusedInitializersAndNodeArgs] Removing initializer '/encoder/encoders/encoders.2/self_attn/Constant_1_output_0'. It is not used by any node and should be removed from the model.[m
[0;93m2026-09-28 12:13:00.178828 [W:onnxruntime:, graph.cc:4285 CleanUnusedInitializersAndNodeArgs] Removing initializer '/encoder/encoders/encoders.32/self_attn/Constant_6_output_0'. It is not used by any node and should be removed from the model.[m
[0;93m2026-09-28 12:13:00.178834 [W:onnxruntime:, graph.cc:4285 CleanUnusedInitializersAndNodeArgs] Removing initializer '/encoder/encoders/encoders.3/self_attn/Constant_14_output_0'. It is not used by any node and should be removed from the model.[m
[0;93m2026-09-28 12:13:00.178842 [W:onnxruntime:, graph.cc:4285 CleanUnusedInitializersAndNodeArgs] Removing initializer '/encoder/encoders/encoders.6/self_attn/Constant_15_output_0'. It is not used by any node and should be removed from the model.[m
[0;93m2026-09-28 12:13:00.178847 [W:onnxruntime:, graph.cc:4285 CleanUnusedInitializersAndNodeArgs] Removing initializer '/encoder/encoders/encoders.19/self_attn/Constant_6_output_0'. It is not used by any node and should be removed from the model.[m
[0;93m2026-09-28 12:13:00.178852 [W:onnxruntime:, graph.cc:4285 CleanUnusedInitializersAndNodeArgs] Removing initializer '/encoder/encoders/encoders.1/self_attn/Constant_9_output_0'. It is not used by any node and should be removed from the model.[m
[0;93m2026-09-28 12:13:00.178857 [W:onnxruntime:, graph.cc:4285 CleanUnusedInitializersAndNodeArgs] Removing initializer '/encoder/encoders/encoders.12/self_attn/Constant_2_output_0'. It is not used by any node and should be removed from the model.[m
[0;93m2026-09-28 12:13:00.178861 [W:onnxruntime:, graph.cc:4285 CleanUnusedInitializersAndNodeArgs] Removing initializer '/encoder/encoders/encoders.19/self_attn/Constant_9_output_0'. It is not used by any node and should be removed from the model.[m
[0;93m2026-09-28 12:13:00.178865 [W:onnxruntime:, graph.cc:4285 CleanUnusedInitializersAndNodeArgs] Removing initializer '/encoder/encoders/encoders.15/self_attn/Constant_10_output_0'. It is not used by any node and should be removed from the model.[m
[0;93m2026-09-28 12:13:00.178869 [W:onnxruntime:, graph.cc:4285 CleanUnusedInitializersAndNodeArgs] Removing initializer '/encoder/encoders/encoders.41/self_attn/Constant_9_output_0'. It is not used by any node and should be removed from the model.[m
[0;93m2026-09-28 12:13:00.178874 [W:onnxruntime:, graph.cc:4285 CleanUnusedInitializersAndNodeArgs] Removing initializer '/encoder/encoders/encoders.0/self_attn/Constant_9_output_0'. It is not used by any node and should be removed from the model.[m
[0;93m2026-09-28 12:13:00.178878 [W:onnxruntime:, graph.cc:4285 CleanUnusedInitializersAndNodeArgs] Removing initializer '/encoder/encoders/encoders.12/self_attn/Constant_15_output_0'. It is not used by any node and should be removed from the model.[m
[0;93m2026-09-28 12:13:00.178883 [W:onnxruntime:, graph.cc:4285 CleanUnusedInitializersAndNodeArgs] Removing initializer '/encoder/encoders/encoders.34/self_attn/Constant_9_output_0'. It is not used by any node and should be removed from the model.[m
[0;93m2026-09-28 12:13:00.178889 [W:onnxruntime:, graph.cc:4285 CleanUnusedInitializersAndNodeArgs] Removing initializer '/encoder/encoders/encoders.4/self_attn/Constant_2_output_0'. It is not used by any node and should be removed from the model.[m
[0;93m2026-09-28 12:13:00.178893 [W:onnxruntime:, graph.cc:4285 CleanUnusedInitializersAndNodeArgs] Removing initializer '/encoder/encoders/encoders.45/self_attn/Constant_15_output_0'. It is not used by any node and should be removed from the model.[m
[0;93m2026-09-28 12:13:00.178898 [W:onnxruntime:, graph.cc:4285 CleanUnusedInitializersAndNodeArgs] Removing initializer '/encoder/encoders/encoders.0/self_attn/Constant_5_output_0'. It is not used by any node and should be removed from the model.[m
[0;93m2026-09-28 12:13:00.178902 [W:onnxruntime:, graph.cc:4285 CleanUnusedInitializersAndNodeArgs] Removing initializer '/encoder/encoders/encoders.14/self_attn/Constant_9_output_0'. It is not used by any node and should be removed from the model.[m
[0;93m2026-09-28 12:13:00.178907 [W:onnxruntime:, graph.cc:4285 CleanUnusedInitializersAndNodeArgs] Removing initializer '/encoder/encoders/encoders.14/self_attn/Constant_1_output_0'. It is not used by any node and should be removed from the model.[m
[0;93m2026-09-28 12:13:00.178911 [W:onnxruntime:, graph.cc:4285 CleanUnusedInitializersAndNodeArgs] Removing initializer '/encoder/make_pad_mask/Constant_1_output_0'. It is not used by any node and should be removed from the model.[m
[0;93m2026-09-28 12:13:00.178915 [W:onnxruntime:, graph.cc:4285 CleanUnusedInitializersAndNodeArgs] Removing initializer '/encoder/make_pad_mask/Constant_output_0'. It is not used by any node and should be removed from the model.[m
[0;93m2026-09-28 12:13:00.178921 [W:onnxruntime:, graph.cc:4285 CleanUnusedInitializersAndNodeArgs] Removing initializer '/encoder/encoders/encoders.35/self_attn/Constant_9_output_0'. It is not used by any node and should be removed from the model.[m
[0;93m2026-09-28 12:13:00.178926 [W:onnxruntime:, graph.cc:4285 CleanUnusedInitializersAndNodeArgs] Removing initializer '/encoder/encoders/encoders.28/self_attn/Constant_15_output_0'. It is not used by any node and should be removed from the model.[m
[0;93m2026-09-28 12:13:00.178931 [W:onnxruntime:, graph.cc:4285 CleanUnusedInitializersAndNodeArgs] Removing initializer '/encoder/encoders/encoders.44/self_attn/Constant_1_output_0'. It is not used by any node and should be removed from the model.[m
[0;93m2026-09-28 12:13:00.178936 [W:onnxruntime:, graph.cc:4285 CleanUnusedInitializersAndNodeArgs] Removing initializer '/encoder/encoders/encoders.39/self_attn/Constant_10_output_0'. It is not used by any node and should be removed from the model.[m
[0;93m2026-09-28 12:13:00.178940 [W:onnxruntime:, graph.cc:4285 CleanUnusedInitializersAndNodeArgs] Removing initializer '/encoder/encoders/encoders.26/self_attn/Constant_2_output_0'. It is not used by any node and should be removed from the model.[m
[0;93m2026-09-28 12:13:00.178945 [W:onnxruntime:, graph.cc:4285 CleanUnusedInitializersAndNodeArgs] Removing initializer '/encoder/encoders/encoders.11/self_attn/Constant_1_output_0'. It is not used by any node and should be removed from the model.[m
[0;93m2026-09-28 12:13:00.178950 [W:onnxruntime:, graph.cc:4285 CleanUnusedInitializersAndNodeArgs] Removing initializer '/encoder/encoders/encoders.22/self_attn/Constant_5_output_0'. It is not used by any node and should be removed from the model.[m
[0;93m2026-09-28 12:13:00.178954 [W:onnxruntime:, graph.cc:4285 CleanUnusedInitializersAndNodeArgs] Removing initializer '/encoder/encoders/encoders.28/self_attn/Constant_1_output_0'. It is not used by any node and should be removed from the model.[m
[0;93m2026-09-28 12:13:00.178959 [W:onnxruntime:, graph.cc:4285 CleanUnusedInitializersAndNodeArgs] Removing initializer '/encoder/encoders/encoders.26/self_attn/Constant_5_output_0'. It is not used by any node and should be removed from the model.[m
[0;93m2026-09-28 12:13:00.178966 [W:onnxruntime:, graph.cc:4285 CleanUnusedInitializersAndNodeArgs] Removing initializer '/encoder/encoders/encoders.0/self_attn/Constant_6_output_0'. It is not used by any node and should be removed from the model.[m
[0;93m2026-09-28 12:13:00.178970 [W:onnxruntime:, graph.cc:4285 CleanUnusedInitializersAndNodeArgs] Removing initializer '/encoder/encoders/encoders.48/self_attn/Constant_10_output_0'. It is not used by any node and should be removed from the model.[m
[0;93m2026-09-28 12:13:00.178976 [W:onnxruntime:, graph.cc:4285 CleanUnusedInitializersAndNodeArgs] Removing initializer '/encoder/encoders/encoders.37/self_attn/Constant_15_output_0'. It is not used by any node and should be removed from the model.[m
[0;93m2026-09-28 12:13:00.178980 [W:onnxruntime:, graph.cc:4285 CleanUnusedInitializersAndNodeArgs] Removing initializer '/encoder/encoders/encoders.29/self_attn/Constant_5_output_0'. It is not used by any node and should be removed from the model.[m
[0;93m2026-09-28 12:13:00.178985 [W:onnxruntime:, graph.cc:4285 CleanUnusedInitializersAndNodeArgs] Removing initializer '/encoder/encoders/encoders.22/self_attn/Constant_2_output_0'. It is not used by any node and should be removed from the model.[m
[0;93m2026-09-28 12:13:00.178990 [W:onnxruntime:, graph.cc:4285 CleanUnusedInitializersAndNodeArgs] Removing initializer '/encoder/encoders/encoders.1/self_attn/Constant_1_output_0'. It is not used by any node and should be removed from the model.[m
[0;93m2026-09-28 12:13:00.178995 [W:onnxruntime:, graph.cc:4285 CleanUnusedInitializersAndNodeArgs] Removing initializer '/encoder/encoders/encoders.0/self_attn/Constant_14_output_0'. It is not used by any node and should be removed from the model.[m
[0;93m2026-09-28 12:13:00.178999 [W:onnxruntime:, graph.cc:4285 CleanUnusedInitializersAndNodeArgs] Removing initializer '/encoder/encoders/encoders.14/self_attn/Constant_15_output_0'. It is not used by any node and should be removed from the model.[m
[0;93m2026-09-28 12:13:00.179004 [W:onnxruntime:, graph.cc:4285 CleanUnusedInitializersAndNodeArgs] Removing initializer '/encoder/encoders/encoders.11/self_attn/Constant_6_output_0'. It is not used by any node and should be removed from the model.[m
[0;93m2026-09-28 12:13:00.179009 [W:onnxruntime:, graph.cc:4285 CleanUnusedInitializersAndNodeArgs] Removing initializer '/encoder/encoders/encoders.2/self_attn/Constant_5_output_0'. It is not used by any node and should be removed from the model.[m
[0;93m2026-09-28 12:13:00.179016 [W:onnxruntime:, graph.cc:4285 CleanUnusedInitializersAndNodeArgs] Removing initializer '/encoder/encoders/encoders.30/self_attn/Constant_14_output_0'. It is not used by any node and should be removed from the model.[m
[0;93m2026-09-28 12:13:00.179021 [W:onnxruntime:, graph.cc:4285 CleanUnusedInitializersAndNodeArgs] Removing initializer '/encoder/encoders/encoders.42/self_attn/Constant_10_output_0'. It is not used by any node and should be removed from the model.[m
[0;93m2026-09-28 12:13:00.179026 [W:onnxruntime:, graph.cc:4285 CleanUnusedInitializersAndNodeArgs] Removing initializer '/encoder/encoders/encoders.33/self_attn/Constant_6_output_0'. It is not used by any node and should be removed from the model.[m
[0;93m2026-09-28 12:13:00.179032 [W:onnxruntime:, graph.cc:4285 CleanUnusedInitializersAndNodeArgs] Removing initializer '/encoder/encoders/encoders.37/self_attn/Constant_1_output_0'. It is not used by any node and should be removed from the model.[m
[0;93m2026-09-28 12:13:00.179039 [W:onnxruntime:, graph.cc:4285 CleanUnusedInitializersAndNodeArgs] Removing initializer '/encoder/encoders/encoders.2/self_attn/Constant_9_output_0'. It is not used by any node and should be removed from the model.[m
[0;93m2026-09-28 12:13:00.179046 [W:onnxruntime:, graph.cc:4285 CleanUnusedInitializersAndNodeArgs] Removing initializer '/encoder/encoders/encoders.24/self_attn/Constant_9_output_0'. It is not used by any node and should be removed from the model.[m
[0;93m2026-09-28 12:13:00.179051 [W:onnxruntime:, graph.cc:4285 CleanUnusedInitializersAndNodeArgs] Removing initializer '/encoder/encoders/encoders.1/self_attn/Constant_5_output_0'. It is not used by any node and should be removed from the model.[m
[0;93m2026-09-28 12:13:00.179056 [W:onnxruntime:, graph.cc:4285 CleanUnusedInitializersAndNodeArgs] Removing initializer '/encoder/encoders/encoders.45/self_attn/Constant_1_output_0'. It is not used by any node and should be removed from the model.[m
[0;93m2026-09-28 12:13:00.179060 [W:onnxruntime:, graph.cc:4285 CleanUnusedInitializersAndNodeArgs] Removing initializer '/encoder/encoders/encoders.46/self_attn/Constant_15_output_0'. It is not used by any node and should be removed from the model.[m
[0;93m2026-09-28 12:13:00.179066 [W:onnxruntime:, graph.cc:4285 CleanUnusedInitializersAndNodeArgs] Removing initializer '/encoder/encoders/encoders.0/self_attn/Constant_10_output_0'. It is not used by any node and should be removed from the model.[m
[0;93m2026-09-28 12:13:00.179071 [W:onnxruntime:, graph.cc:4285 CleanUnusedInitializersAndNodeArgs] Removing initializer '/encoder/encoders/encoders.33/self_attn/Constant_15_output_0'. It is not used by any node and should be removed from the model.[m
[0;93m2026-09-28 12:13:00.179077 [W:onnxruntime:, graph.cc:4285 CleanUnusedInitializersAndNodeArgs] Removing initializer '/encoder/encoders/encoders.9/self_attn/Constant_15_output_0'. It is not used by any node and should be removed from the model.[m
[0;93m2026-09-28 12:13:00.179082 [W:onnxruntime:, graph.cc:4285 CleanUnusedInitializersAndNodeArgs] Removing initializer '/encoder/encoders/encoders.19/self_attn/Constant_10_output_0'. It is not used by any node and should be removed from the model.[m
[0;93m2026-09-28 12:13:00.179086 [W:onnxruntime:, graph.cc:4285 CleanUnusedInitializersAndNodeArgs] Removing initializer '/encoder/encoders/encoders.38/self_attn/Constant_15_output_0'. It is not used by any node and should be removed from the model.[m
[0;93m2026-09-28 12:13:00.179090 [W:onnxruntime:, graph.cc:4285 CleanUnusedInitializersAndNodeArgs] Removing initializer '/encoder/encoders/encoders.14/self_attn/Constant_10_output_0'. It is not used by any node and should be removed from the model.[m
[0;93m2026-09-28 12:13:00.179095 [W:onnxruntime:, graph.cc:4285 CleanUnusedInitializersAndNodeArgs] Removing initializer '/encoder/encoders/encoders.0/self_attn/Constant_15_output_0'. It is not used by any node and should be removed from the model.[m
[0;93m2026-09-28 12:13:00.179099 [W:onnxruntime:, graph.cc:4285 CleanUnusedInitializersAndNodeArgs] Removing initializer '/encoder/encoders/encoders.40/self_attn/Constant_6_output_0'. It is not used by any node and should be removed from the model.[m
[0;93m2026-09-28 12:13:00.179104 [W:onnxruntime:, graph.cc:4285 CleanUnusedInitializersAndNodeArgs] Removing initializer '/encoder/encoders/encoders.10/self_attn/Constant_15_output_0'. It is not used by any node and should be removed from the model.[m
[0;93m2026-09-28 12:13:00.179108 [W:onnxruntime:, graph.cc:4285 CleanUnusedInitializersAndNodeArgs] Removing initializer '/encoder/encoders/encoders.33/self_attn/Constant_2_output_0'. It is not used by any node and should be removed from the model.[m
[0;93m2026-09-28 12:13:00.179114 [W:onnxruntime:, graph.cc:4285 CleanUnusedInitializersAndNodeArgs] Removing initializer '/encoder/encoders/encoders.30/self_attn/Constant_5_output_0'. It is not used by any node and should be removed from the model.[m
[0;93m2026-09-28 12:13:00.179119 [W:onnxruntime:, graph.cc:4285 CleanUnusedInitializersAndNodeArgs] Removing initializer '/encoder/encoders/encoders.24/self_attn/Constant_14_output_0'. It is not used by any node and should be removed from the model.[m
[0;93m2026-09-28 12:13:00.179123 [W:onnxruntime:, graph.cc:4285 CleanUnusedInitializersAndNodeArgs] Removing initializer '/encoder/encoders/encoders.43/self_attn/Constant_9_output_0'. It is not used by any node and should be removed from the model.[m
[0;93m2026-09-28 12:13:00.179129 [W:onnxruntime:, graph.cc:4285 CleanUnusedInitializersAndNodeArgs] Removing initializer '/encoder/encoders/encoders.4/self_attn/Constant_1_output_0'. It is not used by any node and should be removed from the model.[m
[0;93m2026-09-28 12:13:00.179135 [W:onnxruntime:, graph.cc:4285 CleanUnusedInitializersAndNodeArgs] Removing initializer '/encoder/encoders/encoders.45/self_attn/Constant_10_output_0'. It is not used by any node and should be removed from the model.[m
[0;93m2026-09-28 12:13:00.179141 [W:onnxruntime:, graph.cc:4285 CleanUnusedInitializersAndNodeArgs] Removing initializer '/encoder/encoders/encoders.5/self_attn/Constant_9_output_0'. It is not used by any node and should be removed from the model.[m
[0;93m2026-09-28 12:13:00.179146 [W:onnxruntime:, graph.cc:4285 CleanUnusedInitializersAndNodeArgs] Removing initializer '/encoder/encoders/encoders.0/self_attn/Constant_2_output_0'. It is not used by any node and should be removed from the model.[m
[0;93m2026-09-28 12:13:00.179150 [W:onnxruntime:, graph.cc:4285 CleanUnusedInitializersAndNodeArgs] Removing initializer '/encoder/encoders/encoders.5/self_attn/Constant_1_output_0'. It is not used by any node and should be removed from the model.[m
[0;93m2026-09-28 12:13:00.179154 [W:onnxruntime:, graph.cc:4285 CleanUnusedInitializersAndNodeArgs] Removing initializer '/encoder/encoders/encoders.34/self_attn/Constant_1_output_0'. It is not used by any node and should be removed from the model.[m
[0;93m2026-09-28 12:13:00.179159 [W:onnxruntime:, graph.cc:4285 CleanUnusedInitializersAndNodeArgs] Removing initializer '/encoder/encoders/encoders.41/self_attn/Constant_14_output_0'. It is not used by any node and should be removed from the model.[m
[0;93m2026-09-28 12:13:00.179163 [W:onnxruntime:, graph.cc:4285 CleanUnusedInitializersAndNodeArgs] Removing initializer '/encoder/encoders/encoders.42/self_attn/Constant_6_output_0'. It is not used by any node and should be removed from the model.[m
[0;93m2026-09-28 12:13:00.179170 [W:onnxruntime:, graph.cc:4285 CleanUnusedInitializersAndNodeArgs] Removing initializer '/encoder/encoders/encoders.30/self_attn/Constant_6_output_0'. It is not used by any node and should be removed from the model.[m
[0;93m2026-09-28 12:13:00.179174 [W:onnxruntime:, graph.cc:4285 CleanUnusedInitializersAndNodeArgs] Removing initializer '/encoder/encoders/encoders.27/self_attn/Constant_10_output_0'. It is not used by any node and should be removed from the model.[m
[0;93m2026-09-28 12:13:00.179179 [W:onnxruntime:, graph.cc:4285 CleanUnusedInitializersAndNodeArgs] Removing initializer '/encoder/encoders/encoders.38/self_attn/Constant_6_output_0'. It is not used by any node and should be removed from the model.[m
[0;93m2026-09-28 12:13:00.179183 [W:onnxruntime:, graph.cc:4285 CleanUnusedInitializersAndNodeArgs] Removing initializer '/encoder/encoders/encoders.44/self_attn/Constant_10_output_0'. It is not used by any node and should be removed from the model.[m
[0;93m2026-09-28 12:13:00.179188 [W:onnxruntime:, graph.cc:4285 CleanUnusedInitializersAndNodeArgs] Removing initializer '/encoder/encoders/encoders.33/self_attn/Constant_1_output_0'. It is not used by any node and should be removed from the model.[m
[0;93m2026-09-28 12:13:00.179193 [W:onnxruntime:, graph.cc:4285 CleanUnusedInitializersAndNodeArgs] Removing initializer '/encoder/encoders/encoders.10/self_attn/Constant_10_output_0'. It is not used by any node and should be removed from the model.[m
[0;93m2026-09-28 12:13:00.179198 [W:onnxruntime:, graph.cc:4285 CleanUnusedInitializersAndNodeArgs] Removing initializer '/encoder/encoders/encoders.29/self_attn/Constant_14_output_0'. It is not used by any node and should be removed from the model.[m
[0;93m2026-09-28 12:13:00.179205 [W:onnxruntime:, graph.cc:4285 CleanUnusedInitializersAndNodeArgs] Removing initializer '/encoder/encoders/encoders.35/self_attn/Constant_10_output_0'. It is not used by any node and should be removed from the model.[m
[0;93m2026-09-28 12:13:00.179210 [W:onnxruntime:, graph.cc:4285 CleanUnusedInitializersAndNodeArgs] Removing initializer '/encoder/encoders/encoders.10/self_attn/Constant_2_output_0'. It is not used by any node and should be removed from the model.[m
[0;93m2026-09-28 12:13:00.179216 [W:onnxruntime:, graph.cc:4285 CleanUnusedInitializersAndNodeArgs] Removing initializer '/encoder/encoders/encoders.6/self_attn/Constant_2_output_0'. It is not used by any node and should be removed from the model.[m
[0;93m2026-09-28 12:13:00.179222 [W:onnxruntime:, graph.cc:4285 CleanUnusedInitializersAndNodeArgs] Removing initializer '/encoder/encoders/encoders.9/self_attn/Constant_2_output_0'. It is not used by any node and should be removed from the model.[m
[0;93m2026-09-28 12:13:00.179228 [W:onnxruntime:, graph.cc:4285 CleanUnusedInitializersAndNodeArgs] Removing initializer '/encoder/encoders/encoders.1/self_attn/Constant_2_output_0'. It is not used by any node and should be removed from the model.[m
[0;93m2026-09-28 12:13:00.179234 [W:onnxruntime:, graph.cc:4285 CleanUnusedInitializersAndNodeArgs] Removing initializer '/encoder/encoders/encoders.18/self_attn/Constant_9_output_0'. It is not used by any node and should be removed from the model.[m
[0;93m2026-09-28 12:13:00.179240 [W:onnxruntime:, graph.cc:4285 CleanUnusedInitializersAndNodeArgs] Removing initializer '/encoder/encoders/encoders.7/self_attn/Constant_6_output_0'. It is not used by any node and should be removed from the model.[m
[0;93m2026-09-28 12:13:00.179247 [W:onnxruntime:, graph.cc:4285 CleanUnusedInitializersAndNodeArgs] Removing initializer '/encoder/encoders/encoders.32/self_attn/Constant_9_output_0'. It is not used by any node and should be removed from the model.[m
[0;93m2026-09-28 12:13:00.179252 [W:onnxruntime:, graph.cc:4285 CleanUnusedInitializersAndNodeArgs] Removing initializer '/encoder/encoders/encoders.41/self_attn/Constant_2_output_0'. It is not used by any node and should be removed from the model.[m
[0;93m2026-09-28 12:13:00.179258 [W:onnxruntime:, graph.cc:4285 CleanUnusedInitializersAndNodeArgs] Removing initializer '/encoder/encoders/encoders.33/self_attn/Constant_14_output_0'. It is not used by any node and should be removed from the model.[m
[0;93m2026-09-28 12:13:00.179263 [W:onnxruntime:, graph.cc:4285 CleanUnusedInitializersAndNodeArgs] Removing initializer '/encoder/encoders/encoders.28/self_attn/Constant_2_output_0'. It is not used by any node and should be removed from the model.[m
[0;93m2026-09-28 12:13:00.179267 [W:onnxruntime:, graph.cc:4285 CleanUnusedInitializersAndNodeArgs] Removing initializer '/encoder/encoders/encoders.17/self_attn/Constant_6_output_0'. It is not used by any node and should be removed from the model.[m
[0;93m2026-09-28 12:13:00.179272 [W:onnxruntime:, graph.cc:4285 CleanUnusedInitializersAndNodeArgs] Removing initializer '/encoder/encoders/encoders.23/self_attn/Constant_2_output_0'. It is not used by any node and should be removed from the model.[m
[0;93m2026-09-28 12:13:00.179276 [W:onnxruntime:, graph.cc:4285 CleanUnusedInitializersAndNodeArgs] Removing initializer '/encoder/encoders/encoders.15/self_attn/Constant_2_output_0'. It is not used by any node and should be removed from the model.[m
[0;93m2026-09-28 12:13:00.179280 [W:onnxruntime:, graph.cc:4285 CleanUnusedInitializersAndNodeArgs] Removing initializer '/encoder/encoders/encoders.15/self_attn/Constant_6_output_0'. It is not used by any node and should be removed from the model.[m
[0;93m2026-09-28 12:13:00.179285 [W:onnxruntime:, graph.cc:4285 CleanUnusedInitializersAndNodeArgs] Removing initializer '/encoder/encoders/encoders.1/self_attn/Constant_15_output_0'. It is not used by any node and should be removed from the model.[m
[0;93m2026-09-28 12:13:00.179289 [W:onnxruntime:, graph.cc:4285 CleanUnusedInitializersAndNodeArgs] Removing initializer '/encoder/encoders/encoders.1/self_attn/Constant_14_output_0'. It is not used by any node and should be removed from the model.[m
[0;93m2026-09-28 12:13:00.179294 [W:onnxruntime:, graph.cc:4285 CleanUnusedInitializersAndNodeArgs] Removing initializer '/encoder/encoders/encoders.8/self_attn/Constant_15_output_0'. It is not used by any node and should be removed from the model.[m
[0;93m2026-09-28 12:13:00.179298 [W:onnxruntime:, graph.cc:4285 CleanUnusedInitializersAndNodeArgs] Removing initializer '/encoder/encoders/encoders.16/self_attn/Constant_15_output_0'. It is not used by any node and should be removed from the model.[m
[0;93m2026-09-28 12:13:00.179303 [W:onnxruntime:, graph.cc:4285 CleanUnusedInitializersAndNodeArgs] Removing initializer '/encoder/encoders/encoders.40/self_attn/Constant_15_output_0'. It is not used by any node and should be removed from the model.[m
[0;93m2026-09-28 12:13:00.179307 [W:onnxruntime:, graph.cc:4285 CleanUnusedInitializersAndNodeArgs] Removing initializer '/encoder/encoders/encoders.24/self_attn/Constant_1_output_0'. It is not used by any node and should be removed from the model.[m
[0;93m2026-09-28 12:13:00.179311 [W:onnxruntime:, graph.cc:4285 CleanUnusedInitializersAndNodeArgs] Removing initializer '/encoder/encoders/encoders.33/self_attn/Constant_9_output_0'. It is not used by any node and should be removed from the model.[m
[0;93m2026-09-28 12:13:00.179316 [W:onnxruntime:, graph.cc:4285 CleanUnusedInitializersAndNodeArgs] Removing initializer '/encoder/encoders/encoders.27/self_attn/Constant_1_output_0'. It is not used by any node and should be removed from the model.[m
[0;93m2026-09-28 12:13:00.179321 [W:onnxruntime:, graph.cc:4285 CleanUnusedInitializersAndNodeArgs] Removing initializer '/encoder/encoders/encoders.12/self_attn/Constant_14_output_0'. It is not used by any node and should be removed from the model.[m
[0;93m2026-09-28 12:13:00.179326 [W:onnxruntime:, graph.cc:4285 CleanUnusedInitializersAndNodeArgs] Removing initializer '/encoder/encoders/encoders.39/self_attn/Constant_9_output_0'. It is not used by any node and should be removed from the model.[m
[0;93m2026-09-28 12:13:00.179330 [W:onnxruntime:, graph.cc:4285 CleanUnusedInitializersAndNodeArgs] Removing initializer '/encoder/encoders/encoders.47/self_attn/Constant_5_output_0'. It is not used by any node and should be removed from the model.[m
[0;93m2026-09-28 12:13:00.179335 [W:onnxruntime:, graph.cc:4285 CleanUnusedInitializersAndNodeArgs] Removing initializer '/encoder/encoders/encoders.39/self_attn/Constant_5_output_0'. It is not used by any node and should be removed from the model.[m
[0;93m2026-09-28 12:13:00.179339 [W:onnxruntime:, graph.cc:4285 CleanUnusedInitializersAndNodeArgs] Removing initializer '/encoder/encoders/encoders.19/self_attn/Constant_1_output_0'. It is not used by any node and should be removed from the model.[m
[0;93m2026-09-28 12:13:00.179344 [W:onnxruntime:, graph.cc:4285 CleanUnusedInitializersAndNodeArgs] Removing initializer '/encoder/encoders/encoders.25/self_attn/Constant_6_output_0'. It is not used by any node and should be removed from the model.[m
[0;93m2026-09-28 12:13:00.179349 [W:onnxruntime:, graph.cc:4285 CleanUnusedInitializersAndNodeArgs] Removing initializer '/encoder/encoders/encoders.4/self_attn/Constant_5_output_0'. It is not used by any node and should be removed from the model.[m
[0;93m2026-09-28 12:13:00.179353 [W:onnxruntime:, graph.cc:4285 CleanUnusedInitializersAndNodeArgs] Removing initializer '/encoder/encoders/encoders.43/self_attn/Constant_6_output_0'. It is not used by any node and should be removed from the model.[m
[0;93m2026-09-28 12:13:00.179358 [W:onnxruntime:, graph.cc:4285 CleanUnusedInitializersAndNodeArgs] Removing initializer '/encoder/encoders/encoders.22/self_attn/Constant_15_output_0'. It is not used by any node and should be removed from the model.[m
[0;93m2026-09-28 12:13:00.179363 [W:onnxruntime:, graph.cc:4285 CleanUnusedInitializersAndNodeArgs] Removing initializer '/encoder/encoders/encoders.11/self_attn/Constant_5_output_0'. It is not used by any node and should be removed from the model.[m
[0;93m2026-09-28 12:13:00.179370 [W:onnxruntime:, graph.cc:4285 CleanUnusedInitializersAndNodeArgs] Removing initializer '/encoder/encoders/encoders.6/self_attn/Constant_10_output_0'. It is not used by any node and should be removed from the model.[m
[0;93m2026-09-28 12:13:00.179374 [W:onnxruntime:, graph.cc:4285 CleanUnusedInitializersAndNodeArgs] Removing initializer '/encoder/encoders/encoders.15/self_attn/Constant_14_output_0'. It is not used by any node and should be removed from the model.[m
[0;93m2026-09-28 12:13:00.179379 [W:onnxruntime:, graph.cc:4285 CleanUnusedInitializersAndNodeArgs] Removing initializer '/encoder/encoders/encoders.16/self_attn/Constant_14_output_0'. It is not used by any node and should be removed from the model.[m
[0;93m2026-09-28 12:13:00.179383 [W:onnxruntime:, graph.cc:4285 CleanUnusedInitializersAndNodeArgs] Removing initializer '/encoder/encoders/encoders.12/self_attn/Constant_6_output_0'. It is not used by any node and should be removed from the model.[m
[0;93m2026-09-28 12:13:00.179388 [W:onnxruntime:, graph.cc:4285 CleanUnusedInitializersAndNodeArgs] Removing initializer '/encoder/encoders/encoders.42/self_attn/Constant_5_output_0'. It is not used by any node and should be removed from the model.[m
[0;93m2026-09-28 12:13:00.179395 [W:onnxruntime:, graph.cc:4285 CleanUnusedInitializersAndNodeArgs] Removing initializer '/encoder/encoders/encoders.4/self_attn/Constant_6_output_0'. It is not used by any node and should be removed from the model.[m
[0;93m2026-09-28 12:13:00.179400 [W:onnxruntime:, graph.cc:4285 CleanUnusedInitializersAndNodeArgs] Removing initializer '/encoder/encoders/encoders.7/self_attn/Constant_5_output_0'. It is not used by any node and should be removed from the model.[m
[0;93m2026-09-28 12:13:00.179405 [W:onnxruntime:, graph.cc:4285 CleanUnusedInitializersAndNodeArgs] Removing initializer '/encoder/encoders/encoders.47/self_attn/Constant_6_output_0'. It is not used by any node and should be removed from the model.[m
[0;93m2026-09-28 12:13:00.179411 [W:onnxruntime:, graph.cc:4285 CleanUnusedInitializersAndNodeArgs] Removing initializer '/encoder/encoders/encoders.46/self_attn/Constant_1_output_0'. It is not used by any node and should be removed from the model.[m
[0;93m2026-09-28 12:13:00.179417 [W:onnxruntime:, graph.cc:4285 CleanUnusedInitializersAndNodeArgs] Removing initializer '/encoder/encoders/encoders.9/self_attn/Constant_9_output_0'. It is not used by any node and should be removed from the model.[m
[0;93m2026-09-28 12:13:00.179423 [W:onnxruntime:, graph.cc:4285 CleanUnusedInitializersAndNodeArgs] Removing initializer '/encoder/encoders/encoders.6/self_attn/Constant_1_output_0'. It is not used by any node and should be removed from the model.[m
[0;93m2026-09-28 12:13:00.179429 [W:onnxruntime:, graph.cc:4285 CleanUnusedInitializersAndNodeArgs] Removing initializer '/encoder/encoders/encoders.9/self_attn/Constant_1_output_0'. It is not used by any node and should be removed from the model.[m
[0;93m2026-09-28 12:13:00.179435 [W:onnxruntime:, graph.cc:4285 CleanUnusedInitializersAndNodeArgs] Removing initializer '/encoder/encoders/encoders.5/self_attn/Constant_6_output_0'. It is not used by any node and should be removed from the model.[m
[0;93m2026-09-28 12:13:00.179441 [W:onnxruntime:, graph.cc:4285 CleanUnusedInitializersAndNodeArgs] Removing initializer '/encoder/encoders/encoders.5/self_attn/Constant_5_output_0'. It is not used by any node and should be removed from the model.[m
[0;93m2026-09-28 12:13:00.179448 [W:onnxruntime:, graph.cc:4285 CleanUnusedInitializersAndNodeArgs] Removing initializer '/encoder/encoders/encoders.17/self_attn/Constant_9_output_0'. It is not used by any node and should be removed from the model.[m
[0;93m2026-09-28 12:13:00.179454 [W:onnxruntime:, graph.cc:4285 CleanUnusedInitializersAndNodeArgs] Removing initializer '/encoder/encoders/encoders.44/self_attn/Constant_6_output_0'. It is not used by any node and should be removed from the model.[m
[0;93m2026-09-28 12:13:00.179459 [W:onnxruntime:, graph.cc:4285 CleanUnusedInitializersAndNodeArgs] Removing initializer '/encoder/encoders/encoders.3/self_attn/Constant_6_output_0'. It is not used by any node and should be removed from the model.[m
[0;93m2026-09-28 12:13:00.179464 [W:onnxruntime:, graph.cc:4285 CleanUnusedInitializersAndNodeArgs] Removing initializer '/encoder/encoders/encoders.31/self_attn/Constant_1_output_0'. It is not used by any node and should be removed from the model.[m
[0;93m2026-09-28 12:13:00.179469 [W:onnxruntime:, graph.cc:4285 CleanUnusedInitializersAndNodeArgs] Removing initializer '/encoder/encoders/encoders.2/self_attn/Constant_15_output_0'. It is not used by any node and should be removed from the model.[m
[0;93m2026-09-28 12:13:00.179474 [W:onnxruntime:, graph.cc:4285 CleanUnusedInitializersAndNodeArgs] Removing initializer '/encoder/encoders/encoders.20/self_attn/Constant_2_output_0'. It is not used by any node and should be removed from the model.[m
[0;93m2026-09-28 12:13:00.179479 [W:onnxruntime:, graph.cc:4285 CleanUnusedInitializersAndNodeArgs] Removing initializer '/encoder/encoders/encoders.6/self_attn/Constant_14_output_0'. It is not used by any node and should be removed from the model.[m
[0;93m2026-09-28 12:13:00.179483 [W:onnxruntime:, graph.cc:4285 CleanUnusedInitializersAndNodeArgs] Removing initializer '/encoder/encoders/encoders.36/self_attn/Constant_9_output_0'. It is not used by any node and should be removed from the model.[m
[0;93m2026-09-28 12:13:00.179488 [W:onnxruntime:, graph.cc:4285 CleanUnusedInitializersAndNodeArgs] Removing initializer '/encoder/encoders/encoders.1/self_attn/Constant_10_output_0'. It is not used by any node and should be removed from the model.[m
{
  "status": "prepared",
  "samples": 2,
  "compiler": "not-run",
  "output": "../.coordination/paraformer-calibration-v2"
}
