Notice: ffmpeg is not installed. torchaudio is used to load audio
If you want to use ffmpeg backend to load audio, please install it by:
	sudo apt install ffmpeg # ubuntu
	# brew install ffmpeg # mac
[0;93m2026-09-28 12:08:05.324582 [W:onnxruntime:, graph.cc:4285 CleanUnusedInitializersAndNodeArgs] Removing initializer '/encoder/encoders/encoders.48/self_attn/Constant_15_output_0'. It is not used by any node and should be removed from the model.[m
[0;93m2026-09-28 12:08:05.324627 [W:onnxruntime:, graph.cc:4285 CleanUnusedInitializersAndNodeArgs] Removing initializer '/encoder/encoders/encoders.48/self_attn/Constant_14_output_0'. It is not used by any node and should be removed from the model.[m
[0;93m2026-09-28 12:08:05.324635 [W:onnxruntime:, graph.cc:4285 CleanUnusedInitializersAndNodeArgs] Removing initializer '/encoder/encoders/encoders.48/self_attn/Constant_9_output_0'. It is not used by any node and should be removed from the model.[m
[0;93m2026-09-28 12:08:05.324642 [W:onnxruntime:, graph.cc:4285 CleanUnusedInitializersAndNodeArgs] Removing initializer '/encoder/encoders/encoders.48/self_attn/Constant_6_output_0'. It is not used by any node and should be removed from the model.[m
[0;93m2026-09-28 12:08:05.324648 [W:onnxruntime:, graph.cc:4285 CleanUnusedInitializersAndNodeArgs] Removing initializer '/encoder/encoders/encoders.48/self_attn/Constant_5_output_0'. It is not used by any node and should be removed from the model.[m
[0;93m2026-09-28 12:08:05.324654 [W:onnxruntime:, graph.cc:4285 CleanUnusedInitializersAndNodeArgs] Removing initializer '/encoder/encoders/encoders.48/self_attn/Constant_2_output_0'. It is not used by any node and should be removed from the model.[m
[0;93m2026-09-28 12:08:05.324659 [W:onnxruntime:, graph.cc:4285 CleanUnusedInitializersAndNodeArgs] Removing initializer '/encoder/encoders/encoders.48/self_attn/Constant_1_output_0'. It is not used by any node and should be removed from the model.[m
[0;93m2026-09-28 12:08:05.324666 [W:onnxruntime:, graph.cc:4285 CleanUnusedInitializersAndNodeArgs] Removing initializer '/encoder/encoders/encoders.47/self_attn/Constant_1_output_0'. It is not used by any node and should be removed from the model.[m
[0;93m2026-09-28 12:08:05.324671 [W:onnxruntime:, graph.cc:4285 CleanUnusedInitializersAndNodeArgs] Removing initializer '/encoder/encoders/encoders.46/self_attn/Constant_9_output_0'. It is not used by any node and should be removed from the model.[m
[0;93m2026-09-28 12:08:05.324676 [W:onnxruntime:, graph.cc:4285 CleanUnusedInitializersAndNodeArgs] Removing initializer '/encoder/encoders/encoders.46/self_attn/Constant_6_output_0'. It is not used by any node and should be removed from the model.[m
[0;93m2026-09-28 12:08:05.324681 [W:onnxruntime:, graph.cc:4285 CleanUnusedInitializersAndNodeArgs] Removing initializer '/encoder/encoders/encoders.46/self_attn/Constant_5_output_0'. It is not used by any node and should be removed from the model.[m
[0;93m2026-09-28 12:08:05.324686 [W:onnxruntime:, graph.cc:4285 CleanUnusedInitializersAndNodeArgs] Removing initializer '/encoder/encoders/encoders.46/self_attn/Constant_2_output_0'. It is not used by any node and should be removed from the model.[m
[0;93m2026-09-28 12:08:05.324691 [W:onnxruntime:, graph.cc:4285 CleanUnusedInitializersAndNodeArgs] Removing initializer '/encoder/encoders/encoders.45/self_attn/Constant_14_output_0'. It is not used by any node and should be removed from the model.[m
[0;93m2026-09-28 12:08:05.324696 [W:onnxruntime:, graph.cc:4285 CleanUnusedInitializersAndNodeArgs] Removing initializer '/encoder/encoders/encoders.45/self_attn/Constant_6_output_0'. It is not used by any node and should be removed from the model.[m
[0;93m2026-09-28 12:08:05.324701 [W:onnxruntime:, graph.cc:4285 CleanUnusedInitializersAndNodeArgs] Removing initializer '/encoder/encoders/encoders.45/self_attn/Constant_2_output_0'. It is not used by any node and should be removed from the model.[m
[0;93m2026-09-28 12:08:05.324706 [W:onnxruntime:, graph.cc:4285 CleanUnusedInitializersAndNodeArgs] Removing initializer '/encoder/encoders/encoders.44/self_attn/Constant_15_output_0'. It is not used by any node and should be removed from the model.[m
[0;93m2026-09-28 12:08:05.324724 [W:onnxruntime:, graph.cc:4285 CleanUnusedInitializersAndNodeArgs] Removing initializer '/encoder/encoders/encoders.44/self_attn/Constant_9_output_0'. It is not used by any node and should be removed from the model.[m
[0;93m2026-09-28 12:08:05.324730 [W:onnxruntime:, graph.cc:4285 CleanUnusedInitializersAndNodeArgs] Removing initializer '/encoder/encoders/encoders.44/self_attn/Constant_5_output_0'. It is not used by any node and should be removed from the model.[m
[0;93m2026-09-28 12:08:05.324735 [W:onnxruntime:, graph.cc:4285 CleanUnusedInitializersAndNodeArgs] Removing initializer '/encoder/encoders/encoders.43/self_attn/Constant_14_output_0'. It is not used by any node and should be removed from the model.[m
[0;93m2026-09-28 12:08:05.324740 [W:onnxruntime:, graph.cc:4285 CleanUnusedInitializersAndNodeArgs] Removing initializer '/encoder/encoders/encoders.45/self_attn/Constant_9_output_0'. It is not used by any node and should be removed from the model.[m
[0;93m2026-09-28 12:08:05.324744 [W:onnxruntime:, graph.cc:4285 CleanUnusedInitializersAndNodeArgs] Removing initializer '/encoder/encoders/encoders.43/self_attn/Constant_10_output_0'. It is not used by any node and should be removed from the model.[m
[0;93m2026-09-28 12:08:05.324749 [W:onnxruntime:, graph.cc:4285 CleanUnusedInitializersAndNodeArgs] Removing initializer '/encoder/encoders/encoders.43/self_attn/Constant_5_output_0'. It is not used by any node and should be removed from the model.[m
[0;93m2026-09-28 12:08:05.324753 [W:onnxruntime:, graph.cc:4285 CleanUnusedInitializersAndNodeArgs] Removing initializer '/encoder/encoders/encoders.43/self_attn/Constant_1_output_0'. It is not used by any node and should be removed from the model.[m
[0;93m2026-09-28 12:08:05.324758 [W:onnxruntime:, graph.cc:4285 CleanUnusedInitializersAndNodeArgs] Removing initializer '/encoder/encoders/encoders.42/self_attn/Constant_14_output_0'. It is not used by any node and should be removed from the model.[m
[0;93m2026-09-28 12:08:05.324762 [W:onnxruntime:, graph.cc:4285 CleanUnusedInitializersAndNodeArgs] Removing initializer '/encoder/encoders/encoders.42/self_attn/Constant_9_output_0'. It is not used by any node and should be removed from the model.[m
[0;93m2026-09-28 12:08:05.324767 [W:onnxruntime:, graph.cc:4285 CleanUnusedInitializersAndNodeArgs] Removing initializer '/encoder/encoders/encoders.42/self_attn/Constant_2_output_0'. It is not used by any node and should be removed from the model.[m
[0;93m2026-09-28 12:08:05.324771 [W:onnxruntime:, graph.cc:4285 CleanUnusedInitializersAndNodeArgs] Removing initializer '/encoder/encoders/encoders.42/self_attn/Constant_1_output_0'. It is not used by any node and should be removed from the model.[m
[0;93m2026-09-28 12:08:05.324775 [W:onnxruntime:, graph.cc:4285 CleanUnusedInitializersAndNodeArgs] Removing initializer '/encoder/encoders/encoders.41/self_attn/Constant_15_output_0'. It is not used by any node and should be removed from the model.[m
[0;93m2026-09-28 12:08:05.324779 [W:onnxruntime:, graph.cc:4285 CleanUnusedInitializersAndNodeArgs] Removing initializer '/encoder/encoders/encoders.41/self_attn/Constant_10_output_0'. It is not used by any node and should be removed from the model.[m
[0;93m2026-09-28 12:08:05.324783 [W:onnxruntime:, graph.cc:4285 CleanUnusedInitializersAndNodeArgs] Removing initializer '/encoder/encoders/encoders.41/self_attn/Constant_6_output_0'. It is not used by any node and should be removed from the model.[m
[0;93m2026-09-28 12:08:05.324788 [W:onnxruntime:, graph.cc:4285 CleanUnusedInitializersAndNodeArgs] Removing initializer '/encoder/encoders/encoders.41/self_attn/Constant_1_output_0'. It is not used by any node and should be removed from the model.[m
[0;93m2026-09-28 12:08:05.324792 [W:onnxruntime:, graph.cc:4285 CleanUnusedInitializersAndNodeArgs] Removing initializer '/encoder/encoders/encoders.40/self_attn/Constant_14_output_0'. It is not used by any node and should be removed from the model.[m
[0;93m2026-09-28 12:08:05.324798 [W:onnxruntime:, graph.cc:4285 CleanUnusedInitializersAndNodeArgs] Removing initializer '/encoder/encoders/encoders.42/self_attn/Constant_15_output_0'. It is not used by any node and should be removed from the model.[m
[0;93m2026-09-28 12:08:05.324803 [W:onnxruntime:, graph.cc:4285 CleanUnusedInitializersAndNodeArgs] Removing initializer '/encoder/encoders/encoders.40/self_attn/Constant_10_output_0'. It is not used by any node and should be removed from the model.[m
[0;93m2026-09-28 12:08:05.324807 [W:onnxruntime:, graph.cc:4285 CleanUnusedInitializersAndNodeArgs] Removing initializer '/encoder/encoders/encoders.47/self_attn/Constant_10_output_0'. It is not used by any node and should be removed from the model.[m
[0;93m2026-09-28 12:08:05.324811 [W:onnxruntime:, graph.cc:4285 CleanUnusedInitializersAndNodeArgs] Removing initializer '/encoder/encoders/encoders.40/self_attn/Constant_9_output_0'. It is not used by any node and should be removed from the model.[m
[0;93m2026-09-28 12:08:05.324815 [W:onnxruntime:, graph.cc:4285 CleanUnusedInitializersAndNodeArgs] Removing initializer '/encoder/encoders/encoders.40/self_attn/Constant_5_output_0'. It is not used by any node and should be removed from the model.[m
[0;93m2026-09-28 12:08:05.324820 [W:onnxruntime:, graph.cc:4285 CleanUnusedInitializersAndNodeArgs] Removing initializer '/encoder/encoders/encoders.40/self_attn/Constant_2_output_0'. It is not used by any node and should be removed from the model.[m
[0;93m2026-09-28 12:08:05.324824 [W:onnxruntime:, graph.cc:4285 CleanUnusedInitializersAndNodeArgs] Removing initializer '/encoder/encoders/encoders.40/self_attn/Constant_1_output_0'. It is not used by any node and should be removed from the model.[m
[0;93m2026-09-28 12:08:05.324828 [W:onnxruntime:, graph.cc:4285 CleanUnusedInitializersAndNodeArgs] Removing initializer '/encoder/encoders/encoders.39/self_attn/Constant_15_output_0'. It is not used by any node and should be removed from the model.[m
[0;93m2026-09-28 12:08:05.324837 [W:onnxruntime:, graph.cc:4285 CleanUnusedInitializersAndNodeArgs] Removing initializer '/encoder/encoders/encoders.39/self_attn/Constant_14_output_0'. It is not used by any node and should be removed from the model.[m
[0;93m2026-09-28 12:08:05.324841 [W:onnxruntime:, graph.cc:4285 CleanUnusedInitializersAndNodeArgs] Removing initializer '/encoder/encoders/encoders.39/self_attn/Constant_6_output_0'. It is not used by any node and should be removed from the model.[m
[0;93m2026-09-28 12:08:05.324846 [W:onnxruntime:, graph.cc:4285 CleanUnusedInitializersAndNodeArgs] Removing initializer '/encoder/encoders/encoders.47/self_attn/Constant_15_output_0'. It is not used by any node and should be removed from the model.[m
[0;93m2026-09-28 12:08:05.324850 [W:onnxruntime:, graph.cc:4285 CleanUnusedInitializersAndNodeArgs] Removing initializer '/encoder/encoders/encoders.39/self_attn/Constant_2_output_0'. It is not used by any node and should be removed from the model.[m
[0;93m2026-09-28 12:08:05.324854 [W:onnxruntime:, graph.cc:4285 CleanUnusedInitializersAndNodeArgs] Removing initializer '/encoder/encoders/encoders.39/self_attn/Constant_1_output_0'. It is not used by any node and should be removed from the model.[m
[0;93m2026-09-28 12:08:05.324858 [W:onnxruntime:, graph.cc:4285 CleanUnusedInitializersAndNodeArgs] Removing initializer '/encoder/encoders/encoders.38/self_attn/Constant_14_output_0'. It is not used by any node and should be removed from the model.[m
[0;93m2026-09-28 12:08:05.324863 [W:onnxruntime:, graph.cc:4285 CleanUnusedInitializersAndNodeArgs] Removing initializer '/encoder/encoders/encoders.45/self_attn/Constant_5_output_0'. It is not used by any node and should be removed from the model.[m
[0;93m2026-09-28 12:08:05.324867 [W:onnxruntime:, graph.cc:4285 CleanUnusedInitializersAndNodeArgs] Removing initializer '/encoder/encoders/encoders.38/self_attn/Constant_9_output_0'. It is not used by any node and should be removed from the model.[m
[0;93m2026-09-28 12:08:05.324873 [W:onnxruntime:, graph.cc:4285 CleanUnusedInitializersAndNodeArgs] Removing initializer '/encoder/encoders/encoders.38/self_attn/Constant_5_output_0'. It is not used by any node and should be removed from the model.[m
[0;93m2026-09-28 12:08:05.324878 [W:onnxruntime:, graph.cc:4285 CleanUnusedInitializersAndNodeArgs] Removing initializer '/encoder/encoders/encoders.38/self_attn/Constant_2_output_0'. It is not used by any node and should be removed from the model.[m
[0;93m2026-09-28 12:08:05.324882 [W:onnxruntime:, graph.cc:4285 CleanUnusedInitializersAndNodeArgs] Removing initializer '/encoder/encoders/encoders.37/self_attn/Constant_14_output_0'. It is not used by any node and should be removed from the model.[m
[0;93m2026-09-28 12:08:05.324887 [W:onnxruntime:, graph.cc:4285 CleanUnusedInitializersAndNodeArgs] Removing initializer '/encoder/encoders/encoders.37/self_attn/Constant_10_output_0'. It is not used by any node and should be removed from the model.[m
[0;93m2026-09-28 12:08:05.324891 [W:onnxruntime:, graph.cc:4285 CleanUnusedInitializersAndNodeArgs] Removing initializer '/encoder/encoders/encoders.37/self_attn/Constant_6_output_0'. It is not used by any node and should be removed from the model.[m
[0;93m2026-09-28 12:08:05.324896 [W:onnxruntime:, graph.cc:4285 CleanUnusedInitializersAndNodeArgs] Removing initializer '/encoder/encoders/encoders.37/self_attn/Constant_5_output_0'. It is not used by any node and should be removed from the model.[m
[0;93m2026-09-28 12:08:05.324900 [W:onnxruntime:, graph.cc:4285 CleanUnusedInitializersAndNodeArgs] Removing initializer '/encoder/encoders/encoders.37/self_attn/Constant_2_output_0'. It is not used by any node and should be removed from the model.[m
[0;93m2026-09-28 12:08:05.324905 [W:onnxruntime:, graph.cc:4285 CleanUnusedInitializersAndNodeArgs] Removing initializer '/encoder/encoders/encoders.36/self_attn/Constant_14_output_0'. It is not used by any node and should be removed from the model.[m
[0;93m2026-09-28 12:08:05.324911 [W:onnxruntime:, graph.cc:4285 CleanUnusedInitializersAndNodeArgs] Removing initializer '/encoder/encoders/encoders.36/self_attn/Constant_10_output_0'. It is not used by any node and should be removed from the model.[m
[0;93m2026-09-28 12:08:05.324915 [W:onnxruntime:, graph.cc:4285 CleanUnusedInitializersAndNodeArgs] Removing initializer '/encoder/encoders/encoders.36/self_attn/Constant_6_output_0'. It is not used by any node and should be removed from the model.[m
[0;93m2026-09-28 12:08:05.324921 [W:onnxruntime:, graph.cc:4285 CleanUnusedInitializersAndNodeArgs] Removing initializer '/encoder/encoders/encoders.36/self_attn/Constant_5_output_0'. It is not used by any node and should be removed from the model.[m
[0;93m2026-09-28 12:08:05.324926 [W:onnxruntime:, graph.cc:4285 CleanUnusedInitializersAndNodeArgs] Removing initializer '/encoder/encoders/encoders.36/self_attn/Constant_2_output_0'. It is not used by any node and should be removed from the model.[m
[0;93m2026-09-28 12:08:05.324931 [W:onnxruntime:, graph.cc:4285 CleanUnusedInitializersAndNodeArgs] Removing initializer '/encoder/encoders/encoders.36/self_attn/Constant_1_output_0'. It is not used by any node and should be removed from the model.[m
[0;93m2026-09-28 12:08:05.324937 [W:onnxruntime:, graph.cc:4285 CleanUnusedInitializersAndNodeArgs] Removing initializer '/encoder/encoders/encoders.35/self_attn/Constant_15_output_0'. It is not used by any node and should be removed from the model.[m
[0;93m2026-09-28 12:08:05.324944 [W:onnxruntime:, graph.cc:4285 CleanUnusedInitializersAndNodeArgs] Removing initializer '/encoder/encoders/encoders.35/self_attn/Constant_14_output_0'. It is not used by any node and should be removed from the model.[m
[0;93m2026-09-28 12:08:05.324953 [W:onnxruntime:, graph.cc:4285 CleanUnusedInitializersAndNodeArgs] Removing initializer '/encoder/encoders/encoders.46/self_attn/Constant_14_output_0'. It is not used by any node and should be removed from the model.[m
[0;93m2026-09-28 12:08:05.324961 [W:onnxruntime:, graph.cc:4285 CleanUnusedInitializersAndNodeArgs] Removing initializer '/encoder/encoders/encoders.35/self_attn/Constant_2_output_0'. It is not used by any node and should be removed from the model.[m
[0;93m2026-09-28 12:08:05.324966 [W:onnxruntime:, graph.cc:4285 CleanUnusedInitializersAndNodeArgs] Removing initializer '/encoder/encoders/encoders.35/self_attn/Constant_1_output_0'. It is not used by any node and should be removed from the model.[m
[0;93m2026-09-28 12:08:05.324970 [W:onnxruntime:, graph.cc:4285 CleanUnusedInitializersAndNodeArgs] Removing initializer '/encoder/encoders/encoders.34/self_attn/Constant_15_output_0'. It is not used by any node and should be removed from the model.[m
[0;93m2026-09-28 12:08:05.324975 [W:onnxruntime:, graph.cc:4285 CleanUnusedInitializersAndNodeArgs] Removing initializer '/encoder/encoders/encoders.34/self_attn/Constant_14_output_0'. It is not used by any node and should be removed from the model.[m
[0;93m2026-09-28 12:08:05.324980 [W:onnxruntime:, graph.cc:4285 CleanUnusedInitializersAndNodeArgs] Removing initializer '/encoder/encoders/encoders.34/self_attn/Constant_10_output_0'. It is not used by any node and should be removed from the model.[m
[0;93m2026-09-28 12:08:05.324984 [W:onnxruntime:, graph.cc:4285 CleanUnusedInitializersAndNodeArgs] Removing initializer '/encoder/encoders/encoders.34/self_attn/Constant_6_output_0'. It is not used by any node and should be removed from the model.[m
[0;93m2026-09-28 12:08:05.324988 [W:onnxruntime:, graph.cc:4285 CleanUnusedInitializersAndNodeArgs] Removing initializer '/encoder/encoders/encoders.34/self_attn/Constant_2_output_0'. It is not used by any node and should be removed from the model.[m
[0;93m2026-09-28 12:08:05.324993 [W:onnxruntime:, graph.cc:4285 CleanUnusedInitializersAndNodeArgs] Removing initializer '/encoder/encoders/encoders.47/self_attn/Constant_14_output_0'. It is not used by any node and should be removed from the model.[m
[0;93m2026-09-28 12:08:05.324998 [W:onnxruntime:, graph.cc:4285 CleanUnusedInitializersAndNodeArgs] Removing initializer '/encoder/encoders/encoders.41/self_attn/Constant_5_output_0'. It is not used by any node and should be removed from the model.[m
[0;93m2026-09-28 12:08:05.325003 [W:onnxruntime:, graph.cc:4285 CleanUnusedInitializersAndNodeArgs] Removing initializer '/encoder/encoders/encoders.33/self_attn/Constant_5_output_0'. It is not used by any node and should be removed from the model.[m
[0;93m2026-09-28 12:08:05.325007 [W:onnxruntime:, graph.cc:4285 CleanUnusedInitializersAndNodeArgs] Removing initializer '/encoder/encoders/encoders.32/self_attn/Constant_14_output_0'. It is not used by any node and should be removed from the model.[m
[0;93m2026-09-28 12:08:05.325011 [W:onnxruntime:, graph.cc:4285 CleanUnusedInitializersAndNodeArgs] Removing initializer '/encoder/encoders/encoders.34/self_attn/Constant_5_output_0'. It is not used by any node and should be removed from the model.[m
[0;93m2026-09-28 12:08:05.325016 [W:onnxruntime:, graph.cc:4285 CleanUnusedInitializersAndNodeArgs] Removing initializer '/encoder/encoders/encoders.32/self_attn/Constant_10_output_0'. It is not used by any node and should be removed from the model.[m
[0;93m2026-09-28 12:08:05.325020 [W:onnxruntime:, graph.cc:4285 CleanUnusedInitializersAndNodeArgs] Removing initializer '/encoder/encoders/encoders.32/self_attn/Constant_2_output_0'. It is not used by any node and should be removed from the model.[m
[0;93m2026-09-28 12:08:05.325025 [W:onnxruntime:, graph.cc:4285 CleanUnusedInitializersAndNodeArgs] Removing initializer '/encoder/encoders/encoders.32/self_attn/Constant_1_output_0'. It is not used by any node and should be removed from the model.[m
[0;93m2026-09-28 12:08:05.325029 [W:onnxruntime:, graph.cc:4285 CleanUnusedInitializersAndNodeArgs] Removing initializer '/encoder/encoders/encoders.31/self_attn/Constant_15_output_0'. It is not used by any node and should be removed from the model.[m
[0;93m2026-09-28 12:08:05.325037 [W:onnxruntime:, graph.cc:4285 CleanUnusedInitializersAndNodeArgs] Removing initializer '/encoder/encoders/encoders.31/self_attn/Constant_14_output_0'. It is not used by any node and should be removed from the model.[m
[0;93m2026-09-28 12:08:05.325043 [W:onnxruntime:, graph.cc:4285 CleanUnusedInitializersAndNodeArgs] Removing initializer '/encoder/encoders/encoders.31/self_attn/Constant_10_output_0'. It is not used by any node and should be removed from the model.[m
[0;93m2026-09-28 12:08:05.325047 [W:onnxruntime:, graph.cc:4285 CleanUnusedInitializersAndNodeArgs] Removing initializer '/encoder/encoders/encoders.31/self_attn/Constant_9_output_0'. It is not used by any node and should be removed from the model.[m
[0;93m2026-09-28 12:08:05.325051 [W:onnxruntime:, graph.cc:4285 CleanUnusedInitializersAndNodeArgs] Removing initializer '/encoder/encoders/encoders.31/self_attn/Constant_5_output_0'. It is not used by any node and should be removed from the model.[m
[0;93m2026-09-28 12:08:05.325056 [W:onnxruntime:, graph.cc:4285 CleanUnusedInitializersAndNodeArgs] Removing initializer '/encoder/encoders/encoders.31/self_attn/Constant_2_output_0'. It is not used by any node and should be removed from the model.[m
[0;93m2026-09-28 12:08:05.325060 [W:onnxruntime:, graph.cc:4285 CleanUnusedInitializersAndNodeArgs] Removing initializer '/encoder/encoders/encoders.30/self_attn/Constant_15_output_0'. It is not used by any node and should be removed from the model.[m
[0;93m2026-09-28 12:08:05.325066 [W:onnxruntime:, graph.cc:4285 CleanUnusedInitializersAndNodeArgs] Removing initializer '/encoder/encoders/encoders.30/self_attn/Constant_10_output_0'. It is not used by any node and should be removed from the model.[m
[0;93m2026-09-28 12:08:05.325070 [W:onnxruntime:, graph.cc:4285 CleanUnusedInitializersAndNodeArgs] Removing initializer '/encoder/encoders/encoders.30/self_attn/Constant_9_output_0'. It is not used by any node and should be removed from the model.[m
[0;93m2026-09-28 12:08:05.325075 [W:onnxruntime:, graph.cc:4285 CleanUnusedInitializersAndNodeArgs] Removing initializer '/encoder/encoders/encoders.30/self_attn/Constant_1_output_0'. It is not used by any node and should be removed from the model.[m
[0;93m2026-09-28 12:08:05.325080 [W:onnxruntime:, graph.cc:4285 CleanUnusedInitializersAndNodeArgs] Removing initializer '/encoder/encoders/encoders.29/self_attn/Constant_15_output_0'. It is not used by any node and should be removed from the model.[m
[0;93m2026-09-28 12:08:05.325085 [W:onnxruntime:, graph.cc:4285 CleanUnusedInitializersAndNodeArgs] Removing initializer '/encoder/encoders/encoders.29/self_attn/Constant_9_output_0'. It is not used by any node and should be removed from the model.[m
[0;93m2026-09-28 12:08:05.325090 [W:onnxruntime:, graph.cc:4285 CleanUnusedInitializersAndNodeArgs] Removing initializer '/encoder/encoders/encoders.29/self_attn/Constant_6_output_0'. It is not used by any node and should be removed from the model.[m
[0;93m2026-09-28 12:08:05.325095 [W:onnxruntime:, graph.cc:4285 CleanUnusedInitializersAndNodeArgs] Removing initializer '/encoder/encoders/encoders.29/self_attn/Constant_2_output_0'. It is not used by any node and should be removed from the model.[m
[0;93m2026-09-28 12:08:05.325100 [W:onnxruntime:, graph.cc:4285 CleanUnusedInitializersAndNodeArgs] Removing initializer '/encoder/encoders/encoders.29/self_attn/Constant_1_output_0'. It is not used by any node and should be removed from the model.[m
[0;93m2026-09-28 12:08:05.325105 [W:onnxruntime:, graph.cc:4285 CleanUnusedInitializersAndNodeArgs] Removing initializer '/encoder/encoders/encoders.30/self_attn/Constant_2_output_0'. It is not used by any node and should be removed from the model.[m
[0;93m2026-09-28 12:08:05.325112 [W:onnxruntime:, graph.cc:4285 CleanUnusedInitializersAndNodeArgs] Removing initializer '/encoder/encoders/encoders.28/self_attn/Constant_14_output_0'. It is not used by any node and should be removed from the model.[m
[0;93m2026-09-28 12:08:05.325119 [W:onnxruntime:, graph.cc:4285 CleanUnusedInitializersAndNodeArgs] Removing initializer '/encoder/encoders/encoders.28/self_attn/Constant_9_output_0'. It is not used by any node and should be removed from the model.[m
[0;93m2026-09-28 12:08:05.325125 [W:onnxruntime:, graph.cc:4285 CleanUnusedInitializersAndNodeArgs] Removing initializer '/encoder/encoders/encoders.28/self_attn/Constant_6_output_0'. It is not used by any node and should be removed from the model.[m
[0;93m2026-09-28 12:08:05.325129 [W:onnxruntime:, graph.cc:4285 CleanUnusedInitializersAndNodeArgs] Removing initializer '/encoder/encoders/encoders.28/self_attn/Constant_5_output_0'. It is not used by any node and should be removed from the model.[m
[0;93m2026-09-28 12:08:05.325134 [W:onnxruntime:, graph.cc:4285 CleanUnusedInitializersAndNodeArgs] Removing initializer '/encoder/encoders/encoders.27/self_attn/Constant_9_output_0'. It is not used by any node and should be removed from the model.[m
[0;93m2026-09-28 12:08:05.325138 [W:onnxruntime:, graph.cc:4285 CleanUnusedInitializersAndNodeArgs] Removing initializer '/encoder/encoders/encoders.27/self_attn/Constant_6_output_0'. It is not used by any node and should be removed from the model.[m
[0;93m2026-09-28 12:08:05.325143 [W:onnxruntime:, graph.cc:4285 CleanUnusedInitializersAndNodeArgs] Removing initializer '/encoder/encoders/encoders.27/self_attn/Constant_5_output_0'. It is not used by any node and should be removed from the model.[m
[0;93m2026-09-28 12:08:05.325147 [W:onnxruntime:, graph.cc:4285 CleanUnusedInitializersAndNodeArgs] Removing initializer '/encoder/encoders/encoders.27/self_attn/Constant_2_output_0'. It is not used by any node and should be removed from the model.[m
[0;93m2026-09-28 12:08:05.325151 [W:onnxruntime:, graph.cc:4285 CleanUnusedInitializersAndNodeArgs] Removing initializer '/encoder/encoders/encoders.47/self_attn/Constant_9_output_0'. It is not used by any node and should be removed from the model.[m
[0;93m2026-09-28 12:08:05.325156 [W:onnxruntime:, graph.cc:4285 CleanUnusedInitializersAndNodeArgs] Removing initializer '/encoder/encoders/encoders.26/self_attn/Constant_15_output_0'. It is not used by any node and should be removed from the model.[m
[0;93m2026-09-28 12:08:05.325160 [W:onnxruntime:, graph.cc:4285 CleanUnusedInitializersAndNodeArgs] Removing initializer '/encoder/encoders/encoders.26/self_attn/Constant_14_output_0'. It is not used by any node and should be removed from the model.[m
[0;93m2026-09-28 12:08:05.325165 [W:onnxruntime:, graph.cc:4285 CleanUnusedInitializersAndNodeArgs] Removing initializer '/encoder/encoders/encoders.26/self_attn/Constant_10_output_0'. It is not used by any node and should be removed from the model.[m
[0;93m2026-09-28 12:08:05.325169 [W:onnxruntime:, graph.cc:4285 CleanUnusedInitializersAndNodeArgs] Removing initializer '/encoder/encoders/encoders.26/self_attn/Constant_9_output_0'. It is not used by any node and should be removed from the model.[m
[0;93m2026-09-28 12:08:05.325174 [W:onnxruntime:, graph.cc:4285 CleanUnusedInitializersAndNodeArgs] Removing initializer '/encoder/encoders/encoders.35/self_attn/Constant_5_output_0'. It is not used by any node and should be removed from the model.[m
[0;93m2026-09-28 12:08:05.325178 [W:onnxruntime:, graph.cc:4285 CleanUnusedInitializersAndNodeArgs] Removing initializer '/encoder/encoders/encoders.26/self_attn/Constant_1_output_0'. It is not used by any node and should be removed from the model.[m
[0;93m2026-09-28 12:08:05.325183 [W:onnxruntime:, graph.cc:4285 CleanUnusedInitializersAndNodeArgs] Removing initializer '/encoder/encoders/encoders.25/self_attn/Constant_15_output_0'. It is not used by any node and should be removed from the model.[m
[0;93m2026-09-28 12:08:05.325187 [W:onnxruntime:, graph.cc:4285 CleanUnusedInitializersAndNodeArgs] Removing initializer '/encoder/encoders/encoders.33/self_attn/Constant_10_output_0'. It is not used by any node and should be removed from the model.[m
[0;93m2026-09-28 12:08:05.325192 [W:onnxruntime:, graph.cc:4285 CleanUnusedInitializersAndNodeArgs] Removing initializer '/encoder/encoders/encoders.25/self_attn/Constant_9_output_0'. It is not used by any node and should be removed from the model.[m
[0;93m2026-09-28 12:08:05.325198 [W:onnxruntime:, graph.cc:4285 CleanUnusedInitializersAndNodeArgs] Removing initializer '/encoder/encoders/encoders.25/self_attn/Constant_5_output_0'. It is not used by any node and should be removed from the model.[m
[0;93m2026-09-28 12:08:05.325202 [W:onnxruntime:, graph.cc:4285 CleanUnusedInitializersAndNodeArgs] Removing initializer '/encoder/encoders/encoders.25/self_attn/Constant_2_output_0'. It is not used by any node and should be removed from the model.[m
[0;93m2026-09-28 12:08:05.325207 [W:onnxruntime:, graph.cc:4285 CleanUnusedInitializersAndNodeArgs] Removing initializer '/encoder/encoders/encoders.25/self_attn/Constant_1_output_0'. It is not used by any node and should be removed from the model.[m
[0;93m2026-09-28 12:08:05.325212 [W:onnxruntime:, graph.cc:4285 CleanUnusedInitializersAndNodeArgs] Removing initializer '/encoder/encoders/encoders.24/self_attn/Constant_15_output_0'. It is not used by any node and should be removed from the model.[m
[0;93m2026-09-28 12:08:05.325216 [W:onnxruntime:, graph.cc:4285 CleanUnusedInitializersAndNodeArgs] Removing initializer '/encoder/encoders/encoders.24/self_attn/Constant_10_output_0'. It is not used by any node and should be removed from the model.[m
[0;93m2026-09-28 12:08:05.325220 [W:onnxruntime:, graph.cc:4285 CleanUnusedInitializersAndNodeArgs] Removing initializer '/encoder/encoders/encoders.37/self_attn/Constant_9_output_0'. It is not used by any node and should be removed from the model.[m
[0;93m2026-09-28 12:08:05.325225 [W:onnxruntime:, graph.cc:4285 CleanUnusedInitializersAndNodeArgs] Removing initializer '/encoder/encoders/encoders.24/self_attn/Constant_6_output_0'. It is not used by any node and should be removed from the model.[m
[0;93m2026-09-28 12:08:05.325232 [W:onnxruntime:, graph.cc:4285 CleanUnusedInitializersAndNodeArgs] Removing initializer '/encoder/encoders/encoders.24/self_attn/Constant_5_output_0'. It is not used by any node and should be removed from the model.[m
[0;93m2026-09-28 12:08:05.325236 [W:onnxruntime:, graph.cc:4285 CleanUnusedInitializersAndNodeArgs] Removing initializer '/encoder/encoders/encoders.23/self_attn/Constant_15_output_0'. It is not used by any node and should be removed from the model.[m
[0;93m2026-09-28 12:08:05.325240 [W:onnxruntime:, graph.cc:4285 CleanUnusedInitializersAndNodeArgs] Removing initializer '/encoder/encoders/encoders.23/self_attn/Constant_14_output_0'. It is not used by any node and should be removed from the model.[m
[0;93m2026-09-28 12:08:05.325245 [W:onnxruntime:, graph.cc:4285 CleanUnusedInitializersAndNodeArgs] Removing initializer '/encoder/encoders/encoders.23/self_attn/Constant_10_output_0'. It is not used by any node and should be removed from the model.[m
[0;93m2026-09-28 12:08:05.325249 [W:onnxruntime:, graph.cc:4285 CleanUnusedInitializersAndNodeArgs] Removing initializer '/encoder/encoders/encoders.46/self_attn/Constant_10_output_0'. It is not used by any node and should be removed from the model.[m
[0;93m2026-09-28 12:08:05.325254 [W:onnxruntime:, graph.cc:4285 CleanUnusedInitializersAndNodeArgs] Removing initializer '/encoder/encoders/encoders.23/self_attn/Constant_6_output_0'. It is not used by any node and should be removed from the model.[m
[0;93m2026-09-28 12:08:05.325259 [W:onnxruntime:, graph.cc:4285 CleanUnusedInitializersAndNodeArgs] Removing initializer '/encoder/encoders/encoders.23/self_attn/Constant_5_output_0'. It is not used by any node and should be removed from the model.[m
[0;93m2026-09-28 12:08:05.325263 [W:onnxruntime:, graph.cc:4285 CleanUnusedInitializersAndNodeArgs] Removing initializer '/encoder/encoders/encoders.23/self_attn/Constant_1_output_0'. It is not used by any node and should be removed from the model.[m
[0;93m2026-09-28 12:08:05.325268 [W:onnxruntime:, graph.cc:4285 CleanUnusedInitializersAndNodeArgs] Removing initializer '/encoder/encoders/encoders.38/self_attn/Constant_1_output_0'. It is not used by any node and should be removed from the model.[m
[0;93m2026-09-28 12:08:05.325276 [W:onnxruntime:, graph.cc:4285 CleanUnusedInitializersAndNodeArgs] Removing initializer '/encoder/encoders/encoders.22/self_attn/Constant_10_output_0'. It is not used by any node and should be removed from the model.[m
[0;93m2026-09-28 12:08:05.325281 [W:onnxruntime:, graph.cc:4285 CleanUnusedInitializersAndNodeArgs] Removing initializer '/encoder/encoders/encoders.22/self_attn/Constant_9_output_0'. It is not used by any node and should be removed from the model.[m
[0;93m2026-09-28 12:08:05.325286 [W:onnxruntime:, graph.cc:4285 CleanUnusedInitializersAndNodeArgs] Removing initializer '/encoder/encoders/encoders.22/self_attn/Constant_1_output_0'. It is not used by any node and should be removed from the model.[m
[0;93m2026-09-28 12:08:05.325292 [W:onnxruntime:, graph.cc:4285 CleanUnusedInitializersAndNodeArgs] Removing initializer '/encoder/encoders/encoders.36/self_attn/Constant_15_output_0'. It is not used by any node and should be removed from the model.[m
[0;93m2026-09-28 12:08:05.325298 [W:onnxruntime:, graph.cc:4285 CleanUnusedInitializersAndNodeArgs] Removing initializer '/encoder/encoders/encoders.21/self_attn/Constant_10_output_0'. It is not used by any node and should be removed from the model.[m
[0;93m2026-09-28 12:08:05.325304 [W:onnxruntime:, graph.cc:4285 CleanUnusedInitializersAndNodeArgs] Removing initializer '/encoder/encoders/encoders.21/self_attn/Constant_9_output_0'. It is not used by any node and should be removed from the model.[m
[0;93m2026-09-28 12:08:05.325311 [W:onnxruntime:, graph.cc:4285 CleanUnusedInitializersAndNodeArgs] Removing initializer '/encoder/encoders/encoders.21/self_attn/Constant_6_output_0'. It is not used by any node and should be removed from the model.[m
[0;93m2026-09-28 12:08:05.325317 [W:onnxruntime:, graph.cc:4285 CleanUnusedInitializersAndNodeArgs] Removing initializer '/encoder/encoders/encoders.21/self_attn/Constant_5_output_0'. It is not used by any node and should be removed from the model.[m
[0;93m2026-09-28 12:08:05.325321 [W:onnxruntime:, graph.cc:4285 CleanUnusedInitializersAndNodeArgs] Removing initializer '/encoder/encoders/encoders.21/self_attn/Constant_2_output_0'. It is not used by any node and should be removed from the model.[m
[0;93m2026-09-28 12:08:05.325326 [W:onnxruntime:, graph.cc:4285 CleanUnusedInitializersAndNodeArgs] Removing initializer '/encoder/encoders/encoders.21/self_attn/Constant_1_output_0'. It is not used by any node and should be removed from the model.[m
[0;93m2026-09-28 12:08:05.325330 [W:onnxruntime:, graph.cc:4285 CleanUnusedInitializersAndNodeArgs] Removing initializer '/encoder/encoders/encoders.20/self_attn/Constant_15_output_0'. It is not used by any node and should be removed from the model.[m
[0;93m2026-09-28 12:08:05.325334 [W:onnxruntime:, graph.cc:4285 CleanUnusedInitializersAndNodeArgs] Removing initializer '/encoder/encoders/encoders.20/self_attn/Constant_14_output_0'. It is not used by any node and should be removed from the model.[m
[0;93m2026-09-28 12:08:05.325339 [W:onnxruntime:, graph.cc:4285 CleanUnusedInitializersAndNodeArgs] Removing initializer '/encoder/encoders/encoders.20/self_attn/Constant_10_output_0'. It is not used by any node and should be removed from the model.[m
[0;93m2026-09-28 12:08:05.325343 [W:onnxruntime:, graph.cc:4285 CleanUnusedInitializersAndNodeArgs] Removing initializer '/encoder/encoders/encoders.20/self_attn/Constant_9_output_0'. It is not used by any node and should be removed from the model.[m
[0;93m2026-09-28 12:08:05.325348 [W:onnxruntime:, graph.cc:4285 CleanUnusedInitializersAndNodeArgs] Removing initializer '/encoder/encoders/encoders.20/self_attn/Constant_6_output_0'. It is not used by any node and should be removed from the model.[m
[0;93m2026-09-28 12:08:05.325352 [W:onnxruntime:, graph.cc:4285 CleanUnusedInitializersAndNodeArgs] Removing initializer '/encoder/encoders/encoders.20/self_attn/Constant_5_output_0'. It is not used by any node and should be removed from the model.[m
[0;93m2026-09-28 12:08:05.325358 [W:onnxruntime:, graph.cc:4285 CleanUnusedInitializersAndNodeArgs] Removing initializer '/encoder/encoders/encoders.20/self_attn/Constant_1_output_0'. It is not used by any node and should be removed from the model.[m
[0;93m2026-09-28 12:08:05.325362 [W:onnxruntime:, graph.cc:4285 CleanUnusedInitializersAndNodeArgs] Removing initializer '/encoder/encoders/encoders.19/self_attn/Constant_15_output_0'. It is not used by any node and should be removed from the model.[m
[0;93m2026-09-28 12:08:05.325366 [W:onnxruntime:, graph.cc:4285 CleanUnusedInitializersAndNodeArgs] Removing initializer '/encoder/encoders/encoders.19/self_attn/Constant_14_output_0'. It is not used by any node and should be removed from the model.[m
[0;93m2026-09-28 12:08:05.325372 [W:onnxruntime:, graph.cc:4285 CleanUnusedInitializersAndNodeArgs] Removing initializer '/encoder/encoders/encoders.19/self_attn/Constant_5_output_0'. It is not used by any node and should be removed from the model.[m
[0;93m2026-09-28 12:08:05.325376 [W:onnxruntime:, graph.cc:4285 CleanUnusedInitializersAndNodeArgs] Removing initializer '/encoder/encoders/encoders.19/self_attn/Constant_2_output_0'. It is not used by any node and should be removed from the model.[m
[0;93m2026-09-28 12:08:05.325381 [W:onnxruntime:, graph.cc:4285 CleanUnusedInitializersAndNodeArgs] Removing initializer '/encoder/encoders/encoders.18/self_attn/Constant_15_output_0'. It is not used by any node and should be removed from the model.[m
[0;93m2026-09-28 12:08:05.325385 [W:onnxruntime:, graph.cc:4285 CleanUnusedInitializersAndNodeArgs] Removing initializer '/encoder/encoders/encoders.18/self_attn/Constant_14_output_0'. It is not used by any node and should be removed from the model.[m
[0;93m2026-09-28 12:08:05.325389 [W:onnxruntime:, graph.cc:4285 CleanUnusedInitializersAndNodeArgs] Removing initializer '/encoder/encoders/encoders.18/self_attn/Constant_10_output_0'. It is not used by any node and should be removed from the model.[m
[0;93m2026-09-28 12:08:05.325393 [W:onnxruntime:, graph.cc:4285 CleanUnusedInitializersAndNodeArgs] Removing initializer '/encoder/encoders/encoders.18/self_attn/Constant_6_output_0'. It is not used by any node and should be removed from the model.[m
[0;93m2026-09-28 12:08:05.325397 [W:onnxruntime:, graph.cc:4285 CleanUnusedInitializersAndNodeArgs] Removing initializer '/encoder/encoders/encoders.18/self_attn/Constant_5_output_0'. It is not used by any node and should be removed from the model.[m
[0;93m2026-09-28 12:08:05.325402 [W:onnxruntime:, graph.cc:4285 CleanUnusedInitializersAndNodeArgs] Removing initializer '/encoder/encoders/encoders.18/self_attn/Constant_2_output_0'. It is not used by any node and should be removed from the model.[m
[0;93m2026-09-28 12:08:05.325405 [W:onnxruntime:, graph.cc:4285 CleanUnusedInitializersAndNodeArgs] Removing initializer '/encoder/encoders/encoders.18/self_attn/Constant_1_output_0'. It is not used by any node and should be removed from the model.[m
[0;93m2026-09-28 12:08:05.325410 [W:onnxruntime:, graph.cc:4285 CleanUnusedInitializersAndNodeArgs] Removing initializer '/encoder/encoders/encoders.17/self_attn/Constant_15_output_0'. It is not used by any node and should be removed from the model.[m
[0;93m2026-09-28 12:08:05.325414 [W:onnxruntime:, graph.cc:4285 CleanUnusedInitializersAndNodeArgs] Removing initializer '/encoder/encoders/encoders.27/self_attn/Constant_14_output_0'. It is not used by any node and should be removed from the model.[m
[0;93m2026-09-28 12:08:05.325418 [W:onnxruntime:, graph.cc:4285 CleanUnusedInitializersAndNodeArgs] Removing initializer '/encoder/encoders/encoders.17/self_attn/Constant_14_output_0'. It is not used by any node and should be removed from the model.[m
[0;93m2026-09-28 12:08:05.325427 [W:onnxruntime:, graph.cc:4285 CleanUnusedInitializersAndNodeArgs] Removing initializer '/encoder/encoders/encoders.17/self_attn/Constant_10_output_0'. It is not used by any node and should be removed from the model.[m
[0;93m2026-09-28 12:08:05.325433 [W:onnxruntime:, graph.cc:4285 CleanUnusedInitializersAndNodeArgs] Removing initializer '/encoder/encoders/encoders.21/self_attn/Constant_14_output_0'. It is not used by any node and should be removed from the model.[m
[0;93m2026-09-28 12:08:05.325437 [W:onnxruntime:, graph.cc:4285 CleanUnusedInitializersAndNodeArgs] Removing initializer '/encoder/encoders/encoders.17/self_attn/Constant_2_output_0'. It is not used by any node and should be removed from the model.[m
[0;93m2026-09-28 12:08:05.325441 [W:onnxruntime:, graph.cc:4285 CleanUnusedInitializersAndNodeArgs] Removing initializer '/encoder/encoders/encoders.17/self_attn/Constant_1_output_0'. It is not used by any node and should be removed from the model.[m
[0;93m2026-09-28 12:08:05.325445 [W:onnxruntime:, graph.cc:4285 CleanUnusedInitializersAndNodeArgs] Removing initializer '/encoder/encoders/encoders.32/self_attn/Constant_15_output_0'. It is not used by any node and should be removed from the model.[m
[0;93m2026-09-28 12:08:05.325450 [W:onnxruntime:, graph.cc:4285 CleanUnusedInitializersAndNodeArgs] Removing initializer '/encoder/encoders/encoders.16/self_attn/Constant_10_output_0'. It is not used by any node and should be removed from the model.[m
[0;93m2026-09-28 12:08:05.325455 [W:onnxruntime:, graph.cc:4285 CleanUnusedInitializersAndNodeArgs] Removing initializer '/encoder/encoders/encoders.16/self_attn/Constant_9_output_0'. It is not used by any node and should be removed from the model.[m
[0;93m2026-09-28 12:08:05.325459 [W:onnxruntime:, graph.cc:4285 CleanUnusedInitializersAndNodeArgs] Removing initializer '/encoder/encoders/encoders.16/self_attn/Constant_6_output_0'. It is not used by any node and should be removed from the model.[m
[0;93m2026-09-28 12:08:05.325463 [W:onnxruntime:, graph.cc:4285 CleanUnusedInitializersAndNodeArgs] Removing initializer '/encoder/encoders/encoders.16/self_attn/Constant_5_output_0'. It is not used by any node and should be removed from the model.[m
[0;93m2026-09-28 12:08:05.325468 [W:onnxruntime:, graph.cc:4285 CleanUnusedInitializersAndNodeArgs] Removing initializer '/encoder/encoders/encoders.15/self_attn/Constant_15_output_0'. It is not used by any node and should be removed from the model.[m
[0;93m2026-09-28 12:08:05.325474 [W:onnxruntime:, graph.cc:4285 CleanUnusedInitializersAndNodeArgs] Removing initializer '/encoder/encoders/encoders.16/self_attn/Constant_1_output_0'. It is not used by any node and should be removed from the model.[m
[0;93m2026-09-28 12:08:05.325479 [W:onnxruntime:, graph.cc:4285 CleanUnusedInitializersAndNodeArgs] Removing initializer '/encoder/encoders/encoders.15/self_attn/Constant_9_output_0'. It is not used by any node and should be removed from the model.[m
[0;93m2026-09-28 12:08:05.325484 [W:onnxruntime:, graph.cc:4285 CleanUnusedInitializersAndNodeArgs] Removing initializer '/encoder/encoders/encoders.15/self_attn/Constant_5_output_0'. It is not used by any node and should be removed from the model.[m
[0;93m2026-09-28 12:08:05.325489 [W:onnxruntime:, graph.cc:4285 CleanUnusedInitializersAndNodeArgs] Removing initializer '/encoder/encoders/encoders.15/self_attn/Constant_1_output_0'. It is not used by any node and should be removed from the model.[m
[0;93m2026-09-28 12:08:05.325494 [W:onnxruntime:, graph.cc:4285 CleanUnusedInitializersAndNodeArgs] Removing initializer '/encoder/encoders/encoders.14/self_attn/Constant_14_output_0'. It is not used by any node and should be removed from the model.[m
[0;93m2026-09-28 12:08:05.325500 [W:onnxruntime:, graph.cc:4285 CleanUnusedInitializersAndNodeArgs] Removing initializer '/encoder/encoders/encoders.14/self_attn/Constant_6_output_0'. It is not used by any node and should be removed from the model.[m
[0;93m2026-09-28 12:08:05.325505 [W:onnxruntime:, graph.cc:4285 CleanUnusedInitializersAndNodeArgs] Removing initializer '/encoder/encoders/encoders.14/self_attn/Constant_5_output_0'. It is not used by any node and should be removed from the model.[m
[0;93m2026-09-28 12:08:05.325513 [W:onnxruntime:, graph.cc:4285 CleanUnusedInitializersAndNodeArgs] Removing initializer '/encoder/encoders/encoders.14/self_attn/Constant_2_output_0'. It is not used by any node and should be removed from the model.[m
[0;93m2026-09-28 12:08:05.325520 [W:onnxruntime:, graph.cc:4285 CleanUnusedInitializersAndNodeArgs] Removing initializer '/encoder/encoders/encoders.32/self_attn/Constant_5_output_0'. It is not used by any node and should be removed from the model.[m
[0;93m2026-09-28 12:08:05.325524 [W:onnxruntime:, graph.cc:4285 CleanUnusedInitializersAndNodeArgs] Removing initializer '/encoder/encoders/encoders.13/self_attn/Constant_14_output_0'. It is not used by any node and should be removed from the model.[m
[0;93m2026-09-28 12:08:05.325529 [W:onnxruntime:, graph.cc:4285 CleanUnusedInitializersAndNodeArgs] Removing initializer '/encoder/encoders/encoders.22/self_attn/Constant_14_output_0'. It is not used by any node and should be removed from the model.[m
[0;93m2026-09-28 12:08:05.325533 [W:onnxruntime:, graph.cc:4285 CleanUnusedInitializersAndNodeArgs] Removing initializer '/encoder/encoders/encoders.13/self_attn/Constant_10_output_0'. It is not used by any node and should be removed from the model.[m
[0;93m2026-09-28 12:08:05.325538 [W:onnxruntime:, graph.cc:4285 CleanUnusedInitializersAndNodeArgs] Removing initializer '/encoder/encoders/encoders.13/self_attn/Constant_9_output_0'. It is not used by any node and should be removed from the model.[m
[0;93m2026-09-28 12:08:05.325542 [W:onnxruntime:, graph.cc:4285 CleanUnusedInitializersAndNodeArgs] Removing initializer '/encoder/encoders/encoders.16/self_attn/Constant_2_output_0'. It is not used by any node and should be removed from the model.[m
[0;93m2026-09-28 12:08:05.325547 [W:onnxruntime:, graph.cc:4285 CleanUnusedInitializersAndNodeArgs] Removing initializer '/encoder/encoders/encoders.1/self_attn/Constant_6_output_0'. It is not used by any node and should be removed from the model.[m
[0;93m2026-09-28 12:08:05.325551 [W:onnxruntime:, graph.cc:4285 CleanUnusedInitializersAndNodeArgs] Removing initializer '/encoder/encoders/encoders.13/self_attn/Constant_6_output_0'. It is not used by any node and should be removed from the model.[m
[0;93m2026-09-28 12:08:05.325555 [W:onnxruntime:, graph.cc:4285 CleanUnusedInitializersAndNodeArgs] Removing initializer '/encoder/encoders/encoders.13/self_attn/Constant_5_output_0'. It is not used by any node and should be removed from the model.[m
[0;93m2026-09-28 12:08:05.325560 [W:onnxruntime:, graph.cc:4285 CleanUnusedInitializersAndNodeArgs] Removing initializer '/encoder/encoders/encoders.38/self_attn/Constant_10_output_0'. It is not used by any node and should be removed from the model.[m
[0;93m2026-09-28 12:08:05.325564 [W:onnxruntime:, graph.cc:4285 CleanUnusedInitializersAndNodeArgs] Removing initializer '/encoder/encoders/encoders.10/self_attn/Constant_9_output_0'. It is not used by any node and should be removed from the model.[m
[0;93m2026-09-28 12:08:05.325570 [W:onnxruntime:, graph.cc:4285 CleanUnusedInitializersAndNodeArgs] Removing initializer '/encoder/encoders/encoders.12/self_attn/Constant_10_output_0'. It is not used by any node and should be removed from the model.[m
[0;93m2026-09-28 12:08:05.325574 [W:onnxruntime:, graph.cc:4285 CleanUnusedInitializersAndNodeArgs] Removing initializer '/encoder/encoders/encoders.12/self_attn/Constant_9_output_0'. It is not used by any node and should be removed from the model.[m
[0;93m2026-09-28 12:08:05.325579 [W:onnxruntime:, graph.cc:4285 CleanUnusedInitializersAndNodeArgs] Removing initializer '/encoder/encoders/encoders.12/self_attn/Constant_5_output_0'. It is not used by any node and should be removed from the model.[m
[0;93m2026-09-28 12:08:05.325584 [W:onnxruntime:, graph.cc:4285 CleanUnusedInitializersAndNodeArgs] Removing initializer '/encoder/encoders/encoders.12/self_attn/Constant_1_output_0'. It is not used by any node and should be removed from the model.[m
[0;93m2026-09-28 12:08:05.325589 [W:onnxruntime:, graph.cc:4285 CleanUnusedInitializersAndNodeArgs] Removing initializer '/encoder/encoders/encoders.11/self_attn/Constant_15_output_0'. It is not used by any node and should be removed from the model.[m
[0;93m2026-09-28 12:08:05.325596 [W:onnxruntime:, graph.cc:4285 CleanUnusedInitializersAndNodeArgs] Removing initializer '/encoder/encoders/encoders.11/self_attn/Constant_14_output_0'. It is not used by any node and should be removed from the model.[m
[0;93m2026-09-28 12:08:05.325601 [W:onnxruntime:, graph.cc:4285 CleanUnusedInitializersAndNodeArgs] Removing initializer '/encoder/encoders/encoders.11/self_attn/Constant_2_output_0'. It is not used by any node and should be removed from the model.[m
[0;93m2026-09-28 12:08:05.325605 [W:onnxruntime:, graph.cc:4285 CleanUnusedInitializersAndNodeArgs] Removing initializer '/encoder/encoders/encoders.27/self_attn/Constant_15_output_0'. It is not used by any node and should be removed from the model.[m
[0;93m2026-09-28 12:08:05.325610 [W:onnxruntime:, graph.cc:4285 CleanUnusedInitializersAndNodeArgs] Removing initializer '/encoder/encoders/encoders.10/self_attn/Constant_14_output_0'. It is not used by any node and should be removed from the model.[m
[0;93m2026-09-28 12:08:05.325615 [W:onnxruntime:, graph.cc:4285 CleanUnusedInitializersAndNodeArgs] Removing initializer '/encoder/encoders/encoders.10/self_attn/Constant_5_output_0'. It is not used by any node and should be removed from the model.[m
[0;93m2026-09-28 12:08:05.325620 [W:onnxruntime:, graph.cc:4285 CleanUnusedInitializersAndNodeArgs] Removing initializer '/encoder/encoders/encoders.9/self_attn/Constant_14_output_0'. It is not used by any node and should be removed from the model.[m
[0;93m2026-09-28 12:08:05.325627 [W:onnxruntime:, graph.cc:4285 CleanUnusedInitializersAndNodeArgs] Removing initializer '/encoder/encoders/encoders.44/self_attn/Constant_2_output_0'. It is not used by any node and should be removed from the model.[m
[0;93m2026-09-28 12:08:05.325631 [W:onnxruntime:, graph.cc:4285 CleanUnusedInitializersAndNodeArgs] Removing initializer '/encoder/encoders/encoders.47/self_attn/Constant_2_output_0'. It is not used by any node and should be removed from the model.[m
[0;93m2026-09-28 12:08:05.325636 [W:onnxruntime:, graph.cc:4285 CleanUnusedInitializersAndNodeArgs] Removing initializer '/encoder/encoders/encoders.0/self_attn/Constant_1_output_0'. It is not used by any node and should be removed from the model.[m
[0;93m2026-09-28 12:08:05.325639 [W:onnxruntime:, graph.cc:4285 CleanUnusedInitializersAndNodeArgs] Removing initializer '/encoder/encoders/encoders.13/self_attn/Constant_2_output_0'. It is not used by any node and should be removed from the model.[m
[0;93m2026-09-28 12:08:05.325644 [W:onnxruntime:, graph.cc:4285 CleanUnusedInitializersAndNodeArgs] Removing initializer '/encoder/encoders/encoders.13/self_attn/Constant_1_output_0'. It is not used by any node and should be removed from the model.[m
[0;93m2026-09-28 12:08:05.325648 [W:onnxruntime:, graph.cc:4285 CleanUnusedInitializersAndNodeArgs] Removing initializer '/encoder/encoders/encoders.28/self_attn/Constant_10_output_0'. It is not used by any node and should be removed from the model.[m
[0;93m2026-09-28 12:08:05.325653 [W:onnxruntime:, graph.cc:4285 CleanUnusedInitializersAndNodeArgs] Removing initializer '/encoder/encoders/encoders.8/self_attn/Constant_14_output_0'. It is not used by any node and should be removed from the model.[m
[0;93m2026-09-28 12:08:05.325658 [W:onnxruntime:, graph.cc:4285 CleanUnusedInitializersAndNodeArgs] Removing initializer '/encoder/encoders/encoders.25/self_attn/Constant_10_output_0'. It is not used by any node and should be removed from the model.[m
[0;93m2026-09-28 12:08:05.325663 [W:onnxruntime:, graph.cc:4285 CleanUnusedInitializersAndNodeArgs] Removing initializer '/encoder/encoders/encoders.8/self_attn/Constant_10_output_0'. It is not used by any node and should be removed from the model.[m
[0;93m2026-09-28 12:08:05.325667 [W:onnxruntime:, graph.cc:4285 CleanUnusedInitializersAndNodeArgs] Removing initializer '/encoder/encoders/encoders.11/self_attn/Constant_9_output_0'. It is not used by any node and should be removed from the model.[m
[0;93m2026-09-28 12:08:05.325673 [W:onnxruntime:, graph.cc:4285 CleanUnusedInitializersAndNodeArgs] Removing initializer '/encoder/encoders/encoders.8/self_attn/Constant_9_output_0'. It is not used by any node and should be removed from the model.[m
[0;93m2026-09-28 12:08:05.325678 [W:onnxruntime:, graph.cc:4285 CleanUnusedInitializersAndNodeArgs] Removing initializer '/encoder/encoders/encoders.8/self_attn/Constant_6_output_0'. It is not used by any node and should be removed from the model.[m
[0;93m2026-09-28 12:08:05.325683 [W:onnxruntime:, graph.cc:4285 CleanUnusedInitializersAndNodeArgs] Removing initializer '/encoder/encoders/encoders.8/self_attn/Constant_5_output_0'. It is not used by any node and should be removed from the model.[m
[0;93m2026-09-28 12:08:05.325689 [W:onnxruntime:, graph.cc:4285 CleanUnusedInitializersAndNodeArgs] Removing initializer '/encoder/encoders/encoders.8/self_attn/Constant_2_output_0'. It is not used by any node and should be removed from the model.[m
[0;93m2026-09-28 12:08:05.325694 [W:onnxruntime:, graph.cc:4285 CleanUnusedInitializersAndNodeArgs] Removing initializer '/encoder/encoders/encoders.43/self_attn/Constant_15_output_0'. It is not used by any node and should be removed from the model.[m
[0;93m2026-09-28 12:08:05.325700 [W:onnxruntime:, graph.cc:4285 CleanUnusedInitializersAndNodeArgs] Removing initializer '/encoder/encoders/encoders.8/self_attn/Constant_1_output_0'. It is not used by any node and should be removed from the model.[m
[0;93m2026-09-28 12:08:05.325706 [W:onnxruntime:, graph.cc:4285 CleanUnusedInitializersAndNodeArgs] Removing initializer '/encoder/encoders/encoders.7/self_attn/Constant_15_output_0'. It is not used by any node and should be removed from the model.[m
[0;93m2026-09-28 12:08:05.325712 [W:onnxruntime:, graph.cc:4285 CleanUnusedInitializersAndNodeArgs] Removing initializer '/encoder/encoders/encoders.7/self_attn/Constant_14_output_0'. It is not used by any node and should be removed from the model.[m
[0;93m2026-09-28 12:08:05.325717 [W:onnxruntime:, graph.cc:4285 CleanUnusedInitializersAndNodeArgs] Removing initializer '/encoder/encoders/encoders.9/self_attn/Constant_10_output_0'. It is not used by any node and should be removed from the model.[m
[0;93m2026-09-28 12:08:05.325722 [W:onnxruntime:, graph.cc:4285 CleanUnusedInitializersAndNodeArgs] Removing initializer '/encoder/encoders/encoders.5/self_attn/Constant_2_output_0'. It is not used by any node and should be removed from the model.[m
[0;93m2026-09-28 12:08:05.325727 [W:onnxruntime:, graph.cc:4285 CleanUnusedInitializersAndNodeArgs] Removing initializer '/encoder/encoders/encoders.7/self_attn/Constant_10_output_0'. It is not used by any node and should be removed from the model.[m
[0;93m2026-09-28 12:08:05.325732 [W:onnxruntime:, graph.cc:4285 CleanUnusedInitializersAndNodeArgs] Removing initializer '/encoder/encoders/encoders.7/self_attn/Constant_9_output_0'. It is not used by any node and should be removed from the model.[m
[0;93m2026-09-28 12:08:05.325736 [W:onnxruntime:, graph.cc:4285 CleanUnusedInitializersAndNodeArgs] Removing initializer '/encoder/encoders/encoders.24/self_attn/Constant_2_output_0'. It is not used by any node and should be removed from the model.[m
[0;93m2026-09-28 12:08:05.325740 [W:onnxruntime:, graph.cc:4285 CleanUnusedInitializersAndNodeArgs] Removing initializer '/encoder/encoders/encoders.7/self_attn/Constant_2_output_0'. It is not used by any node and should be removed from the model.[m
[0;93m2026-09-28 12:08:05.325745 [W:onnxruntime:, graph.cc:4285 CleanUnusedInitializersAndNodeArgs] Removing initializer '/encoder/encoders/encoders.7/self_attn/Constant_1_output_0'. It is not used by any node and should be removed from the model.[m
[0;93m2026-09-28 12:08:05.325749 [W:onnxruntime:, graph.cc:4285 CleanUnusedInitializersAndNodeArgs] Removing initializer '/encoder/encoders/encoders.13/self_attn/Constant_15_output_0'. It is not used by any node and should be removed from the model.[m
[0;93m2026-09-28 12:08:05.325755 [W:onnxruntime:, graph.cc:4285 CleanUnusedInitializersAndNodeArgs] Removing initializer '/encoder/encoders/encoders.10/self_attn/Constant_1_output_0'. It is not used by any node and should be removed from the model.[m
[0;93m2026-09-28 12:08:05.325759 [W:onnxruntime:, graph.cc:4285 CleanUnusedInitializersAndNodeArgs] Removing initializer '/encoder/encoders/encoders.26/self_attn/Constant_6_output_0'. It is not used by any node and should be removed from the model.[m
[0;93m2026-09-28 12:08:05.325764 [W:onnxruntime:, graph.cc:4285 CleanUnusedInitializersAndNodeArgs] Removing initializer '/encoder/encoders/encoders.29/self_attn/Constant_10_output_0'. It is not used by any node and should be removed from the model.[m
[0;93m2026-09-28 12:08:05.325768 [W:onnxruntime:, graph.cc:4285 CleanUnusedInitializersAndNodeArgs] Removing initializer '/encoder/encoders/encoders.44/self_attn/Constant_14_output_0'. It is not used by any node and should be removed from the model.[m
[0;93m2026-09-28 12:08:05.325772 [W:onnxruntime:, graph.cc:4285 CleanUnusedInitializersAndNodeArgs] Removing initializer '/encoder/encoders/encoders.9/self_attn/Constant_5_output_0'. It is not used by any node and should be removed from the model.[m
[0;93m2026-09-28 12:08:05.325777 [W:onnxruntime:, graph.cc:4285 CleanUnusedInitializersAndNodeArgs] Removing initializer '/encoder/encoders/encoders.6/self_attn/Constant_9_output_0'. It is not used by any node and should be removed from the model.[m
[0;93m2026-09-28 12:08:05.325782 [W:onnxruntime:, graph.cc:4285 CleanUnusedInitializersAndNodeArgs] Removing initializer '/encoder/encoders/encoders.17/self_attn/Constant_5_output_0'. It is not used by any node and should be removed from the model.[m
[0;93m2026-09-28 12:08:05.325786 [W:onnxruntime:, graph.cc:4285 CleanUnusedInitializersAndNodeArgs] Removing initializer '/encoder/encoders/encoders.6/self_attn/Constant_6_output_0'. It is not used by any node and should be removed from the model.[m
[0;93m2026-09-28 12:08:05.325790 [W:onnxruntime:, graph.cc:4285 CleanUnusedInitializersAndNodeArgs] Removing initializer '/encoder/encoders/encoders.6/self_attn/Constant_5_output_0'. It is not used by any node and should be removed from the model.[m
[0;93m2026-09-28 12:08:05.325796 [W:onnxruntime:, graph.cc:4285 CleanUnusedInitializersAndNodeArgs] Removing initializer '/encoder/encoders/encoders.5/self_attn/Constant_15_output_0'. It is not used by any node and should be removed from the model.[m
[0;93m2026-09-28 12:08:05.325800 [W:onnxruntime:, graph.cc:4285 CleanUnusedInitializersAndNodeArgs] Removing initializer '/encoder/encoders/encoders.5/self_attn/Constant_14_output_0'. It is not used by any node and should be removed from the model.[m
[0;93m2026-09-28 12:08:05.325806 [W:onnxruntime:, graph.cc:4285 CleanUnusedInitializersAndNodeArgs] Removing initializer '/encoder/encoders/encoders.5/self_attn/Constant_10_output_0'. It is not used by any node and should be removed from the model.[m
[0;93m2026-09-28 12:08:05.325811 [W:onnxruntime:, graph.cc:4285 CleanUnusedInitializersAndNodeArgs] Removing initializer '/encoder/encoders/encoders.2/self_attn/Constant_2_output_0'. It is not used by any node and should be removed from the model.[m
[0;93m2026-09-28 12:08:05.325815 [W:onnxruntime:, graph.cc:4285 CleanUnusedInitializersAndNodeArgs] Removing initializer '/encoder/encoders/encoders.4/self_attn/Constant_15_output_0'. It is not used by any node and should be removed from the model.[m
[0;93m2026-09-28 12:08:05.325822 [W:onnxruntime:, graph.cc:4285 CleanUnusedInitializersAndNodeArgs] Removing initializer '/encoder/encoders/encoders.4/self_attn/Constant_14_output_0'. It is not used by any node and should be removed from the model.[m
[0;93m2026-09-28 12:08:05.325827 [W:onnxruntime:, graph.cc:4285 CleanUnusedInitializersAndNodeArgs] Removing initializer '/encoder/encoders/encoders.25/self_attn/Constant_14_output_0'. It is not used by any node and should be removed from the model.[m
[0;93m2026-09-28 12:08:05.325833 [W:onnxruntime:, graph.cc:4285 CleanUnusedInitializersAndNodeArgs] Removing initializer '/encoder/encoders/encoders.22/self_attn/Constant_6_output_0'. It is not used by any node and should be removed from the model.[m
[0;93m2026-09-28 12:08:05.325837 [W:onnxruntime:, graph.cc:4285 CleanUnusedInitializersAndNodeArgs] Removing initializer '/encoder/encoders/encoders.4/self_attn/Constant_10_output_0'. It is not used by any node and should be removed from the model.[m
[0;93m2026-09-28 12:08:05.325841 [W:onnxruntime:, graph.cc:4285 CleanUnusedInitializersAndNodeArgs] Removing initializer '/encoder/encoders/encoders.4/self_attn/Constant_9_output_0'. It is not used by any node and should be removed from the model.[m
[0;93m2026-09-28 12:08:05.325846 [W:onnxruntime:, graph.cc:4285 CleanUnusedInitializersAndNodeArgs] Removing initializer '/encoder/encoders/encoders.11/self_attn/Constant_10_output_0'. It is not used by any node and should be removed from the model.[m
[0;93m2026-09-28 12:08:05.325851 [W:onnxruntime:, graph.cc:4285 CleanUnusedInitializersAndNodeArgs] Removing initializer '/encoder/encoders/encoders.31/self_attn/Constant_6_output_0'. It is not used by any node and should be removed from the model.[m
[0;93m2026-09-28 12:08:05.325855 [W:onnxruntime:, graph.cc:4285 CleanUnusedInitializersAndNodeArgs] Removing initializer '/encoder/encoders/encoders.2/self_attn/Constant_14_output_0'. It is not used by any node and should be removed from the model.[m
[0;93m2026-09-28 12:08:05.325860 [W:onnxruntime:, graph.cc:4285 CleanUnusedInitializersAndNodeArgs] Removing initializer '/encoder/encoders/encoders.23/self_attn/Constant_9_output_0'. It is not used by any node and should be removed from the model.[m
[0;93m2026-09-28 12:08:05.325865 [W:onnxruntime:, graph.cc:4285 CleanUnusedInitializersAndNodeArgs] Removing initializer '/encoder/encoders/encoders.3/self_attn/Constant_10_output_0'. It is not used by any node and should be removed from the model.[m
[0;93m2026-09-28 12:08:05.325870 [W:onnxruntime:, graph.cc:4285 CleanUnusedInitializersAndNodeArgs] Removing initializer '/encoder/encoders/encoders.3/self_attn/Constant_15_output_0'. It is not used by any node and should be removed from the model.[m
[0;93m2026-09-28 12:08:05.325876 [W:onnxruntime:, graph.cc:4285 CleanUnusedInitializersAndNodeArgs] Removing initializer '/encoder/encoders/encoders.43/self_attn/Constant_2_output_0'. It is not used by any node and should be removed from the model.[m
[0;93m2026-09-28 12:08:05.325881 [W:onnxruntime:, graph.cc:4285 CleanUnusedInitializersAndNodeArgs] Removing initializer '/encoder/encoders/encoders.10/self_attn/Constant_6_output_0'. It is not used by any node and should be removed from the model.[m
[0;93m2026-09-28 12:08:05.325886 [W:onnxruntime:, graph.cc:4285 CleanUnusedInitializersAndNodeArgs] Removing initializer '/encoder/encoders/encoders.35/self_attn/Constant_6_output_0'. It is not used by any node and should be removed from the model.[m
[0;93m2026-09-28 12:08:05.325893 [W:onnxruntime:, graph.cc:4285 CleanUnusedInitializersAndNodeArgs] Removing initializer '/encoder/encoders/encoders.3/self_attn/Constant_9_output_0'. It is not used by any node and should be removed from the model.[m
[0;93m2026-09-28 12:08:05.325900 [W:onnxruntime:, graph.cc:4285 CleanUnusedInitializersAndNodeArgs] Removing initializer '/encoder/encoders/encoders.3/self_attn/Constant_5_output_0'. It is not used by any node and should be removed from the model.[m
[0;93m2026-09-28 12:08:05.325906 [W:onnxruntime:, graph.cc:4285 CleanUnusedInitializersAndNodeArgs] Removing initializer '/encoder/encoders/encoders.9/self_attn/Constant_6_output_0'. It is not used by any node and should be removed from the model.[m
[0;93m2026-09-28 12:08:05.325912 [W:onnxruntime:, graph.cc:4285 CleanUnusedInitializersAndNodeArgs] Removing initializer '/encoder/encoders/encoders.3/self_attn/Constant_2_output_0'. It is not used by any node and should be removed from the model.[m
[0;93m2026-09-28 12:08:05.325918 [W:onnxruntime:, graph.cc:4285 CleanUnusedInitializersAndNodeArgs] Removing initializer '/encoder/encoders/encoders.3/self_attn/Constant_1_output_0'. It is not used by any node and should be removed from the model.[m
[0;93m2026-09-28 12:08:05.325924 [W:onnxruntime:, graph.cc:4285 CleanUnusedInitializersAndNodeArgs] Removing initializer '/encoder/encoders/encoders.2/self_attn/Constant_10_output_0'. It is not used by any node and should be removed from the model.[m
[0;93m2026-09-28 12:08:05.325929 [W:onnxruntime:, graph.cc:4285 CleanUnusedInitializersAndNodeArgs] Removing initializer '/encoder/encoders/encoders.2/self_attn/Constant_6_output_0'. It is not used by any node and should be removed from the model.[m
[0;93m2026-09-28 12:08:05.325934 [W:onnxruntime:, graph.cc:4285 CleanUnusedInitializersAndNodeArgs] Removing initializer '/encoder/encoders/encoders.21/self_attn/Constant_15_output_0'. It is not used by any node and should be removed from the model.[m
[0;93m2026-09-28 12:08:05.325938 [W:onnxruntime:, graph.cc:4285 CleanUnusedInitializersAndNodeArgs] Removing initializer '/encoder/encoders/encoders.2/self_attn/Constant_1_output_0'. It is not used by any node and should be removed from the model.[m
[0;93m2026-09-28 12:08:05.325942 [W:onnxruntime:, graph.cc:4285 CleanUnusedInitializersAndNodeArgs] Removing initializer '/encoder/encoders/encoders.32/self_attn/Constant_6_output_0'. It is not used by any node and should be removed from the model.[m
[0;93m2026-09-28 12:08:05.325946 [W:onnxruntime:, graph.cc:4285 CleanUnusedInitializersAndNodeArgs] Removing initializer '/encoder/encoders/encoders.3/self_attn/Constant_14_output_0'. It is not used by any node and should be removed from the model.[m
[0;93m2026-09-28 12:08:05.325952 [W:onnxruntime:, graph.cc:4285 CleanUnusedInitializersAndNodeArgs] Removing initializer '/encoder/encoders/encoders.6/self_attn/Constant_15_output_0'. It is not used by any node and should be removed from the model.[m
[0;93m2026-09-28 12:08:05.325956 [W:onnxruntime:, graph.cc:4285 CleanUnusedInitializersAndNodeArgs] Removing initializer '/encoder/encoders/encoders.19/self_attn/Constant_6_output_0'. It is not used by any node and should be removed from the model.[m
[0;93m2026-09-28 12:08:05.325961 [W:onnxruntime:, graph.cc:4285 CleanUnusedInitializersAndNodeArgs] Removing initializer '/encoder/encoders/encoders.1/self_attn/Constant_9_output_0'. It is not used by any node and should be removed from the model.[m
[0;93m2026-09-28 12:08:05.325965 [W:onnxruntime:, graph.cc:4285 CleanUnusedInitializersAndNodeArgs] Removing initializer '/encoder/encoders/encoders.12/self_attn/Constant_2_output_0'. It is not used by any node and should be removed from the model.[m
[0;93m2026-09-28 12:08:05.325970 [W:onnxruntime:, graph.cc:4285 CleanUnusedInitializersAndNodeArgs] Removing initializer '/encoder/encoders/encoders.19/self_attn/Constant_9_output_0'. It is not used by any node and should be removed from the model.[m
[0;93m2026-09-28 12:08:05.325974 [W:onnxruntime:, graph.cc:4285 CleanUnusedInitializersAndNodeArgs] Removing initializer '/encoder/encoders/encoders.15/self_attn/Constant_10_output_0'. It is not used by any node and should be removed from the model.[m
[0;93m2026-09-28 12:08:05.325978 [W:onnxruntime:, graph.cc:4285 CleanUnusedInitializersAndNodeArgs] Removing initializer '/encoder/encoders/encoders.41/self_attn/Constant_9_output_0'. It is not used by any node and should be removed from the model.[m
[0;93m2026-09-28 12:08:05.325983 [W:onnxruntime:, graph.cc:4285 CleanUnusedInitializersAndNodeArgs] Removing initializer '/encoder/encoders/encoders.0/self_attn/Constant_9_output_0'. It is not used by any node and should be removed from the model.[m
[0;93m2026-09-28 12:08:05.325987 [W:onnxruntime:, graph.cc:4285 CleanUnusedInitializersAndNodeArgs] Removing initializer '/encoder/encoders/encoders.12/self_attn/Constant_15_output_0'. It is not used by any node and should be removed from the model.[m
[0;93m2026-09-28 12:08:05.325992 [W:onnxruntime:, graph.cc:4285 CleanUnusedInitializersAndNodeArgs] Removing initializer '/encoder/encoders/encoders.34/self_attn/Constant_9_output_0'. It is not used by any node and should be removed from the model.[m
[0;93m2026-09-28 12:08:05.325999 [W:onnxruntime:, graph.cc:4285 CleanUnusedInitializersAndNodeArgs] Removing initializer '/encoder/encoders/encoders.4/self_attn/Constant_2_output_0'. It is not used by any node and should be removed from the model.[m
[0;93m2026-09-28 12:08:05.326003 [W:onnxruntime:, graph.cc:4285 CleanUnusedInitializersAndNodeArgs] Removing initializer '/encoder/encoders/encoders.45/self_attn/Constant_15_output_0'. It is not used by any node and should be removed from the model.[m
[0;93m2026-09-28 12:08:05.326007 [W:onnxruntime:, graph.cc:4285 CleanUnusedInitializersAndNodeArgs] Removing initializer '/encoder/encoders/encoders.0/self_attn/Constant_5_output_0'. It is not used by any node and should be removed from the model.[m
[0;93m2026-09-28 12:08:05.326012 [W:onnxruntime:, graph.cc:4285 CleanUnusedInitializersAndNodeArgs] Removing initializer '/encoder/encoders/encoders.14/self_attn/Constant_9_output_0'. It is not used by any node and should be removed from the model.[m
[0;93m2026-09-28 12:08:05.326016 [W:onnxruntime:, graph.cc:4285 CleanUnusedInitializersAndNodeArgs] Removing initializer '/encoder/encoders/encoders.14/self_attn/Constant_1_output_0'. It is not used by any node and should be removed from the model.[m
[0;93m2026-09-28 12:08:05.326023 [W:onnxruntime:, graph.cc:4285 CleanUnusedInitializersAndNodeArgs] Removing initializer '/encoder/make_pad_mask/Constant_1_output_0'. It is not used by any node and should be removed from the model.[m
[0;93m2026-09-28 12:08:05.326028 [W:onnxruntime:, graph.cc:4285 CleanUnusedInitializersAndNodeArgs] Removing initializer '/encoder/make_pad_mask/Constant_output_0'. It is not used by any node and should be removed from the model.[m
[0;93m2026-09-28 12:08:05.326034 [W:onnxruntime:, graph.cc:4285 CleanUnusedInitializersAndNodeArgs] Removing initializer '/encoder/encoders/encoders.35/self_attn/Constant_9_output_0'. It is not used by any node and should be removed from the model.[m
[0;93m2026-09-28 12:08:05.326039 [W:onnxruntime:, graph.cc:4285 CleanUnusedInitializersAndNodeArgs] Removing initializer '/encoder/encoders/encoders.28/self_attn/Constant_15_output_0'. It is not used by any node and should be removed from the model.[m
[0;93m2026-09-28 12:08:05.326044 [W:onnxruntime:, graph.cc:4285 CleanUnusedInitializersAndNodeArgs] Removing initializer '/encoder/encoders/encoders.44/self_attn/Constant_1_output_0'. It is not used by any node and should be removed from the model.[m
[0;93m2026-09-28 12:08:05.326050 [W:onnxruntime:, graph.cc:4285 CleanUnusedInitializersAndNodeArgs] Removing initializer '/encoder/encoders/encoders.39/self_attn/Constant_10_output_0'. It is not used by any node and should be removed from the model.[m
[0;93m2026-09-28 12:08:05.326056 [W:onnxruntime:, graph.cc:4285 CleanUnusedInitializersAndNodeArgs] Removing initializer '/encoder/encoders/encoders.26/self_attn/Constant_2_output_0'. It is not used by any node and should be removed from the model.[m
[0;93m2026-09-28 12:08:05.326061 [W:onnxruntime:, graph.cc:4285 CleanUnusedInitializersAndNodeArgs] Removing initializer '/encoder/encoders/encoders.11/self_attn/Constant_1_output_0'. It is not used by any node and should be removed from the model.[m
[0;93m2026-09-28 12:08:05.326066 [W:onnxruntime:, graph.cc:4285 CleanUnusedInitializersAndNodeArgs] Removing initializer '/encoder/encoders/encoders.22/self_attn/Constant_5_output_0'. It is not used by any node and should be removed from the model.[m
[0;93m2026-09-28 12:08:05.326072 [W:onnxruntime:, graph.cc:4285 CleanUnusedInitializersAndNodeArgs] Removing initializer '/encoder/encoders/encoders.28/self_attn/Constant_1_output_0'. It is not used by any node and should be removed from the model.[m
[0;93m2026-09-28 12:08:05.326077 [W:onnxruntime:, graph.cc:4285 CleanUnusedInitializersAndNodeArgs] Removing initializer '/encoder/encoders/encoders.26/self_attn/Constant_5_output_0'. It is not used by any node and should be removed from the model.[m
[0;93m2026-09-28 12:08:05.326083 [W:onnxruntime:, graph.cc:4285 CleanUnusedInitializersAndNodeArgs] Removing initializer '/encoder/encoders/encoders.0/self_attn/Constant_6_output_0'. It is not used by any node and should be removed from the model.[m
[0;93m2026-09-28 12:08:05.326088 [W:onnxruntime:, graph.cc:4285 CleanUnusedInitializersAndNodeArgs] Removing initializer '/encoder/encoders/encoders.48/self_attn/Constant_10_output_0'. It is not used by any node and should be removed from the model.[m
[0;93m2026-09-28 12:08:05.326095 [W:onnxruntime:, graph.cc:4285 CleanUnusedInitializersAndNodeArgs] Removing initializer '/encoder/encoders/encoders.37/self_attn/Constant_15_output_0'. It is not used by any node and should be removed from the model.[m
[0;93m2026-09-28 12:08:05.326102 [W:onnxruntime:, graph.cc:4285 CleanUnusedInitializersAndNodeArgs] Removing initializer '/encoder/encoders/encoders.29/self_attn/Constant_5_output_0'. It is not used by any node and should be removed from the model.[m
[0;93m2026-09-28 12:08:05.326109 [W:onnxruntime:, graph.cc:4285 CleanUnusedInitializersAndNodeArgs] Removing initializer '/encoder/encoders/encoders.22/self_attn/Constant_2_output_0'. It is not used by any node and should be removed from the model.[m
[0;93m2026-09-28 12:08:05.326114 [W:onnxruntime:, graph.cc:4285 CleanUnusedInitializersAndNodeArgs] Removing initializer '/encoder/encoders/encoders.1/self_attn/Constant_1_output_0'. It is not used by any node and should be removed from the model.[m
[0;93m2026-09-28 12:08:05.326119 [W:onnxruntime:, graph.cc:4285 CleanUnusedInitializersAndNodeArgs] Removing initializer '/encoder/encoders/encoders.0/self_attn/Constant_14_output_0'. It is not used by any node and should be removed from the model.[m
[0;93m2026-09-28 12:08:05.326124 [W:onnxruntime:, graph.cc:4285 CleanUnusedInitializersAndNodeArgs] Removing initializer '/encoder/encoders/encoders.14/self_attn/Constant_15_output_0'. It is not used by any node and should be removed from the model.[m
[0;93m2026-09-28 12:08:05.326128 [W:onnxruntime:, graph.cc:4285 CleanUnusedInitializersAndNodeArgs] Removing initializer '/encoder/encoders/encoders.11/self_attn/Constant_6_output_0'. It is not used by any node and should be removed from the model.[m
[0;93m2026-09-28 12:08:05.326133 [W:onnxruntime:, graph.cc:4285 CleanUnusedInitializersAndNodeArgs] Removing initializer '/encoder/encoders/encoders.2/self_attn/Constant_5_output_0'. It is not used by any node and should be removed from the model.[m
[0;93m2026-09-28 12:08:05.326138 [W:onnxruntime:, graph.cc:4285 CleanUnusedInitializersAndNodeArgs] Removing initializer '/encoder/encoders/encoders.30/self_attn/Constant_14_output_0'. It is not used by any node and should be removed from the model.[m
[0;93m2026-09-28 12:08:05.326143 [W:onnxruntime:, graph.cc:4285 CleanUnusedInitializersAndNodeArgs] Removing initializer '/encoder/encoders/encoders.42/self_attn/Constant_10_output_0'. It is not used by any node and should be removed from the model.[m
[0;93m2026-09-28 12:08:05.326148 [W:onnxruntime:, graph.cc:4285 CleanUnusedInitializersAndNodeArgs] Removing initializer '/encoder/encoders/encoders.33/self_attn/Constant_6_output_0'. It is not used by any node and should be removed from the model.[m
[0;93m2026-09-28 12:08:05.326153 [W:onnxruntime:, graph.cc:4285 CleanUnusedInitializersAndNodeArgs] Removing initializer '/encoder/encoders/encoders.37/self_attn/Constant_1_output_0'. It is not used by any node and should be removed from the model.[m
[0;93m2026-09-28 12:08:05.326158 [W:onnxruntime:, graph.cc:4285 CleanUnusedInitializersAndNodeArgs] Removing initializer '/encoder/encoders/encoders.2/self_attn/Constant_9_output_0'. It is not used by any node and should be removed from the model.[m
[0;93m2026-09-28 12:08:05.326162 [W:onnxruntime:, graph.cc:4285 CleanUnusedInitializersAndNodeArgs] Removing initializer '/encoder/encoders/encoders.24/self_attn/Constant_9_output_0'. It is not used by any node and should be removed from the model.[m
[0;93m2026-09-28 12:08:05.326167 [W:onnxruntime:, graph.cc:4285 CleanUnusedInitializersAndNodeArgs] Removing initializer '/encoder/encoders/encoders.1/self_attn/Constant_5_output_0'. It is not used by any node and should be removed from the model.[m
[0;93m2026-09-28 12:08:05.326172 [W:onnxruntime:, graph.cc:4285 CleanUnusedInitializersAndNodeArgs] Removing initializer '/encoder/encoders/encoders.45/self_attn/Constant_1_output_0'. It is not used by any node and should be removed from the model.[m
[0;93m2026-09-28 12:08:05.326176 [W:onnxruntime:, graph.cc:4285 CleanUnusedInitializersAndNodeArgs] Removing initializer '/encoder/encoders/encoders.46/self_attn/Constant_15_output_0'. It is not used by any node and should be removed from the model.[m
[0;93m2026-09-28 12:08:05.326182 [W:onnxruntime:, graph.cc:4285 CleanUnusedInitializersAndNodeArgs] Removing initializer '/encoder/encoders/encoders.0/self_attn/Constant_10_output_0'. It is not used by any node and should be removed from the model.[m
[0;93m2026-09-28 12:08:05.326187 [W:onnxruntime:, graph.cc:4285 CleanUnusedInitializersAndNodeArgs] Removing initializer '/encoder/encoders/encoders.33/self_attn/Constant_15_output_0'. It is not used by any node and should be removed from the model.[m
[0;93m2026-09-28 12:08:05.326193 [W:onnxruntime:, graph.cc:4285 CleanUnusedInitializersAndNodeArgs] Removing initializer '/encoder/encoders/encoders.9/self_attn/Constant_15_output_0'. It is not used by any node and should be removed from the model.[m
[0;93m2026-09-28 12:08:05.326198 [W:onnxruntime:, graph.cc:4285 CleanUnusedInitializersAndNodeArgs] Removing initializer '/encoder/encoders/encoders.19/self_attn/Constant_10_output_0'. It is not used by any node and should be removed from the model.[m
[0;93m2026-09-28 12:08:05.326203 [W:onnxruntime:, graph.cc:4285 CleanUnusedInitializersAndNodeArgs] Removing initializer '/encoder/encoders/encoders.38/self_attn/Constant_15_output_0'. It is not used by any node and should be removed from the model.[m
[0;93m2026-09-28 12:08:05.326208 [W:onnxruntime:, graph.cc:4285 CleanUnusedInitializersAndNodeArgs] Removing initializer '/encoder/encoders/encoders.14/self_attn/Constant_10_output_0'. It is not used by any node and should be removed from the model.[m
[0;93m2026-09-28 12:08:05.326213 [W:onnxruntime:, graph.cc:4285 CleanUnusedInitializersAndNodeArgs] Removing initializer '/encoder/encoders/encoders.0/self_attn/Constant_15_output_0'. It is not used by any node and should be removed from the model.[m
[0;93m2026-09-28 12:08:05.326218 [W:onnxruntime:, graph.cc:4285 CleanUnusedInitializersAndNodeArgs] Removing initializer '/encoder/encoders/encoders.40/self_attn/Constant_6_output_0'. It is not used by any node and should be removed from the model.[m
[0;93m2026-09-28 12:08:05.326223 [W:onnxruntime:, graph.cc:4285 CleanUnusedInitializersAndNodeArgs] Removing initializer '/encoder/encoders/encoders.10/self_attn/Constant_15_output_0'. It is not used by any node and should be removed from the model.[m
[0;93m2026-09-28 12:08:05.326227 [W:onnxruntime:, graph.cc:4285 CleanUnusedInitializersAndNodeArgs] Removing initializer '/encoder/encoders/encoders.33/self_attn/Constant_2_output_0'. It is not used by any node and should be removed from the model.[m
[0;93m2026-09-28 12:08:05.326237 [W:onnxruntime:, graph.cc:4285 CleanUnusedInitializersAndNodeArgs] Removing initializer '/encoder/encoders/encoders.30/self_attn/Constant_5_output_0'. It is not used by any node and should be removed from the model.[m
[0;93m2026-09-28 12:08:05.326241 [W:onnxruntime:, graph.cc:4285 CleanUnusedInitializersAndNodeArgs] Removing initializer '/encoder/encoders/encoders.24/self_attn/Constant_14_output_0'. It is not used by any node and should be removed from the model.[m
[0;93m2026-09-28 12:08:05.326246 [W:onnxruntime:, graph.cc:4285 CleanUnusedInitializersAndNodeArgs] Removing initializer '/encoder/encoders/encoders.43/self_attn/Constant_9_output_0'. It is not used by any node and should be removed from the model.[m
[0;93m2026-09-28 12:08:05.326252 [W:onnxruntime:, graph.cc:4285 CleanUnusedInitializersAndNodeArgs] Removing initializer '/encoder/encoders/encoders.4/self_attn/Constant_1_output_0'. It is not used by any node and should be removed from the model.[m
[0;93m2026-09-28 12:08:05.326258 [W:onnxruntime:, graph.cc:4285 CleanUnusedInitializersAndNodeArgs] Removing initializer '/encoder/encoders/encoders.45/self_attn/Constant_10_output_0'. It is not used by any node and should be removed from the model.[m
[0;93m2026-09-28 12:08:05.326265 [W:onnxruntime:, graph.cc:4285 CleanUnusedInitializersAndNodeArgs] Removing initializer '/encoder/encoders/encoders.5/self_attn/Constant_9_output_0'. It is not used by any node and should be removed from the model.[m
[0;93m2026-09-28 12:08:05.326271 [W:onnxruntime:, graph.cc:4285 CleanUnusedInitializersAndNodeArgs] Removing initializer '/encoder/encoders/encoders.0/self_attn/Constant_2_output_0'. It is not used by any node and should be removed from the model.[m
[0;93m2026-09-28 12:08:05.326275 [W:onnxruntime:, graph.cc:4285 CleanUnusedInitializersAndNodeArgs] Removing initializer '/encoder/encoders/encoders.5/self_attn/Constant_1_output_0'. It is not used by any node and should be removed from the model.[m
[0;93m2026-09-28 12:08:05.326280 [W:onnxruntime:, graph.cc:4285 CleanUnusedInitializersAndNodeArgs] Removing initializer '/encoder/encoders/encoders.34/self_attn/Constant_1_output_0'. It is not used by any node and should be removed from the model.[m
[0;93m2026-09-28 12:08:05.326286 [W:onnxruntime:, graph.cc:4285 CleanUnusedInitializersAndNodeArgs] Removing initializer '/encoder/encoders/encoders.41/self_attn/Constant_14_output_0'. It is not used by any node and should be removed from the model.[m
[0;93m2026-09-28 12:08:05.326291 [W:onnxruntime:, graph.cc:4285 CleanUnusedInitializersAndNodeArgs] Removing initializer '/encoder/encoders/encoders.42/self_attn/Constant_6_output_0'. It is not used by any node and should be removed from the model.[m
[0;93m2026-09-28 12:08:05.326296 [W:onnxruntime:, graph.cc:4285 CleanUnusedInitializersAndNodeArgs] Removing initializer '/encoder/encoders/encoders.30/self_attn/Constant_6_output_0'. It is not used by any node and should be removed from the model.[m
[0;93m2026-09-28 12:08:05.326301 [W:onnxruntime:, graph.cc:4285 CleanUnusedInitializersAndNodeArgs] Removing initializer '/encoder/encoders/encoders.27/self_attn/Constant_10_output_0'. It is not used by any node and should be removed from the model.[m
[0;93m2026-09-28 12:08:05.326309 [W:onnxruntime:, graph.cc:4285 CleanUnusedInitializersAndNodeArgs] Removing initializer '/encoder/encoders/encoders.38/self_attn/Constant_6_output_0'. It is not used by any node and should be removed from the model.[m
[0;93m2026-09-28 12:08:05.326316 [W:onnxruntime:, graph.cc:4285 CleanUnusedInitializersAndNodeArgs] Removing initializer '/encoder/encoders/encoders.44/self_attn/Constant_10_output_0'. It is not used by any node and should be removed from the model.[m
[0;93m2026-09-28 12:08:05.326322 [W:onnxruntime:, graph.cc:4285 CleanUnusedInitializersAndNodeArgs] Removing initializer '/encoder/encoders/encoders.33/self_attn/Constant_1_output_0'. It is not used by any node and should be removed from the model.[m
[0;93m2026-09-28 12:08:05.326327 [W:onnxruntime:, graph.cc:4285 CleanUnusedInitializersAndNodeArgs] Removing initializer '/encoder/encoders/encoders.10/self_attn/Constant_10_output_0'. It is not used by any node and should be removed from the model.[m
[0;93m2026-09-28 12:08:05.326332 [W:onnxruntime:, graph.cc:4285 CleanUnusedInitializersAndNodeArgs] Removing initializer '/encoder/encoders/encoders.29/self_attn/Constant_14_output_0'. It is not used by any node and should be removed from the model.[m
[0;93m2026-09-28 12:08:05.326338 [W:onnxruntime:, graph.cc:4285 CleanUnusedInitializersAndNodeArgs] Removing initializer '/encoder/encoders/encoders.35/self_attn/Constant_10_output_0'. It is not used by any node and should be removed from the model.[m
[0;93m2026-09-28 12:08:05.326343 [W:onnxruntime:, graph.cc:4285 CleanUnusedInitializersAndNodeArgs] Removing initializer '/encoder/encoders/encoders.10/self_attn/Constant_2_output_0'. It is not used by any node and should be removed from the model.[m
[0;93m2026-09-28 12:08:05.326348 [W:onnxruntime:, graph.cc:4285 CleanUnusedInitializersAndNodeArgs] Removing initializer '/encoder/encoders/encoders.6/self_attn/Constant_2_output_0'. It is not used by any node and should be removed from the model.[m
[0;93m2026-09-28 12:08:05.326354 [W:onnxruntime:, graph.cc:4285 CleanUnusedInitializersAndNodeArgs] Removing initializer '/encoder/encoders/encoders.9/self_attn/Constant_2_output_0'. It is not used by any node and should be removed from the model.[m
[0;93m2026-09-28 12:08:05.326358 [W:onnxruntime:, graph.cc:4285 CleanUnusedInitializersAndNodeArgs] Removing initializer '/encoder/encoders/encoders.1/self_attn/Constant_2_output_0'. It is not used by any node and should be removed from the model.[m
[0;93m2026-09-28 12:08:05.326363 [W:onnxruntime:, graph.cc:4285 CleanUnusedInitializersAndNodeArgs] Removing initializer '/encoder/encoders/encoders.18/self_attn/Constant_9_output_0'. It is not used by any node and should be removed from the model.[m
[0;93m2026-09-28 12:08:05.326368 [W:onnxruntime:, graph.cc:4285 CleanUnusedInitializersAndNodeArgs] Removing initializer '/encoder/encoders/encoders.7/self_attn/Constant_6_output_0'. It is not used by any node and should be removed from the model.[m
[0;93m2026-09-28 12:08:05.326373 [W:onnxruntime:, graph.cc:4285 CleanUnusedInitializersAndNodeArgs] Removing initializer '/encoder/encoders/encoders.32/self_attn/Constant_9_output_0'. It is not used by any node and should be removed from the model.[m
[0;93m2026-09-28 12:08:05.326377 [W:onnxruntime:, graph.cc:4285 CleanUnusedInitializersAndNodeArgs] Removing initializer '/encoder/encoders/encoders.41/self_attn/Constant_2_output_0'. It is not used by any node and should be removed from the model.[m
[0;93m2026-09-28 12:08:05.326383 [W:onnxruntime:, graph.cc:4285 CleanUnusedInitializersAndNodeArgs] Removing initializer '/encoder/encoders/encoders.33/self_attn/Constant_14_output_0'. It is not used by any node and should be removed from the model.[m
[0;93m2026-09-28 12:08:05.326388 [W:onnxruntime:, graph.cc:4285 CleanUnusedInitializersAndNodeArgs] Removing initializer '/encoder/encoders/encoders.28/self_attn/Constant_2_output_0'. It is not used by any node and should be removed from the model.[m
[0;93m2026-09-28 12:08:05.326392 [W:onnxruntime:, graph.cc:4285 CleanUnusedInitializersAndNodeArgs] Removing initializer '/encoder/encoders/encoders.17/self_attn/Constant_6_output_0'. It is not used by any node and should be removed from the model.[m
[0;93m2026-09-28 12:08:05.326396 [W:onnxruntime:, graph.cc:4285 CleanUnusedInitializersAndNodeArgs] Removing initializer '/encoder/encoders/encoders.23/self_attn/Constant_2_output_0'. It is not used by any node and should be removed from the model.[m
[0;93m2026-09-28 12:08:05.326401 [W:onnxruntime:, graph.cc:4285 CleanUnusedInitializersAndNodeArgs] Removing initializer '/encoder/encoders/encoders.15/self_attn/Constant_2_output_0'. It is not used by any node and should be removed from the model.[m
[0;93m2026-09-28 12:08:05.326405 [W:onnxruntime:, graph.cc:4285 CleanUnusedInitializersAndNodeArgs] Removing initializer '/encoder/encoders/encoders.15/self_attn/Constant_6_output_0'. It is not used by any node and should be removed from the model.[m
[0;93m2026-09-28 12:08:05.326410 [W:onnxruntime:, graph.cc:4285 CleanUnusedInitializersAndNodeArgs] Removing initializer '/encoder/encoders/encoders.1/self_attn/Constant_15_output_0'. It is not used by any node and should be removed from the model.[m
[0;93m2026-09-28 12:08:05.326414 [W:onnxruntime:, graph.cc:4285 CleanUnusedInitializersAndNodeArgs] Removing initializer '/encoder/encoders/encoders.1/self_attn/Constant_14_output_0'. It is not used by any node and should be removed from the model.[m
[0;93m2026-09-28 12:08:05.326420 [W:onnxruntime:, graph.cc:4285 CleanUnusedInitializersAndNodeArgs] Removing initializer '/encoder/encoders/encoders.8/self_attn/Constant_15_output_0'. It is not used by any node and should be removed from the model.[m
[0;93m2026-09-28 12:08:05.326424 [W:onnxruntime:, graph.cc:4285 CleanUnusedInitializersAndNodeArgs] Removing initializer '/encoder/encoders/encoders.16/self_attn/Constant_15_output_0'. It is not used by any node and should be removed from the model.[m
[0;93m2026-09-28 12:08:05.326429 [W:onnxruntime:, graph.cc:4285 CleanUnusedInitializersAndNodeArgs] Removing initializer '/encoder/encoders/encoders.40/self_attn/Constant_15_output_0'. It is not used by any node and should be removed from the model.[m
[0;93m2026-09-28 12:08:05.326433 [W:onnxruntime:, graph.cc:4285 CleanUnusedInitializersAndNodeArgs] Removing initializer '/encoder/encoders/encoders.24/self_attn/Constant_1_output_0'. It is not used by any node and should be removed from the model.[m
[0;93m2026-09-28 12:08:05.326438 [W:onnxruntime:, graph.cc:4285 CleanUnusedInitializersAndNodeArgs] Removing initializer '/encoder/encoders/encoders.33/self_attn/Constant_9_output_0'. It is not used by any node and should be removed from the model.[m
[0;93m2026-09-28 12:08:05.326446 [W:onnxruntime:, graph.cc:4285 CleanUnusedInitializersAndNodeArgs] Removing initializer '/encoder/encoders/encoders.27/self_attn/Constant_1_output_0'. It is not used by any node and should be removed from the model.[m
[0;93m2026-09-28 12:08:05.326450 [W:onnxruntime:, graph.cc:4285 CleanUnusedInitializersAndNodeArgs] Removing initializer '/encoder/encoders/encoders.12/self_attn/Constant_14_output_0'. It is not used by any node and should be removed from the model.[m
[0;93m2026-09-28 12:08:05.326455 [W:onnxruntime:, graph.cc:4285 CleanUnusedInitializersAndNodeArgs] Removing initializer '/encoder/encoders/encoders.39/self_attn/Constant_9_output_0'. It is not used by any node and should be removed from the model.[m
[0;93m2026-09-28 12:08:05.326459 [W:onnxruntime:, graph.cc:4285 CleanUnusedInitializersAndNodeArgs] Removing initializer '/encoder/encoders/encoders.47/self_attn/Constant_5_output_0'. It is not used by any node and should be removed from the model.[m
[0;93m2026-09-28 12:08:05.326464 [W:onnxruntime:, graph.cc:4285 CleanUnusedInitializersAndNodeArgs] Removing initializer '/encoder/encoders/encoders.39/self_attn/Constant_5_output_0'. It is not used by any node and should be removed from the model.[m
[0;93m2026-09-28 12:08:05.326469 [W:onnxruntime:, graph.cc:4285 CleanUnusedInitializersAndNodeArgs] Removing initializer '/encoder/encoders/encoders.19/self_attn/Constant_1_output_0'. It is not used by any node and should be removed from the model.[m
[0;93m2026-09-28 12:08:05.326474 [W:onnxruntime:, graph.cc:4285 CleanUnusedInitializersAndNodeArgs] Removing initializer '/encoder/encoders/encoders.25/self_attn/Constant_6_output_0'. It is not used by any node and should be removed from the model.[m
[0;93m2026-09-28 12:08:05.326479 [W:onnxruntime:, graph.cc:4285 CleanUnusedInitializersAndNodeArgs] Removing initializer '/encoder/encoders/encoders.4/self_attn/Constant_5_output_0'. It is not used by any node and should be removed from the model.[m
[0;93m2026-09-28 12:08:05.326484 [W:onnxruntime:, graph.cc:4285 CleanUnusedInitializersAndNodeArgs] Removing initializer '/encoder/encoders/encoders.43/self_attn/Constant_6_output_0'. It is not used by any node and should be removed from the model.[m
[0;93m2026-09-28 12:08:05.326490 [W:onnxruntime:, graph.cc:4285 CleanUnusedInitializersAndNodeArgs] Removing initializer '/encoder/encoders/encoders.22/self_attn/Constant_15_output_0'. It is not used by any node and should be removed from the model.[m
[0;93m2026-09-28 12:08:05.326497 [W:onnxruntime:, graph.cc:4285 CleanUnusedInitializersAndNodeArgs] Removing initializer '/encoder/encoders/encoders.11/self_attn/Constant_5_output_0'. It is not used by any node and should be removed from the model.[m
[0;93m2026-09-28 12:08:05.326504 [W:onnxruntime:, graph.cc:4285 CleanUnusedInitializersAndNodeArgs] Removing initializer '/encoder/encoders/encoders.6/self_attn/Constant_10_output_0'. It is not used by any node and should be removed from the model.[m
[0;93m2026-09-28 12:08:05.326509 [W:onnxruntime:, graph.cc:4285 CleanUnusedInitializersAndNodeArgs] Removing initializer '/encoder/encoders/encoders.15/self_attn/Constant_14_output_0'. It is not used by any node and should be removed from the model.[m
[0;93m2026-09-28 12:08:05.326514 [W:onnxruntime:, graph.cc:4285 CleanUnusedInitializersAndNodeArgs] Removing initializer '/encoder/encoders/encoders.16/self_attn/Constant_14_output_0'. It is not used by any node and should be removed from the model.[m
[0;93m2026-09-28 12:08:05.326520 [W:onnxruntime:, graph.cc:4285 CleanUnusedInitializersAndNodeArgs] Removing initializer '/encoder/encoders/encoders.12/self_attn/Constant_6_output_0'. It is not used by any node and should be removed from the model.[m
[0;93m2026-09-28 12:08:05.326527 [W:onnxruntime:, graph.cc:4285 CleanUnusedInitializersAndNodeArgs] Removing initializer '/encoder/encoders/encoders.42/self_attn/Constant_5_output_0'. It is not used by any node and should be removed from the model.[m
[0;93m2026-09-28 12:08:05.326535 [W:onnxruntime:, graph.cc:4285 CleanUnusedInitializersAndNodeArgs] Removing initializer '/encoder/encoders/encoders.4/self_attn/Constant_6_output_0'. It is not used by any node and should be removed from the model.[m
[0;93m2026-09-28 12:08:05.326540 [W:onnxruntime:, graph.cc:4285 CleanUnusedInitializersAndNodeArgs] Removing initializer '/encoder/encoders/encoders.7/self_attn/Constant_5_output_0'. It is not used by any node and should be removed from the model.[m
[0;93m2026-09-28 12:08:05.326544 [W:onnxruntime:, graph.cc:4285 CleanUnusedInitializersAndNodeArgs] Removing initializer '/encoder/encoders/encoders.47/self_attn/Constant_6_output_0'. It is not used by any node and should be removed from the model.[m
[0;93m2026-09-28 12:08:05.326550 [W:onnxruntime:, graph.cc:4285 CleanUnusedInitializersAndNodeArgs] Removing initializer '/encoder/encoders/encoders.46/self_attn/Constant_1_output_0'. It is not used by any node and should be removed from the model.[m
[0;93m2026-09-28 12:08:05.326554 [W:onnxruntime:, graph.cc:4285 CleanUnusedInitializersAndNodeArgs] Removing initializer '/encoder/encoders/encoders.9/self_attn/Constant_9_output_0'. It is not used by any node and should be removed from the model.[m
[0;93m2026-09-28 12:08:05.326559 [W:onnxruntime:, graph.cc:4285 CleanUnusedInitializersAndNodeArgs] Removing initializer '/encoder/encoders/encoders.6/self_attn/Constant_1_output_0'. It is not used by any node and should be removed from the model.[m
[0;93m2026-09-28 12:08:05.326565 [W:onnxruntime:, graph.cc:4285 CleanUnusedInitializersAndNodeArgs] Removing initializer '/encoder/encoders/encoders.9/self_attn/Constant_1_output_0'. It is not used by any node and should be removed from the model.[m
[0;93m2026-09-28 12:08:05.326569 [W:onnxruntime:, graph.cc:4285 CleanUnusedInitializersAndNodeArgs] Removing initializer '/encoder/encoders/encoders.5/self_attn/Constant_6_output_0'. It is not used by any node and should be removed from the model.[m
[0;93m2026-09-28 12:08:05.326573 [W:onnxruntime:, graph.cc:4285 CleanUnusedInitializersAndNodeArgs] Removing initializer '/encoder/encoders/encoders.5/self_attn/Constant_5_output_0'. It is not used by any node and should be removed from the model.[m
[0;93m2026-09-28 12:08:05.326578 [W:onnxruntime:, graph.cc:4285 CleanUnusedInitializersAndNodeArgs] Removing initializer '/encoder/encoders/encoders.17/self_attn/Constant_9_output_0'. It is not used by any node and should be removed from the model.[m
[0;93m2026-09-28 12:08:05.326583 [W:onnxruntime:, graph.cc:4285 CleanUnusedInitializersAndNodeArgs] Removing initializer '/encoder/encoders/encoders.44/self_attn/Constant_6_output_0'. It is not used by any node and should be removed from the model.[m
[0;93m2026-09-28 12:08:05.326588 [W:onnxruntime:, graph.cc:4285 CleanUnusedInitializersAndNodeArgs] Removing initializer '/encoder/encoders/encoders.3/self_attn/Constant_6_output_0'. It is not used by any node and should be removed from the model.[m
[0;93m2026-09-28 12:08:05.326594 [W:onnxruntime:, graph.cc:4285 CleanUnusedInitializersAndNodeArgs] Removing initializer '/encoder/encoders/encoders.31/self_attn/Constant_1_output_0'. It is not used by any node and should be removed from the model.[m
[0;93m2026-09-28 12:08:05.326599 [W:onnxruntime:, graph.cc:4285 CleanUnusedInitializersAndNodeArgs] Removing initializer '/encoder/encoders/encoders.2/self_attn/Constant_15_output_0'. It is not used by any node and should be removed from the model.[m
[0;93m2026-09-28 12:08:05.326605 [W:onnxruntime:, graph.cc:4285 CleanUnusedInitializersAndNodeArgs] Removing initializer '/encoder/encoders/encoders.20/self_attn/Constant_2_output_0'. It is not used by any node and should be removed from the model.[m
[0;93m2026-09-28 12:08:05.326609 [W:onnxruntime:, graph.cc:4285 CleanUnusedInitializersAndNodeArgs] Removing initializer '/encoder/encoders/encoders.6/self_attn/Constant_14_output_0'. It is not used by any node and should be removed from the model.[m
[0;93m2026-09-28 12:08:05.326614 [W:onnxruntime:, graph.cc:4285 CleanUnusedInitializersAndNodeArgs] Removing initializer '/encoder/encoders/encoders.36/self_attn/Constant_9_output_0'. It is not used by any node and should be removed from the model.[m
[0;93m2026-09-28 12:08:05.326619 [W:onnxruntime:, graph.cc:4285 CleanUnusedInitializersAndNodeArgs] Removing initializer '/encoder/encoders/encoders.1/self_attn/Constant_10_output_0'. It is not used by any node and should be removed from the model.[m
{
  "status": "prepared",
  "samples": 2,
  "compiler": "not-run",
  "output": "../.coordination/paraformer-calibration-v1"
}
