# live worktree run: docs/release/s/models.yaml was mid-edit by a parallel MiniCPM task (yaml ScannerError line 1898); all 43 errors are in manifest-reading tests (test_assets/test_manifest_coverage/test_sam_binding/...). No pointnet or visualization test in this suite.
..EEE.E.........................EEEE............................................................EEE.EEEEEE.....EE..EEE.EE.EEE..EEEEEEEEEEEEE..E.E.............E.........
======================================================================
ERROR: test_group_and_paths_cannot_escape_manifest_scope (test_assets.ManifestAssetsTests.test_group_and_paths_cannot_escape_manifest_scope) (reference='s:resnet18:../../x')
----------------------------------------------------------------------
Traceback (most recent call last):
  File "/Users/Max/Workspace/company/development/RDK_MODEL_ZOO/rdk-b7-board-integration/samples/_shared/tests/test_assets.py", line 52, in test_group_and_paths_cannot_escape_manifest_scope
    resolve_asset(reference)
    ~~~~~~~~~~~~~^^^^^^^^^^^
  File "/Users/Max/Workspace/company/development/RDK_MODEL_ZOO/rdk-b7-board-integration/samples/_shared/assets.py", line 75, in resolve_asset
    matches = [asset for asset in list_assets(group, sample) if asset.filename == filename]
                                  ~~~~~~~~~~~^^^^^^^^^^^^^^^
  File "/Users/Max/Workspace/company/development/RDK_MODEL_ZOO/rdk-b7-board-integration/samples/_shared/assets.py", line 52, in list_assets
    models = [row for row in _models(group) if row['id'] == sample_id]
                             ~~~~~~~^^^^^^^
  File "/Users/Max/Workspace/company/development/RDK_MODEL_ZOO/rdk-b7-board-integration/samples/_shared/assets.py", line 44, in _models
    content = yaml.safe_load(handle)
  File "/Users/Max/Workspace/company/development/RDK_MODEL_ZOO/rdk_model_zoo/.venv/lib/python3.14/site-packages/yaml/__init__.py", line 125, in safe_load
    return load(stream, SafeLoader)
  File "/Users/Max/Workspace/company/development/RDK_MODEL_ZOO/rdk_model_zoo/.venv/lib/python3.14/site-packages/yaml/__init__.py", line 81, in load
    return loader.get_single_data()
           ~~~~~~~~~~~~~~~~~~~~~~^^
  File "/Users/Max/Workspace/company/development/RDK_MODEL_ZOO/rdk_model_zoo/.venv/lib/python3.14/site-packages/yaml/constructor.py", line 49, in get_single_data
    node = self.get_single_node()
  File "/Users/Max/Workspace/company/development/RDK_MODEL_ZOO/rdk_model_zoo/.venv/lib/python3.14/site-packages/yaml/composer.py", line 36, in get_single_node
    document = self.compose_document()
  File "/Users/Max/Workspace/company/development/RDK_MODEL_ZOO/rdk_model_zoo/.venv/lib/python3.14/site-packages/yaml/composer.py", line 55, in compose_document
    node = self.compose_node(None, None)
  File "/Users/Max/Workspace/company/development/RDK_MODEL_ZOO/rdk_model_zoo/.venv/lib/python3.14/site-packages/yaml/composer.py", line 84, in compose_node
    node = self.compose_mapping_node(anchor)
  File "/Users/Max/Workspace/company/development/RDK_MODEL_ZOO/rdk_model_zoo/.venv/lib/python3.14/site-packages/yaml/composer.py", line 133, in compose_mapping_node
    item_value = self.compose_node(node, item_key)
  File "/Users/Max/Workspace/company/development/RDK_MODEL_ZOO/rdk_model_zoo/.venv/lib/python3.14/site-packages/yaml/composer.py", line 82, in compose_node
    node = self.compose_sequence_node(anchor)
  File "/Users/Max/Workspace/company/development/RDK_MODEL_ZOO/rdk_model_zoo/.venv/lib/python3.14/site-packages/yaml/composer.py", line 111, in compose_sequence_node
    node.value.append(self.compose_node(node, index))
                      ~~~~~~~~~~~~~~~~~^^^^^^^^^^^^^
  File "/Users/Max/Workspace/company/development/RDK_MODEL_ZOO/rdk_model_zoo/.venv/lib/python3.14/site-packages/yaml/composer.py", line 84, in compose_node
    node = self.compose_mapping_node(anchor)
  File "/Users/Max/Workspace/company/development/RDK_MODEL_ZOO/rdk_model_zoo/.venv/lib/python3.14/site-packages/yaml/composer.py", line 127, in compose_mapping_node
    while not self.check_event(MappingEndEvent):
              ~~~~~~~~~~~~~~~~^^^^^^^^^^^^^^^^^
  File "/Users/Max/Workspace/company/development/RDK_MODEL_ZOO/rdk_model_zoo/.venv/lib/python3.14/site-packages/yaml/parser.py", line 98, in check_event
    self.current_event = self.state()
                         ~~~~~~~~~~^^
  File "/Users/Max/Workspace/company/development/RDK_MODEL_ZOO/rdk_model_zoo/.venv/lib/python3.14/site-packages/yaml/parser.py", line 428, in parse_block_mapping_key
    if self.check_token(KeyToken):
       ~~~~~~~~~~~~~~~~^^^^^^^^^^
  File "/Users/Max/Workspace/company/development/RDK_MODEL_ZOO/rdk_model_zoo/.venv/lib/python3.14/site-packages/yaml/scanner.py", line 116, in check_token
    self.fetch_more_tokens()
    ~~~~~~~~~~~~~~~~~~~~~~^^
  File "/Users/Max/Workspace/company/development/RDK_MODEL_ZOO/rdk_model_zoo/.venv/lib/python3.14/site-packages/yaml/scanner.py", line 223, in fetch_more_tokens
    return self.fetch_value()
           ~~~~~~~~~~~~~~~~^^
  File "/Users/Max/Workspace/company/development/RDK_MODEL_ZOO/rdk_model_zoo/.venv/lib/python3.14/site-packages/yaml/scanner.py", line 577, in fetch_value
    raise ScannerError(None, None,
            "mapping values are not allowed here",
            self.get_mark())
yaml.scanner.ScannerError: mapping values are not allowed here
  in "/Users/Max/Workspace/company/development/RDK_MODEL_ZOO/rdk-b7-board-integration/docs/release/s/models.yaml", line 1898, column 65

======================================================================
ERROR: test_group_and_paths_cannot_escape_manifest_scope (test_assets.ManifestAssetsTests.test_group_and_paths_cannot_escape_manifest_scope) (reference='s:missing:missing')
----------------------------------------------------------------------
Traceback (most recent call last):
  File "/Users/Max/Workspace/company/development/RDK_MODEL_ZOO/rdk-b7-board-integration/samples/_shared/tests/test_assets.py", line 52, in test_group_and_paths_cannot_escape_manifest_scope
    resolve_asset(reference)
    ~~~~~~~~~~~~~^^^^^^^^^^^
  File "/Users/Max/Workspace/company/development/RDK_MODEL_ZOO/rdk-b7-board-integration/samples/_shared/assets.py", line 75, in resolve_asset
    matches = [asset for asset in list_assets(group, sample) if asset.filename == filename]
                                  ~~~~~~~~~~~^^^^^^^^^^^^^^^
  File "/Users/Max/Workspace/company/development/RDK_MODEL_ZOO/rdk-b7-board-integration/samples/_shared/assets.py", line 52, in list_assets
    models = [row for row in _models(group) if row['id'] == sample_id]
                             ~~~~~~~^^^^^^^
  File "/Users/Max/Workspace/company/development/RDK_MODEL_ZOO/rdk-b7-board-integration/samples/_shared/assets.py", line 44, in _models
    content = yaml.safe_load(handle)
  File "/Users/Max/Workspace/company/development/RDK_MODEL_ZOO/rdk_model_zoo/.venv/lib/python3.14/site-packages/yaml/__init__.py", line 125, in safe_load
    return load(stream, SafeLoader)
  File "/Users/Max/Workspace/company/development/RDK_MODEL_ZOO/rdk_model_zoo/.venv/lib/python3.14/site-packages/yaml/__init__.py", line 81, in load
    return loader.get_single_data()
           ~~~~~~~~~~~~~~~~~~~~~~^^
  File "/Users/Max/Workspace/company/development/RDK_MODEL_ZOO/rdk_model_zoo/.venv/lib/python3.14/site-packages/yaml/constructor.py", line 49, in get_single_data
    node = self.get_single_node()
  File "/Users/Max/Workspace/company/development/RDK_MODEL_ZOO/rdk_model_zoo/.venv/lib/python3.14/site-packages/yaml/composer.py", line 36, in get_single_node
    document = self.compose_document()
  File "/Users/Max/Workspace/company/development/RDK_MODEL_ZOO/rdk_model_zoo/.venv/lib/python3.14/site-packages/yaml/composer.py", line 55, in compose_document
    node = self.compose_node(None, None)
  File "/Users/Max/Workspace/company/development/RDK_MODEL_ZOO/rdk_model_zoo/.venv/lib/python3.14/site-packages/yaml/composer.py", line 84, in compose_node
    node = self.compose_mapping_node(anchor)
  File "/Users/Max/Workspace/company/development/RDK_MODEL_ZOO/rdk_model_zoo/.venv/lib/python3.14/site-packages/yaml/composer.py", line 133, in compose_mapping_node
    item_value = self.compose_node(node, item_key)
  File "/Users/Max/Workspace/company/development/RDK_MODEL_ZOO/rdk_model_zoo/.venv/lib/python3.14/site-packages/yaml/composer.py", line 82, in compose_node
    node = self.compose_sequence_node(anchor)
  File "/Users/Max/Workspace/company/development/RDK_MODEL_ZOO/rdk_model_zoo/.venv/lib/python3.14/site-packages/yaml/composer.py", line 111, in compose_sequence_node
    node.value.append(self.compose_node(node, index))
                      ~~~~~~~~~~~~~~~~~^^^^^^^^^^^^^
  File "/Users/Max/Workspace/company/development/RDK_MODEL_ZOO/rdk_model_zoo/.venv/lib/python3.14/site-packages/yaml/composer.py", line 84, in compose_node
    node = self.compose_mapping_node(anchor)
  File "/Users/Max/Workspace/company/development/RDK_MODEL_ZOO/rdk_model_zoo/.venv/lib/python3.14/site-packages/yaml/composer.py", line 127, in compose_mapping_node
    while not self.check_event(MappingEndEvent):
              ~~~~~~~~~~~~~~~~^^^^^^^^^^^^^^^^^
  File "/Users/Max/Workspace/company/development/RDK_MODEL_ZOO/rdk_model_zoo/.venv/lib/python3.14/site-packages/yaml/parser.py", line 98, in check_event
    self.current_event = self.state()
                         ~~~~~~~~~~^^
  File "/Users/Max/Workspace/company/development/RDK_MODEL_ZOO/rdk_model_zoo/.venv/lib/python3.14/site-packages/yaml/parser.py", line 428, in parse_block_mapping_key
    if self.check_token(KeyToken):
       ~~~~~~~~~~~~~~~~^^^^^^^^^^
  File "/Users/Max/Workspace/company/development/RDK_MODEL_ZOO/rdk_model_zoo/.venv/lib/python3.14/site-packages/yaml/scanner.py", line 116, in check_token
    self.fetch_more_tokens()
    ~~~~~~~~~~~~~~~~~~~~~~^^
  File "/Users/Max/Workspace/company/development/RDK_MODEL_ZOO/rdk_model_zoo/.venv/lib/python3.14/site-packages/yaml/scanner.py", line 223, in fetch_more_tokens
    return self.fetch_value()
           ~~~~~~~~~~~~~~~~^^
  File "/Users/Max/Workspace/company/development/RDK_MODEL_ZOO/rdk_model_zoo/.venv/lib/python3.14/site-packages/yaml/scanner.py", line 577, in fetch_value
    raise ScannerError(None, None,
            "mapping values are not allowed here",
            self.get_mark())
yaml.scanner.ScannerError: mapping values are not allowed here
  in "/Users/Max/Workspace/company/development/RDK_MODEL_ZOO/rdk-b7-board-integration/docs/release/s/models.yaml", line 1898, column 65

======================================================================
ERROR: test_manifest_authority_is_the_unified_release_location (test_assets.ManifestAssetsTests.test_manifest_authority_is_the_unified_release_location)
A4: manifests live at docs/release/{group}/, not under platforms/.
----------------------------------------------------------------------
Traceback (most recent call last):
  File "/Users/Max/Workspace/company/development/RDK_MODEL_ZOO/rdk-b7-board-integration/samples/_shared/tests/test_assets.py", line 45, in test_manifest_authority_is_the_unified_release_location
    item = resolve_asset('s:resnet18:s100/resnet18_224x224_nv12.hbm')
  File "/Users/Max/Workspace/company/development/RDK_MODEL_ZOO/rdk-b7-board-integration/samples/_shared/assets.py", line 75, in resolve_asset
    matches = [asset for asset in list_assets(group, sample) if asset.filename == filename]
                                  ~~~~~~~~~~~^^^^^^^^^^^^^^^
  File "/Users/Max/Workspace/company/development/RDK_MODEL_ZOO/rdk-b7-board-integration/samples/_shared/assets.py", line 52, in list_assets
    models = [row for row in _models(group) if row['id'] == sample_id]
                             ~~~~~~~^^^^^^^
  File "/Users/Max/Workspace/company/development/RDK_MODEL_ZOO/rdk-b7-board-integration/samples/_shared/assets.py", line 44, in _models
    content = yaml.safe_load(handle)
  File "/Users/Max/Workspace/company/development/RDK_MODEL_ZOO/rdk_model_zoo/.venv/lib/python3.14/site-packages/yaml/__init__.py", line 125, in safe_load
    return load(stream, SafeLoader)
  File "/Users/Max/Workspace/company/development/RDK_MODEL_ZOO/rdk_model_zoo/.venv/lib/python3.14/site-packages/yaml/__init__.py", line 81, in load
    return loader.get_single_data()
           ~~~~~~~~~~~~~~~~~~~~~~^^
  File "/Users/Max/Workspace/company/development/RDK_MODEL_ZOO/rdk_model_zoo/.venv/lib/python3.14/site-packages/yaml/constructor.py", line 49, in get_single_data
    node = self.get_single_node()
  File "/Users/Max/Workspace/company/development/RDK_MODEL_ZOO/rdk_model_zoo/.venv/lib/python3.14/site-packages/yaml/composer.py", line 36, in get_single_node
    document = self.compose_document()
  File "/Users/Max/Workspace/company/development/RDK_MODEL_ZOO/rdk_model_zoo/.venv/lib/python3.14/site-packages/yaml/composer.py", line 55, in compose_document
    node = self.compose_node(None, None)
  File "/Users/Max/Workspace/company/development/RDK_MODEL_ZOO/rdk_model_zoo/.venv/lib/python3.14/site-packages/yaml/composer.py", line 84, in compose_node
    node = self.compose_mapping_node(anchor)
  File "/Users/Max/Workspace/company/development/RDK_MODEL_ZOO/rdk_model_zoo/.venv/lib/python3.14/site-packages/yaml/composer.py", line 133, in compose_mapping_node
    item_value = self.compose_node(node, item_key)
  File "/Users/Max/Workspace/company/development/RDK_MODEL_ZOO/rdk_model_zoo/.venv/lib/python3.14/site-packages/yaml/composer.py", line 82, in compose_node
    node = self.compose_sequence_node(anchor)
  File "/Users/Max/Workspace/company/development/RDK_MODEL_ZOO/rdk_model_zoo/.venv/lib/python3.14/site-packages/yaml/composer.py", line 111, in compose_sequence_node
    node.value.append(self.compose_node(node, index))
                      ~~~~~~~~~~~~~~~~~^^^^^^^^^^^^^
  File "/Users/Max/Workspace/company/development/RDK_MODEL_ZOO/rdk_model_zoo/.venv/lib/python3.14/site-packages/yaml/composer.py", line 84, in compose_node
    node = self.compose_mapping_node(anchor)
  File "/Users/Max/Workspace/company/development/RDK_MODEL_ZOO/rdk_model_zoo/.venv/lib/python3.14/site-packages/yaml/composer.py", line 127, in compose_mapping_node
    while not self.check_event(MappingEndEvent):
              ~~~~~~~~~~~~~~~~^^^^^^^^^^^^^^^^^
  File "/Users/Max/Workspace/company/development/RDK_MODEL_ZOO/rdk_model_zoo/.venv/lib/python3.14/site-packages/yaml/parser.py", line 98, in check_event
    self.current_event = self.state()
                         ~~~~~~~~~~^^
  File "/Users/Max/Workspace/company/development/RDK_MODEL_ZOO/rdk_model_zoo/.venv/lib/python3.14/site-packages/yaml/parser.py", line 428, in parse_block_mapping_key
    if self.check_token(KeyToken):
       ~~~~~~~~~~~~~~~~^^^^^^^^^^
  File "/Users/Max/Workspace/company/development/RDK_MODEL_ZOO/rdk_model_zoo/.venv/lib/python3.14/site-packages/yaml/scanner.py", line 116, in check_token
    self.fetch_more_tokens()
    ~~~~~~~~~~~~~~~~~~~~~~^^
  File "/Users/Max/Workspace/company/development/RDK_MODEL_ZOO/rdk_model_zoo/.venv/lib/python3.14/site-packages/yaml/scanner.py", line 223, in fetch_more_tokens
    return self.fetch_value()
           ~~~~~~~~~~~~~~~~^^
  File "/Users/Max/Workspace/company/development/RDK_MODEL_ZOO/rdk_model_zoo/.venv/lib/python3.14/site-packages/yaml/scanner.py", line 577, in fetch_value
    raise ScannerError(None, None,
            "mapping values are not allowed here",
            self.get_mark())
yaml.scanner.ScannerError: mapping values are not allowed here
  in "/Users/Max/Workspace/company/development/RDK_MODEL_ZOO/rdk-b7-board-integration/docs/release/s/models.yaml", line 1898, column 65

======================================================================
ERROR: test_s_classification_does_not_invent_s100p_artifact (test_assets.ManifestAssetsTests.test_s_classification_does_not_invent_s100p_artifact)
----------------------------------------------------------------------
Traceback (most recent call last):
  File "/Users/Max/Workspace/company/development/RDK_MODEL_ZOO/rdk-b7-board-integration/samples/_shared/tests/test_assets.py", line 56, in test_s_classification_does_not_invent_s100p_artifact
    records = list_assets('s', 'resnet18')
  File "/Users/Max/Workspace/company/development/RDK_MODEL_ZOO/rdk-b7-board-integration/samples/_shared/assets.py", line 52, in list_assets
    models = [row for row in _models(group) if row['id'] == sample_id]
                             ~~~~~~~^^^^^^^
  File "/Users/Max/Workspace/company/development/RDK_MODEL_ZOO/rdk-b7-board-integration/samples/_shared/assets.py", line 44, in _models
    content = yaml.safe_load(handle)
  File "/Users/Max/Workspace/company/development/RDK_MODEL_ZOO/rdk_model_zoo/.venv/lib/python3.14/site-packages/yaml/__init__.py", line 125, in safe_load
    return load(stream, SafeLoader)
  File "/Users/Max/Workspace/company/development/RDK_MODEL_ZOO/rdk_model_zoo/.venv/lib/python3.14/site-packages/yaml/__init__.py", line 81, in load
    return loader.get_single_data()
           ~~~~~~~~~~~~~~~~~~~~~~^^
  File "/Users/Max/Workspace/company/development/RDK_MODEL_ZOO/rdk_model_zoo/.venv/lib/python3.14/site-packages/yaml/constructor.py", line 49, in get_single_data
    node = self.get_single_node()
  File "/Users/Max/Workspace/company/development/RDK_MODEL_ZOO/rdk_model_zoo/.venv/lib/python3.14/site-packages/yaml/composer.py", line 36, in get_single_node
    document = self.compose_document()
  File "/Users/Max/Workspace/company/development/RDK_MODEL_ZOO/rdk_model_zoo/.venv/lib/python3.14/site-packages/yaml/composer.py", line 55, in compose_document
    node = self.compose_node(None, None)
  File "/Users/Max/Workspace/company/development/RDK_MODEL_ZOO/rdk_model_zoo/.venv/lib/python3.14/site-packages/yaml/composer.py", line 84, in compose_node
    node = self.compose_mapping_node(anchor)
  File "/Users/Max/Workspace/company/development/RDK_MODEL_ZOO/rdk_model_zoo/.venv/lib/python3.14/site-packages/yaml/composer.py", line 133, in compose_mapping_node
    item_value = self.compose_node(node, item_key)
  File "/Users/Max/Workspace/company/development/RDK_MODEL_ZOO/rdk_model_zoo/.venv/lib/python3.14/site-packages/yaml/composer.py", line 82, in compose_node
    node = self.compose_sequence_node(anchor)
  File "/Users/Max/Workspace/company/development/RDK_MODEL_ZOO/rdk_model_zoo/.venv/lib/python3.14/site-packages/yaml/composer.py", line 111, in compose_sequence_node
    node.value.append(self.compose_node(node, index))
                      ~~~~~~~~~~~~~~~~~^^^^^^^^^^^^^
  File "/Users/Max/Workspace/company/development/RDK_MODEL_ZOO/rdk_model_zoo/.venv/lib/python3.14/site-packages/yaml/composer.py", line 84, in compose_node
    node = self.compose_mapping_node(anchor)
  File "/Users/Max/Workspace/company/development/RDK_MODEL_ZOO/rdk_model_zoo/.venv/lib/python3.14/site-packages/yaml/composer.py", line 127, in compose_mapping_node
    while not self.check_event(MappingEndEvent):
              ~~~~~~~~~~~~~~~~^^^^^^^^^^^^^^^^^
  File "/Users/Max/Workspace/company/development/RDK_MODEL_ZOO/rdk_model_zoo/.venv/lib/python3.14/site-packages/yaml/parser.py", line 98, in check_event
    self.current_event = self.state()
                         ~~~~~~~~~~^^
  File "/Users/Max/Workspace/company/development/RDK_MODEL_ZOO/rdk_model_zoo/.venv/lib/python3.14/site-packages/yaml/parser.py", line 428, in parse_block_mapping_key
    if self.check_token(KeyToken):
       ~~~~~~~~~~~~~~~~^^^^^^^^^^
  File "/Users/Max/Workspace/company/development/RDK_MODEL_ZOO/rdk_model_zoo/.venv/lib/python3.14/site-packages/yaml/scanner.py", line 116, in check_token
    self.fetch_more_tokens()
    ~~~~~~~~~~~~~~~~~~~~~~^^
  File "/Users/Max/Workspace/company/development/RDK_MODEL_ZOO/rdk_model_zoo/.venv/lib/python3.14/site-packages/yaml/scanner.py", line 223, in fetch_more_tokens
    return self.fetch_value()
           ~~~~~~~~~~~~~~~~^^
  File "/Users/Max/Workspace/company/development/RDK_MODEL_ZOO/rdk_model_zoo/.venv/lib/python3.14/site-packages/yaml/scanner.py", line 577, in fetch_value
    raise ScannerError(None, None,
            "mapping values are not allowed here",
            self.get_mark())
yaml.scanner.ScannerError: mapping values are not allowed here
  in "/Users/Max/Workspace/company/development/RDK_MODEL_ZOO/rdk-b7-board-integration/docs/release/s/models.yaml", line 1898, column 65

======================================================================
ERROR: test_download_scripts_of_unified_samples_exist_on_disk (test_manifest_coverage.ManifestCoverageTests.test_download_scripts_of_unified_samples_exist_on_disk)
----------------------------------------------------------------------
Traceback (most recent call last):
  File "/Users/Max/Workspace/company/development/RDK_MODEL_ZOO/rdk-b7-board-integration/samples/_shared/tests/test_manifest_coverage.py", line 39, in setUp
    self.rows = _manifest_rows()
                ~~~~~~~~~~~~~~^^
  File "/Users/Max/Workspace/company/development/RDK_MODEL_ZOO/rdk-b7-board-integration/samples/_shared/tests/test_manifest_coverage.py", line 33, in _manifest_rows
    rows.extend((group, model) for model in _models(group))
                                            ~~~~~~~^^^^^^^
  File "/Users/Max/Workspace/company/development/RDK_MODEL_ZOO/rdk-b7-board-integration/samples/_shared/assets.py", line 44, in _models
    content = yaml.safe_load(handle)
  File "/Users/Max/Workspace/company/development/RDK_MODEL_ZOO/rdk_model_zoo/.venv/lib/python3.14/site-packages/yaml/__init__.py", line 125, in safe_load
    return load(stream, SafeLoader)
  File "/Users/Max/Workspace/company/development/RDK_MODEL_ZOO/rdk_model_zoo/.venv/lib/python3.14/site-packages/yaml/__init__.py", line 81, in load
    return loader.get_single_data()
           ~~~~~~~~~~~~~~~~~~~~~~^^
  File "/Users/Max/Workspace/company/development/RDK_MODEL_ZOO/rdk_model_zoo/.venv/lib/python3.14/site-packages/yaml/constructor.py", line 49, in get_single_data
    node = self.get_single_node()
  File "/Users/Max/Workspace/company/development/RDK_MODEL_ZOO/rdk_model_zoo/.venv/lib/python3.14/site-packages/yaml/composer.py", line 36, in get_single_node
    document = self.compose_document()
  File "/Users/Max/Workspace/company/development/RDK_MODEL_ZOO/rdk_model_zoo/.venv/lib/python3.14/site-packages/yaml/composer.py", line 55, in compose_document
    node = self.compose_node(None, None)
  File "/Users/Max/Workspace/company/development/RDK_MODEL_ZOO/rdk_model_zoo/.venv/lib/python3.14/site-packages/yaml/composer.py", line 84, in compose_node
    node = self.compose_mapping_node(anchor)
  File "/Users/Max/Workspace/company/development/RDK_MODEL_ZOO/rdk_model_zoo/.venv/lib/python3.14/site-packages/yaml/composer.py", line 133, in compose_mapping_node
    item_value = self.compose_node(node, item_key)
  File "/Users/Max/Workspace/company/development/RDK_MODEL_ZOO/rdk_model_zoo/.venv/lib/python3.14/site-packages/yaml/composer.py", line 82, in compose_node
    node = self.compose_sequence_node(anchor)
  File "/Users/Max/Workspace/company/development/RDK_MODEL_ZOO/rdk_model_zoo/.venv/lib/python3.14/site-packages/yaml/composer.py", line 111, in compose_sequence_node
    node.value.append(self.compose_node(node, index))
                      ~~~~~~~~~~~~~~~~~^^^^^^^^^^^^^
  File "/Users/Max/Workspace/company/development/RDK_MODEL_ZOO/rdk_model_zoo/.venv/lib/python3.14/site-packages/yaml/composer.py", line 84, in compose_node
    node = self.compose_mapping_node(anchor)
  File "/Users/Max/Workspace/company/development/RDK_MODEL_ZOO/rdk_model_zoo/.venv/lib/python3.14/site-packages/yaml/composer.py", line 127, in compose_mapping_node
    while not self.check_event(MappingEndEvent):
              ~~~~~~~~~~~~~~~~^^^^^^^^^^^^^^^^^
  File "/Users/Max/Workspace/company/development/RDK_MODEL_ZOO/rdk_model_zoo/.venv/lib/python3.14/site-packages/yaml/parser.py", line 98, in check_event
    self.current_event = self.state()
                         ~~~~~~~~~~^^
  File "/Users/Max/Workspace/company/development/RDK_MODEL_ZOO/rdk_model_zoo/.venv/lib/python3.14/site-packages/yaml/parser.py", line 428, in parse_block_mapping_key
    if self.check_token(KeyToken):
       ~~~~~~~~~~~~~~~~^^^^^^^^^^
  File "/Users/Max/Workspace/company/development/RDK_MODEL_ZOO/rdk_model_zoo/.venv/lib/python3.14/site-packages/yaml/scanner.py", line 116, in check_token
    self.fetch_more_tokens()
    ~~~~~~~~~~~~~~~~~~~~~~^^
  File "/Users/Max/Workspace/company/development/RDK_MODEL_ZOO/rdk_model_zoo/.venv/lib/python3.14/site-packages/yaml/scanner.py", line 223, in fetch_more_tokens
    return self.fetch_value()
           ~~~~~~~~~~~~~~~~^^
  File "/Users/Max/Workspace/company/development/RDK_MODEL_ZOO/rdk_model_zoo/.venv/lib/python3.14/site-packages/yaml/scanner.py", line 577, in fetch_value
    raise ScannerError(None, None,
            "mapping values are not allowed here",
            self.get_mark())
yaml.scanner.ScannerError: mapping values are not allowed here
  in "/Users/Max/Workspace/company/development/RDK_MODEL_ZOO/rdk-b7-board-integration/docs/release/s/models.yaml", line 1898, column 65

======================================================================
ERROR: test_every_unified_sample_has_exact_manifest_rows (test_manifest_coverage.ManifestCoverageTests.test_every_unified_sample_has_exact_manifest_rows)
----------------------------------------------------------------------
Traceback (most recent call last):
  File "/Users/Max/Workspace/company/development/RDK_MODEL_ZOO/rdk-b7-board-integration/samples/_shared/tests/test_manifest_coverage.py", line 39, in setUp
    self.rows = _manifest_rows()
                ~~~~~~~~~~~~~~^^
  File "/Users/Max/Workspace/company/development/RDK_MODEL_ZOO/rdk-b7-board-integration/samples/_shared/tests/test_manifest_coverage.py", line 33, in _manifest_rows
    rows.extend((group, model) for model in _models(group))
                                            ~~~~~~~^^^^^^^
  File "/Users/Max/Workspace/company/development/RDK_MODEL_ZOO/rdk-b7-board-integration/samples/_shared/assets.py", line 44, in _models
    content = yaml.safe_load(handle)
  File "/Users/Max/Workspace/company/development/RDK_MODEL_ZOO/rdk_model_zoo/.venv/lib/python3.14/site-packages/yaml/__init__.py", line 125, in safe_load
    return load(stream, SafeLoader)
  File "/Users/Max/Workspace/company/development/RDK_MODEL_ZOO/rdk_model_zoo/.venv/lib/python3.14/site-packages/yaml/__init__.py", line 81, in load
    return loader.get_single_data()
           ~~~~~~~~~~~~~~~~~~~~~~^^
  File "/Users/Max/Workspace/company/development/RDK_MODEL_ZOO/rdk_model_zoo/.venv/lib/python3.14/site-packages/yaml/constructor.py", line 49, in get_single_data
    node = self.get_single_node()
  File "/Users/Max/Workspace/company/development/RDK_MODEL_ZOO/rdk_model_zoo/.venv/lib/python3.14/site-packages/yaml/composer.py", line 36, in get_single_node
    document = self.compose_document()
  File "/Users/Max/Workspace/company/development/RDK_MODEL_ZOO/rdk_model_zoo/.venv/lib/python3.14/site-packages/yaml/composer.py", line 55, in compose_document
    node = self.compose_node(None, None)
  File "/Users/Max/Workspace/company/development/RDK_MODEL_ZOO/rdk_model_zoo/.venv/lib/python3.14/site-packages/yaml/composer.py", line 84, in compose_node
    node = self.compose_mapping_node(anchor)
  File "/Users/Max/Workspace/company/development/RDK_MODEL_ZOO/rdk_model_zoo/.venv/lib/python3.14/site-packages/yaml/composer.py", line 133, in compose_mapping_node
    item_value = self.compose_node(node, item_key)
  File "/Users/Max/Workspace/company/development/RDK_MODEL_ZOO/rdk_model_zoo/.venv/lib/python3.14/site-packages/yaml/composer.py", line 82, in compose_node
    node = self.compose_sequence_node(anchor)
  File "/Users/Max/Workspace/company/development/RDK_MODEL_ZOO/rdk_model_zoo/.venv/lib/python3.14/site-packages/yaml/composer.py", line 111, in compose_sequence_node
    node.value.append(self.compose_node(node, index))
                      ~~~~~~~~~~~~~~~~~^^^^^^^^^^^^^
  File "/Users/Max/Workspace/company/development/RDK_MODEL_ZOO/rdk_model_zoo/.venv/lib/python3.14/site-packages/yaml/composer.py", line 84, in compose_node
    node = self.compose_mapping_node(anchor)
  File "/Users/Max/Workspace/company/development/RDK_MODEL_ZOO/rdk_model_zoo/.venv/lib/python3.14/site-packages/yaml/composer.py", line 127, in compose_mapping_node
    while not self.check_event(MappingEndEvent):
              ~~~~~~~~~~~~~~~~^^^^^^^^^^^^^^^^^
  File "/Users/Max/Workspace/company/development/RDK_MODEL_ZOO/rdk_model_zoo/.venv/lib/python3.14/site-packages/yaml/parser.py", line 98, in check_event
    self.current_event = self.state()
                         ~~~~~~~~~~^^
  File "/Users/Max/Workspace/company/development/RDK_MODEL_ZOO/rdk_model_zoo/.venv/lib/python3.14/site-packages/yaml/parser.py", line 428, in parse_block_mapping_key
    if self.check_token(KeyToken):
       ~~~~~~~~~~~~~~~~^^^^^^^^^^
  File "/Users/Max/Workspace/company/development/RDK_MODEL_ZOO/rdk_model_zoo/.venv/lib/python3.14/site-packages/yaml/scanner.py", line 116, in check_token
    self.fetch_more_tokens()
    ~~~~~~~~~~~~~~~~~~~~~~^^
  File "/Users/Max/Workspace/company/development/RDK_MODEL_ZOO/rdk_model_zoo/.venv/lib/python3.14/site-packages/yaml/scanner.py", line 223, in fetch_more_tokens
    return self.fetch_value()
           ~~~~~~~~~~~~~~~~^^
  File "/Users/Max/Workspace/company/development/RDK_MODEL_ZOO/rdk_model_zoo/.venv/lib/python3.14/site-packages/yaml/scanner.py", line 577, in fetch_value
    raise ScannerError(None, None,
            "mapping values are not allowed here",
            self.get_mark())
yaml.scanner.ScannerError: mapping values are not allowed here
  in "/Users/Max/Workspace/company/development/RDK_MODEL_ZOO/rdk-b7-board-integration/docs/release/s/models.yaml", line 1898, column 65

======================================================================
ERROR: test_the_marker_glob_still_finds_the_pilots_and_b1 (test_manifest_coverage.ManifestCoverageTests.test_the_marker_glob_still_finds_the_pilots_and_b1)
----------------------------------------------------------------------
Traceback (most recent call last):
  File "/Users/Max/Workspace/company/development/RDK_MODEL_ZOO/rdk-b7-board-integration/samples/_shared/tests/test_manifest_coverage.py", line 39, in setUp
    self.rows = _manifest_rows()
                ~~~~~~~~~~~~~~^^
  File "/Users/Max/Workspace/company/development/RDK_MODEL_ZOO/rdk-b7-board-integration/samples/_shared/tests/test_manifest_coverage.py", line 33, in _manifest_rows
    rows.extend((group, model) for model in _models(group))
                                            ~~~~~~~^^^^^^^
  File "/Users/Max/Workspace/company/development/RDK_MODEL_ZOO/rdk-b7-board-integration/samples/_shared/assets.py", line 44, in _models
    content = yaml.safe_load(handle)
  File "/Users/Max/Workspace/company/development/RDK_MODEL_ZOO/rdk_model_zoo/.venv/lib/python3.14/site-packages/yaml/__init__.py", line 125, in safe_load
    return load(stream, SafeLoader)
  File "/Users/Max/Workspace/company/development/RDK_MODEL_ZOO/rdk_model_zoo/.venv/lib/python3.14/site-packages/yaml/__init__.py", line 81, in load
    return loader.get_single_data()
           ~~~~~~~~~~~~~~~~~~~~~~^^
  File "/Users/Max/Workspace/company/development/RDK_MODEL_ZOO/rdk_model_zoo/.venv/lib/python3.14/site-packages/yaml/constructor.py", line 49, in get_single_data
    node = self.get_single_node()
  File "/Users/Max/Workspace/company/development/RDK_MODEL_ZOO/rdk_model_zoo/.venv/lib/python3.14/site-packages/yaml/composer.py", line 36, in get_single_node
    document = self.compose_document()
  File "/Users/Max/Workspace/company/development/RDK_MODEL_ZOO/rdk_model_zoo/.venv/lib/python3.14/site-packages/yaml/composer.py", line 55, in compose_document
    node = self.compose_node(None, None)
  File "/Users/Max/Workspace/company/development/RDK_MODEL_ZOO/rdk_model_zoo/.venv/lib/python3.14/site-packages/yaml/composer.py", line 84, in compose_node
    node = self.compose_mapping_node(anchor)
  File "/Users/Max/Workspace/company/development/RDK_MODEL_ZOO/rdk_model_zoo/.venv/lib/python3.14/site-packages/yaml/composer.py", line 133, in compose_mapping_node
    item_value = self.compose_node(node, item_key)
  File "/Users/Max/Workspace/company/development/RDK_MODEL_ZOO/rdk_model_zoo/.venv/lib/python3.14/site-packages/yaml/composer.py", line 82, in compose_node
    node = self.compose_sequence_node(anchor)
  File "/Users/Max/Workspace/company/development/RDK_MODEL_ZOO/rdk_model_zoo/.venv/lib/python3.14/site-packages/yaml/composer.py", line 111, in compose_sequence_node
    node.value.append(self.compose_node(node, index))
                      ~~~~~~~~~~~~~~~~~^^^^^^^^^^^^^
  File "/Users/Max/Workspace/company/development/RDK_MODEL_ZOO/rdk_model_zoo/.venv/lib/python3.14/site-packages/yaml/composer.py", line 84, in compose_node
    node = self.compose_mapping_node(anchor)
  File "/Users/Max/Workspace/company/development/RDK_MODEL_ZOO/rdk_model_zoo/.venv/lib/python3.14/site-packages/yaml/composer.py", line 127, in compose_mapping_node
    while not self.check_event(MappingEndEvent):
              ~~~~~~~~~~~~~~~~^^^^^^^^^^^^^^^^^
  File "/Users/Max/Workspace/company/development/RDK_MODEL_ZOO/rdk_model_zoo/.venv/lib/python3.14/site-packages/yaml/parser.py", line 98, in check_event
    self.current_event = self.state()
                         ~~~~~~~~~~^^
  File "/Users/Max/Workspace/company/development/RDK_MODEL_ZOO/rdk_model_zoo/.venv/lib/python3.14/site-packages/yaml/parser.py", line 428, in parse_block_mapping_key
    if self.check_token(KeyToken):
       ~~~~~~~~~~~~~~~~^^^^^^^^^^
  File "/Users/Max/Workspace/company/development/RDK_MODEL_ZOO/rdk_model_zoo/.venv/lib/python3.14/site-packages/yaml/scanner.py", line 116, in check_token
    self.fetch_more_tokens()
    ~~~~~~~~~~~~~~~~~~~~~~^^
  File "/Users/Max/Workspace/company/development/RDK_MODEL_ZOO/rdk_model_zoo/.venv/lib/python3.14/site-packages/yaml/scanner.py", line 223, in fetch_more_tokens
    return self.fetch_value()
           ~~~~~~~~~~~~~~~~^^
  File "/Users/Max/Workspace/company/development/RDK_MODEL_ZOO/rdk_model_zoo/.venv/lib/python3.14/site-packages/yaml/scanner.py", line 577, in fetch_value
    raise ScannerError(None, None,
            "mapping values are not allowed here",
            self.get_mark())
yaml.scanner.ScannerError: mapping values are not allowed here
  in "/Users/Max/Workspace/company/development/RDK_MODEL_ZOO/rdk-b7-board-integration/docs/release/s/models.yaml", line 1898, column 65

======================================================================
ERROR: test_unified_sample_rows_never_point_back_at_platforms (test_manifest_coverage.ManifestCoverageTests.test_unified_sample_rows_never_point_back_at_platforms)
----------------------------------------------------------------------
Traceback (most recent call last):
  File "/Users/Max/Workspace/company/development/RDK_MODEL_ZOO/rdk-b7-board-integration/samples/_shared/tests/test_manifest_coverage.py", line 39, in setUp
    self.rows = _manifest_rows()
                ~~~~~~~~~~~~~~^^
  File "/Users/Max/Workspace/company/development/RDK_MODEL_ZOO/rdk-b7-board-integration/samples/_shared/tests/test_manifest_coverage.py", line 33, in _manifest_rows
    rows.extend((group, model) for model in _models(group))
                                            ~~~~~~~^^^^^^^
  File "/Users/Max/Workspace/company/development/RDK_MODEL_ZOO/rdk-b7-board-integration/samples/_shared/assets.py", line 44, in _models
    content = yaml.safe_load(handle)
  File "/Users/Max/Workspace/company/development/RDK_MODEL_ZOO/rdk_model_zoo/.venv/lib/python3.14/site-packages/yaml/__init__.py", line 125, in safe_load
    return load(stream, SafeLoader)
  File "/Users/Max/Workspace/company/development/RDK_MODEL_ZOO/rdk_model_zoo/.venv/lib/python3.14/site-packages/yaml/__init__.py", line 81, in load
    return loader.get_single_data()
           ~~~~~~~~~~~~~~~~~~~~~~^^
  File "/Users/Max/Workspace/company/development/RDK_MODEL_ZOO/rdk_model_zoo/.venv/lib/python3.14/site-packages/yaml/constructor.py", line 49, in get_single_data
    node = self.get_single_node()
  File "/Users/Max/Workspace/company/development/RDK_MODEL_ZOO/rdk_model_zoo/.venv/lib/python3.14/site-packages/yaml/composer.py", line 36, in get_single_node
    document = self.compose_document()
  File "/Users/Max/Workspace/company/development/RDK_MODEL_ZOO/rdk_model_zoo/.venv/lib/python3.14/site-packages/yaml/composer.py", line 55, in compose_document
    node = self.compose_node(None, None)
  File "/Users/Max/Workspace/company/development/RDK_MODEL_ZOO/rdk_model_zoo/.venv/lib/python3.14/site-packages/yaml/composer.py", line 84, in compose_node
    node = self.compose_mapping_node(anchor)
  File "/Users/Max/Workspace/company/development/RDK_MODEL_ZOO/rdk_model_zoo/.venv/lib/python3.14/site-packages/yaml/composer.py", line 133, in compose_mapping_node
    item_value = self.compose_node(node, item_key)
  File "/Users/Max/Workspace/company/development/RDK_MODEL_ZOO/rdk_model_zoo/.venv/lib/python3.14/site-packages/yaml/composer.py", line 82, in compose_node
    node = self.compose_sequence_node(anchor)
  File "/Users/Max/Workspace/company/development/RDK_MODEL_ZOO/rdk_model_zoo/.venv/lib/python3.14/site-packages/yaml/composer.py", line 111, in compose_sequence_node
    node.value.append(self.compose_node(node, index))
                      ~~~~~~~~~~~~~~~~~^^^^^^^^^^^^^
  File "/Users/Max/Workspace/company/development/RDK_MODEL_ZOO/rdk_model_zoo/.venv/lib/python3.14/site-packages/yaml/composer.py", line 84, in compose_node
    node = self.compose_mapping_node(anchor)
  File "/Users/Max/Workspace/company/development/RDK_MODEL_ZOO/rdk_model_zoo/.venv/lib/python3.14/site-packages/yaml/composer.py", line 127, in compose_mapping_node
    while not self.check_event(MappingEndEvent):
              ~~~~~~~~~~~~~~~~^^^^^^^^^^^^^^^^^
  File "/Users/Max/Workspace/company/development/RDK_MODEL_ZOO/rdk_model_zoo/.venv/lib/python3.14/site-packages/yaml/parser.py", line 98, in check_event
    self.current_event = self.state()
                         ~~~~~~~~~~^^
  File "/Users/Max/Workspace/company/development/RDK_MODEL_ZOO/rdk_model_zoo/.venv/lib/python3.14/site-packages/yaml/parser.py", line 428, in parse_block_mapping_key
    if self.check_token(KeyToken):
       ~~~~~~~~~~~~~~~~^^^^^^^^^^
  File "/Users/Max/Workspace/company/development/RDK_MODEL_ZOO/rdk_model_zoo/.venv/lib/python3.14/site-packages/yaml/scanner.py", line 116, in check_token
    self.fetch_more_tokens()
    ~~~~~~~~~~~~~~~~~~~~~~^^
  File "/Users/Max/Workspace/company/development/RDK_MODEL_ZOO/rdk_model_zoo/.venv/lib/python3.14/site-packages/yaml/scanner.py", line 223, in fetch_more_tokens
    return self.fetch_value()
           ~~~~~~~~~~~~~~~~^^
  File "/Users/Max/Workspace/company/development/RDK_MODEL_ZOO/rdk_model_zoo/.venv/lib/python3.14/site-packages/yaml/scanner.py", line 577, in fetch_value
    raise ScannerError(None, None,
            "mapping values are not allowed here",
            self.get_mark())
yaml.scanner.ScannerError: mapping values are not allowed here
  in "/Users/Max/Workspace/company/development/RDK_MODEL_ZOO/rdk-b7-board-integration/docs/release/s/models.yaml", line 1898, column 65

======================================================================
ERROR: test_all_eight_pairs_and_external_paths (test_sam_binding.SAMBindingTests.test_all_eight_pairs_and_external_paths)
----------------------------------------------------------------------
Traceback (most recent call last):
  File "/Users/Max/Workspace/company/development/RDK_MODEL_ZOO/rdk-b7-board-integration/samples/_shared/tests/test_sam_binding.py", line 61, in test_all_eight_pairs_and_external_paths
    self.assertEqual(len(list_available_assets(sample)),8)
                         ~~~~~~~~~~~~~~~~~~~~~^^^^^^^^
  File "/Users/Max/Workspace/company/development/RDK_MODEL_ZOO/rdk-b7-board-integration/samples/_shared/sam_binding.py", line 99, in list_available_assets
    return tuple(asset for item in TARGETS for asset in list_available_assets(sample, item))
           ^^^^^
  File "/Users/Max/Workspace/company/development/RDK_MODEL_ZOO/rdk-b7-board-integration/samples/_shared/sam_binding.py", line 99, in <genexpr>
    return tuple(asset for item in TARGETS for asset in list_available_assets(sample, item))
                                                        ~~~~~~~~~~~~~~~~~~~~~^^^^^^^^^^^^^^
  File "/Users/Max/Workspace/company/development/RDK_MODEL_ZOO/rdk-b7-board-integration/samples/_shared/sam_binding.py", line 102, in list_available_assets
    rows = list_assets(group, sample)
  File "/Users/Max/Workspace/company/development/RDK_MODEL_ZOO/rdk-b7-board-integration/samples/_shared/assets.py", line 52, in list_assets
    models = [row for row in _models(group) if row['id'] == sample_id]
                             ~~~~~~~^^^^^^^
  File "/Users/Max/Workspace/company/development/RDK_MODEL_ZOO/rdk-b7-board-integration/samples/_shared/assets.py", line 44, in _models
    content = yaml.safe_load(handle)
  File "/Users/Max/Workspace/company/development/RDK_MODEL_ZOO/rdk_model_zoo/.venv/lib/python3.14/site-packages/yaml/__init__.py", line 125, in safe_load
    return load(stream, SafeLoader)
  File "/Users/Max/Workspace/company/development/RDK_MODEL_ZOO/rdk_model_zoo/.venv/lib/python3.14/site-packages/yaml/__init__.py", line 81, in load
    return loader.get_single_data()
           ~~~~~~~~~~~~~~~~~~~~~~^^
  File "/Users/Max/Workspace/company/development/RDK_MODEL_ZOO/rdk_model_zoo/.venv/lib/python3.14/site-packages/yaml/constructor.py", line 49, in get_single_data
    node = self.get_single_node()
  File "/Users/Max/Workspace/company/development/RDK_MODEL_ZOO/rdk_model_zoo/.venv/lib/python3.14/site-packages/yaml/composer.py", line 36, in get_single_node
    document = self.compose_document()
  File "/Users/Max/Workspace/company/development/RDK_MODEL_ZOO/rdk_model_zoo/.venv/lib/python3.14/site-packages/yaml/composer.py", line 55, in compose_document
    node = self.compose_node(None, None)
  File "/Users/Max/Workspace/company/development/RDK_MODEL_ZOO/rdk_model_zoo/.venv/lib/python3.14/site-packages/yaml/composer.py", line 84, in compose_node
    node = self.compose_mapping_node(anchor)
  File "/Users/Max/Workspace/company/development/RDK_MODEL_ZOO/rdk_model_zoo/.venv/lib/python3.14/site-packages/yaml/composer.py", line 133, in compose_mapping_node
    item_value = self.compose_node(node, item_key)
  File "/Users/Max/Workspace/company/development/RDK_MODEL_ZOO/rdk_model_zoo/.venv/lib/python3.14/site-packages/yaml/composer.py", line 82, in compose_node
    node = self.compose_sequence_node(anchor)
  File "/Users/Max/Workspace/company/development/RDK_MODEL_ZOO/rdk_model_zoo/.venv/lib/python3.14/site-packages/yaml/composer.py", line 111, in compose_sequence_node
    node.value.append(self.compose_node(node, index))
                      ~~~~~~~~~~~~~~~~~^^^^^^^^^^^^^
  File "/Users/Max/Workspace/company/development/RDK_MODEL_ZOO/rdk_model_zoo/.venv/lib/python3.14/site-packages/yaml/composer.py", line 84, in compose_node
    node = self.compose_mapping_node(anchor)
  File "/Users/Max/Workspace/company/development/RDK_MODEL_ZOO/rdk_model_zoo/.venv/lib/python3.14/site-packages/yaml/composer.py", line 127, in compose_mapping_node
    while not self.check_event(MappingEndEvent):
              ~~~~~~~~~~~~~~~~^^^^^^^^^^^^^^^^^
  File "/Users/Max/Workspace/company/development/RDK_MODEL_ZOO/rdk_model_zoo/.venv/lib/python3.14/site-packages/yaml/parser.py", line 98, in check_event
    self.current_event = self.state()
                         ~~~~~~~~~~^^
  File "/Users/Max/Workspace/company/development/RDK_MODEL_ZOO/rdk_model_zoo/.venv/lib/python3.14/site-packages/yaml/parser.py", line 428, in parse_block_mapping_key
    if self.check_token(KeyToken):
       ~~~~~~~~~~~~~~~~^^^^^^^^^^
  File "/Users/Max/Workspace/company/development/RDK_MODEL_ZOO/rdk_model_zoo/.venv/lib/python3.14/site-packages/yaml/scanner.py", line 116, in check_token
    self.fetch_more_tokens()
    ~~~~~~~~~~~~~~~~~~~~~~^^
  File "/Users/Max/Workspace/company/development/RDK_MODEL_ZOO/rdk_model_zoo/.venv/lib/python3.14/site-packages/yaml/scanner.py", line 223, in fetch_more_tokens
    return self.fetch_value()
           ~~~~~~~~~~~~~~~~^^
  File "/Users/Max/Workspace/company/development/RDK_MODEL_ZOO/rdk_model_zoo/.venv/lib/python3.14/site-packages/yaml/scanner.py", line 577, in fetch_value
    raise ScannerError(None, None,
            "mapping values are not allowed here",
            self.get_mark())
yaml.scanner.ScannerError: mapping values are not allowed here
  in "/Users/Max/Workspace/company/development/RDK_MODEL_ZOO/rdk-b7-board-integration/docs/release/s/models.yaml", line 1898, column 65

======================================================================
ERROR: test_binding_rechecks_publication_facts (test_sam_binding.SAMBindingTests.test_binding_rechecks_publication_facts)
----------------------------------------------------------------------
Traceback (most recent call last):
  File "/Users/Max/Workspace/company/development/RDK_MODEL_ZOO/rdk-b7-board-integration/samples/_shared/tests/test_sam_binding.py", line 82, in test_binding_rechecks_publication_facts
    s=resolve_selection('efficient_sam','s100')
  File "/Users/Max/Workspace/company/development/RDK_MODEL_ZOO/rdk-b7-board-integration/samples/_shared/sam_binding.py", line 122, in resolve_selection
    assets = list_available_assets(sample, target)
  File "/Users/Max/Workspace/company/development/RDK_MODEL_ZOO/rdk-b7-board-integration/samples/_shared/sam_binding.py", line 102, in list_available_assets
    rows = list_assets(group, sample)
  File "/Users/Max/Workspace/company/development/RDK_MODEL_ZOO/rdk-b7-board-integration/samples/_shared/assets.py", line 52, in list_assets
    models = [row for row in _models(group) if row['id'] == sample_id]
                             ~~~~~~~^^^^^^^
  File "/Users/Max/Workspace/company/development/RDK_MODEL_ZOO/rdk-b7-board-integration/samples/_shared/assets.py", line 44, in _models
    content = yaml.safe_load(handle)
  File "/Users/Max/Workspace/company/development/RDK_MODEL_ZOO/rdk_model_zoo/.venv/lib/python3.14/site-packages/yaml/__init__.py", line 125, in safe_load
    return load(stream, SafeLoader)
  File "/Users/Max/Workspace/company/development/RDK_MODEL_ZOO/rdk_model_zoo/.venv/lib/python3.14/site-packages/yaml/__init__.py", line 81, in load
    return loader.get_single_data()
           ~~~~~~~~~~~~~~~~~~~~~~^^
  File "/Users/Max/Workspace/company/development/RDK_MODEL_ZOO/rdk_model_zoo/.venv/lib/python3.14/site-packages/yaml/constructor.py", line 49, in get_single_data
    node = self.get_single_node()
  File "/Users/Max/Workspace/company/development/RDK_MODEL_ZOO/rdk_model_zoo/.venv/lib/python3.14/site-packages/yaml/composer.py", line 36, in get_single_node
    document = self.compose_document()
  File "/Users/Max/Workspace/company/development/RDK_MODEL_ZOO/rdk_model_zoo/.venv/lib/python3.14/site-packages/yaml/composer.py", line 55, in compose_document
    node = self.compose_node(None, None)
  File "/Users/Max/Workspace/company/development/RDK_MODEL_ZOO/rdk_model_zoo/.venv/lib/python3.14/site-packages/yaml/composer.py", line 84, in compose_node
    node = self.compose_mapping_node(anchor)
  File "/Users/Max/Workspace/company/development/RDK_MODEL_ZOO/rdk_model_zoo/.venv/lib/python3.14/site-packages/yaml/composer.py", line 133, in compose_mapping_node
    item_value = self.compose_node(node, item_key)
  File "/Users/Max/Workspace/company/development/RDK_MODEL_ZOO/rdk_model_zoo/.venv/lib/python3.14/site-packages/yaml/composer.py", line 82, in compose_node
    node = self.compose_sequence_node(anchor)
  File "/Users/Max/Workspace/company/development/RDK_MODEL_ZOO/rdk_model_zoo/.venv/lib/python3.14/site-packages/yaml/composer.py", line 111, in compose_sequence_node
    node.value.append(self.compose_node(node, index))
                      ~~~~~~~~~~~~~~~~~^^^^^^^^^^^^^
  File "/Users/Max/Workspace/company/development/RDK_MODEL_ZOO/rdk_model_zoo/.venv/lib/python3.14/site-packages/yaml/composer.py", line 84, in compose_node
    node = self.compose_mapping_node(anchor)
  File "/Users/Max/Workspace/company/development/RDK_MODEL_ZOO/rdk_model_zoo/.venv/lib/python3.14/site-packages/yaml/composer.py", line 127, in compose_mapping_node
    while not self.check_event(MappingEndEvent):
              ~~~~~~~~~~~~~~~~^^^^^^^^^^^^^^^^^
  File "/Users/Max/Workspace/company/development/RDK_MODEL_ZOO/rdk_model_zoo/.venv/lib/python3.14/site-packages/yaml/parser.py", line 98, in check_event
    self.current_event = self.state()
                         ~~~~~~~~~~^^
  File "/Users/Max/Workspace/company/development/RDK_MODEL_ZOO/rdk_model_zoo/.venv/lib/python3.14/site-packages/yaml/parser.py", line 428, in parse_block_mapping_key
    if self.check_token(KeyToken):
       ~~~~~~~~~~~~~~~~^^^^^^^^^^
  File "/Users/Max/Workspace/company/development/RDK_MODEL_ZOO/rdk_model_zoo/.venv/lib/python3.14/site-packages/yaml/scanner.py", line 116, in check_token
    self.fetch_more_tokens()
    ~~~~~~~~~~~~~~~~~~~~~~^^
  File "/Users/Max/Workspace/company/development/RDK_MODEL_ZOO/rdk_model_zoo/.venv/lib/python3.14/site-packages/yaml/scanner.py", line 223, in fetch_more_tokens
    return self.fetch_value()
           ~~~~~~~~~~~~~~~~^^
  File "/Users/Max/Workspace/company/development/RDK_MODEL_ZOO/rdk_model_zoo/.venv/lib/python3.14/site-packages/yaml/scanner.py", line 577, in fetch_value
    raise ScannerError(None, None,
            "mapping values are not allowed here",
            self.get_mark())
yaml.scanner.ScannerError: mapping values are not allowed here
  in "/Users/Max/Workspace/company/development/RDK_MODEL_ZOO/rdk-b7-board-integration/docs/release/s/models.yaml", line 1898, column 65

======================================================================
ERROR: test_both_models_bind_before_execution_and_failure_is_named (test_sam_binding.SAMBindingTests.test_both_models_bind_before_execution_and_failure_is_named)
----------------------------------------------------------------------
Traceback (most recent call last):
  File "/Users/Max/Workspace/company/development/RDK_MODEL_ZOO/rdk-b7-board-integration/samples/_shared/tests/test_sam_binding.py", line 160, in test_both_models_bind_before_execution_and_failure_is_named
    r,e,d=self.make_runner(bad_decoder=True)
          ~~~~~~~~~~~~~~~~^^^^^^^^^^^^^^^^^^
  File "/Users/Max/Workspace/company/development/RDK_MODEL_ZOO/rdk-b7-board-integration/samples/_shared/tests/test_sam_binding.py", line 152, in make_runner
    s=resolve_selection(sample,target)
  File "/Users/Max/Workspace/company/development/RDK_MODEL_ZOO/rdk-b7-board-integration/samples/_shared/sam_binding.py", line 122, in resolve_selection
    assets = list_available_assets(sample, target)
  File "/Users/Max/Workspace/company/development/RDK_MODEL_ZOO/rdk-b7-board-integration/samples/_shared/sam_binding.py", line 102, in list_available_assets
    rows = list_assets(group, sample)
  File "/Users/Max/Workspace/company/development/RDK_MODEL_ZOO/rdk-b7-board-integration/samples/_shared/assets.py", line 52, in list_assets
    models = [row for row in _models(group) if row['id'] == sample_id]
                             ~~~~~~~^^^^^^^
  File "/Users/Max/Workspace/company/development/RDK_MODEL_ZOO/rdk-b7-board-integration/samples/_shared/assets.py", line 44, in _models
    content = yaml.safe_load(handle)
  File "/Users/Max/Workspace/company/development/RDK_MODEL_ZOO/rdk_model_zoo/.venv/lib/python3.14/site-packages/yaml/__init__.py", line 125, in safe_load
    return load(stream, SafeLoader)
  File "/Users/Max/Workspace/company/development/RDK_MODEL_ZOO/rdk_model_zoo/.venv/lib/python3.14/site-packages/yaml/__init__.py", line 81, in load
    return loader.get_single_data()
           ~~~~~~~~~~~~~~~~~~~~~~^^
  File "/Users/Max/Workspace/company/development/RDK_MODEL_ZOO/rdk_model_zoo/.venv/lib/python3.14/site-packages/yaml/constructor.py", line 49, in get_single_data
    node = self.get_single_node()
  File "/Users/Max/Workspace/company/development/RDK_MODEL_ZOO/rdk_model_zoo/.venv/lib/python3.14/site-packages/yaml/composer.py", line 36, in get_single_node
    document = self.compose_document()
  File "/Users/Max/Workspace/company/development/RDK_MODEL_ZOO/rdk_model_zoo/.venv/lib/python3.14/site-packages/yaml/composer.py", line 55, in compose_document
    node = self.compose_node(None, None)
  File "/Users/Max/Workspace/company/development/RDK_MODEL_ZOO/rdk_model_zoo/.venv/lib/python3.14/site-packages/yaml/composer.py", line 84, in compose_node
    node = self.compose_mapping_node(anchor)
  File "/Users/Max/Workspace/company/development/RDK_MODEL_ZOO/rdk_model_zoo/.venv/lib/python3.14/site-packages/yaml/composer.py", line 133, in compose_mapping_node
    item_value = self.compose_node(node, item_key)
  File "/Users/Max/Workspace/company/development/RDK_MODEL_ZOO/rdk_model_zoo/.venv/lib/python3.14/site-packages/yaml/composer.py", line 82, in compose_node
    node = self.compose_sequence_node(anchor)
  File "/Users/Max/Workspace/company/development/RDK_MODEL_ZOO/rdk_model_zoo/.venv/lib/python3.14/site-packages/yaml/composer.py", line 111, in compose_sequence_node
    node.value.append(self.compose_node(node, index))
                      ~~~~~~~~~~~~~~~~~^^^^^^^^^^^^^
  File "/Users/Max/Workspace/company/development/RDK_MODEL_ZOO/rdk_model_zoo/.venv/lib/python3.14/site-packages/yaml/composer.py", line 84, in compose_node
    node = self.compose_mapping_node(anchor)
  File "/Users/Max/Workspace/company/development/RDK_MODEL_ZOO/rdk_model_zoo/.venv/lib/python3.14/site-packages/yaml/composer.py", line 127, in compose_mapping_node
    while not self.check_event(MappingEndEvent):
              ~~~~~~~~~~~~~~~~^^^^^^^^^^^^^^^^^
  File "/Users/Max/Workspace/company/development/RDK_MODEL_ZOO/rdk_model_zoo/.venv/lib/python3.14/site-packages/yaml/parser.py", line 98, in check_event
    self.current_event = self.state()
                         ~~~~~~~~~~^^
  File "/Users/Max/Workspace/company/development/RDK_MODEL_ZOO/rdk_model_zoo/.venv/lib/python3.14/site-packages/yaml/parser.py", line 428, in parse_block_mapping_key
    if self.check_token(KeyToken):
       ~~~~~~~~~~~~~~~~^^^^^^^^^^
  File "/Users/Max/Workspace/company/development/RDK_MODEL_ZOO/rdk_model_zoo/.venv/lib/python3.14/site-packages/yaml/scanner.py", line 116, in check_token
    self.fetch_more_tokens()
    ~~~~~~~~~~~~~~~~~~~~~~^^
  File "/Users/Max/Workspace/company/development/RDK_MODEL_ZOO/rdk_model_zoo/.venv/lib/python3.14/site-packages/yaml/scanner.py", line 223, in fetch_more_tokens
    return self.fetch_value()
           ~~~~~~~~~~~~~~~~^^
  File "/Users/Max/Workspace/company/development/RDK_MODEL_ZOO/rdk_model_zoo/.venv/lib/python3.14/site-packages/yaml/scanner.py", line 577, in fetch_value
    raise ScannerError(None, None,
            "mapping values are not allowed here",
            self.get_mark())
yaml.scanner.ScannerError: mapping values are not allowed here
  in "/Users/Max/Workspace/company/development/RDK_MODEL_ZOO/rdk-b7-board-integration/docs/release/s/models.yaml", line 1898, column 65

======================================================================
ERROR: test_container_adaptation_and_raw_outputs_unchanged (test_sam_binding.SAMBindingTests.test_container_adaptation_and_raw_outputs_unchanged)
----------------------------------------------------------------------
Traceback (most recent call last):
  File "/Users/Max/Workspace/company/development/RDK_MODEL_ZOO/rdk-b7-board-integration/samples/_shared/tests/test_sam_binding.py", line 167, in test_container_adaptation_and_raw_outputs_unchanged
    r,e,d=self.make_runner(target)
          ~~~~~~~~~~~~~~~~^^^^^^^^
  File "/Users/Max/Workspace/company/development/RDK_MODEL_ZOO/rdk-b7-board-integration/samples/_shared/tests/test_sam_binding.py", line 152, in make_runner
    s=resolve_selection(sample,target)
  File "/Users/Max/Workspace/company/development/RDK_MODEL_ZOO/rdk-b7-board-integration/samples/_shared/sam_binding.py", line 122, in resolve_selection
    assets = list_available_assets(sample, target)
  File "/Users/Max/Workspace/company/development/RDK_MODEL_ZOO/rdk-b7-board-integration/samples/_shared/sam_binding.py", line 102, in list_available_assets
    rows = list_assets(group, sample)
  File "/Users/Max/Workspace/company/development/RDK_MODEL_ZOO/rdk-b7-board-integration/samples/_shared/assets.py", line 52, in list_assets
    models = [row for row in _models(group) if row['id'] == sample_id]
                             ~~~~~~~^^^^^^^
  File "/Users/Max/Workspace/company/development/RDK_MODEL_ZOO/rdk-b7-board-integration/samples/_shared/assets.py", line 44, in _models
    content = yaml.safe_load(handle)
  File "/Users/Max/Workspace/company/development/RDK_MODEL_ZOO/rdk_model_zoo/.venv/lib/python3.14/site-packages/yaml/__init__.py", line 125, in safe_load
    return load(stream, SafeLoader)
  File "/Users/Max/Workspace/company/development/RDK_MODEL_ZOO/rdk_model_zoo/.venv/lib/python3.14/site-packages/yaml/__init__.py", line 81, in load
    return loader.get_single_data()
           ~~~~~~~~~~~~~~~~~~~~~~^^
  File "/Users/Max/Workspace/company/development/RDK_MODEL_ZOO/rdk_model_zoo/.venv/lib/python3.14/site-packages/yaml/constructor.py", line 49, in get_single_data
    node = self.get_single_node()
  File "/Users/Max/Workspace/company/development/RDK_MODEL_ZOO/rdk_model_zoo/.venv/lib/python3.14/site-packages/yaml/composer.py", line 36, in get_single_node
    document = self.compose_document()
  File "/Users/Max/Workspace/company/development/RDK_MODEL_ZOO/rdk_model_zoo/.venv/lib/python3.14/site-packages/yaml/composer.py", line 55, in compose_document
    node = self.compose_node(None, None)
  File "/Users/Max/Workspace/company/development/RDK_MODEL_ZOO/rdk_model_zoo/.venv/lib/python3.14/site-packages/yaml/composer.py", line 84, in compose_node
    node = self.compose_mapping_node(anchor)
  File "/Users/Max/Workspace/company/development/RDK_MODEL_ZOO/rdk_model_zoo/.venv/lib/python3.14/site-packages/yaml/composer.py", line 133, in compose_mapping_node
    item_value = self.compose_node(node, item_key)
  File "/Users/Max/Workspace/company/development/RDK_MODEL_ZOO/rdk_model_zoo/.venv/lib/python3.14/site-packages/yaml/composer.py", line 82, in compose_node
    node = self.compose_sequence_node(anchor)
  File "/Users/Max/Workspace/company/development/RDK_MODEL_ZOO/rdk_model_zoo/.venv/lib/python3.14/site-packages/yaml/composer.py", line 111, in compose_sequence_node
    node.value.append(self.compose_node(node, index))
                      ~~~~~~~~~~~~~~~~~^^^^^^^^^^^^^
  File "/Users/Max/Workspace/company/development/RDK_MODEL_ZOO/rdk_model_zoo/.venv/lib/python3.14/site-packages/yaml/composer.py", line 84, in compose_node
    node = self.compose_mapping_node(anchor)
  File "/Users/Max/Workspace/company/development/RDK_MODEL_ZOO/rdk_model_zoo/.venv/lib/python3.14/site-packages/yaml/composer.py", line 127, in compose_mapping_node
    while not self.check_event(MappingEndEvent):
              ~~~~~~~~~~~~~~~~^^^^^^^^^^^^^^^^^
  File "/Users/Max/Workspace/company/development/RDK_MODEL_ZOO/rdk_model_zoo/.venv/lib/python3.14/site-packages/yaml/parser.py", line 98, in check_event
    self.current_event = self.state()
                         ~~~~~~~~~~^^
  File "/Users/Max/Workspace/company/development/RDK_MODEL_ZOO/rdk_model_zoo/.venv/lib/python3.14/site-packages/yaml/parser.py", line 428, in parse_block_mapping_key
    if self.check_token(KeyToken):
       ~~~~~~~~~~~~~~~~^^^^^^^^^^
  File "/Users/Max/Workspace/company/development/RDK_MODEL_ZOO/rdk_model_zoo/.venv/lib/python3.14/site-packages/yaml/scanner.py", line 116, in check_token
    self.fetch_more_tokens()
    ~~~~~~~~~~~~~~~~~~~~~~^^
  File "/Users/Max/Workspace/company/development/RDK_MODEL_ZOO/rdk_model_zoo/.venv/lib/python3.14/site-packages/yaml/scanner.py", line 223, in fetch_more_tokens
    return self.fetch_value()
           ~~~~~~~~~~~~~~~~^^
  File "/Users/Max/Workspace/company/development/RDK_MODEL_ZOO/rdk_model_zoo/.venv/lib/python3.14/site-packages/yaml/scanner.py", line 577, in fetch_value
    raise ScannerError(None, None,
            "mapping values are not allowed here",
            self.get_mark())
yaml.scanner.ScannerError: mapping values are not allowed here
  in "/Users/Max/Workspace/company/development/RDK_MODEL_ZOO/rdk-b7-board-integration/docs/release/s/models.yaml", line 1898, column 65

======================================================================
ERROR: test_lazy_identity_gate_precedes_factory (test_sam_binding.SAMBindingTests.test_lazy_identity_gate_precedes_factory)
----------------------------------------------------------------------
Traceback (most recent call last):
  File "/Users/Max/Workspace/company/development/RDK_MODEL_ZOO/rdk-b7-board-integration/samples/_shared/tests/test_sam_binding.py", line 144, in test_lazy_identity_gate_precedes_factory
    s=resolve_selection('efficient_sam','s100')
  File "/Users/Max/Workspace/company/development/RDK_MODEL_ZOO/rdk-b7-board-integration/samples/_shared/sam_binding.py", line 122, in resolve_selection
    assets = list_available_assets(sample, target)
  File "/Users/Max/Workspace/company/development/RDK_MODEL_ZOO/rdk-b7-board-integration/samples/_shared/sam_binding.py", line 102, in list_available_assets
    rows = list_assets(group, sample)
  File "/Users/Max/Workspace/company/development/RDK_MODEL_ZOO/rdk-b7-board-integration/samples/_shared/assets.py", line 52, in list_assets
    models = [row for row in _models(group) if row['id'] == sample_id]
                             ~~~~~~~^^^^^^^
  File "/Users/Max/Workspace/company/development/RDK_MODEL_ZOO/rdk-b7-board-integration/samples/_shared/assets.py", line 44, in _models
    content = yaml.safe_load(handle)
  File "/Users/Max/Workspace/company/development/RDK_MODEL_ZOO/rdk_model_zoo/.venv/lib/python3.14/site-packages/yaml/__init__.py", line 125, in safe_load
    return load(stream, SafeLoader)
  File "/Users/Max/Workspace/company/development/RDK_MODEL_ZOO/rdk_model_zoo/.venv/lib/python3.14/site-packages/yaml/__init__.py", line 81, in load
    return loader.get_single_data()
           ~~~~~~~~~~~~~~~~~~~~~~^^
  File "/Users/Max/Workspace/company/development/RDK_MODEL_ZOO/rdk_model_zoo/.venv/lib/python3.14/site-packages/yaml/constructor.py", line 49, in get_single_data
    node = self.get_single_node()
  File "/Users/Max/Workspace/company/development/RDK_MODEL_ZOO/rdk_model_zoo/.venv/lib/python3.14/site-packages/yaml/composer.py", line 36, in get_single_node
    document = self.compose_document()
  File "/Users/Max/Workspace/company/development/RDK_MODEL_ZOO/rdk_model_zoo/.venv/lib/python3.14/site-packages/yaml/composer.py", line 55, in compose_document
    node = self.compose_node(None, None)
  File "/Users/Max/Workspace/company/development/RDK_MODEL_ZOO/rdk_model_zoo/.venv/lib/python3.14/site-packages/yaml/composer.py", line 84, in compose_node
    node = self.compose_mapping_node(anchor)
  File "/Users/Max/Workspace/company/development/RDK_MODEL_ZOO/rdk_model_zoo/.venv/lib/python3.14/site-packages/yaml/composer.py", line 133, in compose_mapping_node
    item_value = self.compose_node(node, item_key)
  File "/Users/Max/Workspace/company/development/RDK_MODEL_ZOO/rdk_model_zoo/.venv/lib/python3.14/site-packages/yaml/composer.py", line 82, in compose_node
    node = self.compose_sequence_node(anchor)
  File "/Users/Max/Workspace/company/development/RDK_MODEL_ZOO/rdk_model_zoo/.venv/lib/python3.14/site-packages/yaml/composer.py", line 111, in compose_sequence_node
    node.value.append(self.compose_node(node, index))
                      ~~~~~~~~~~~~~~~~~^^^^^^^^^^^^^
  File "/Users/Max/Workspace/company/development/RDK_MODEL_ZOO/rdk_model_zoo/.venv/lib/python3.14/site-packages/yaml/composer.py", line 84, in compose_node
    node = self.compose_mapping_node(anchor)
  File "/Users/Max/Workspace/company/development/RDK_MODEL_ZOO/rdk_model_zoo/.venv/lib/python3.14/site-packages/yaml/composer.py", line 127, in compose_mapping_node
    while not self.check_event(MappingEndEvent):
              ~~~~~~~~~~~~~~~~^^^^^^^^^^^^^^^^^
  File "/Users/Max/Workspace/company/development/RDK_MODEL_ZOO/rdk_model_zoo/.venv/lib/python3.14/site-packages/yaml/parser.py", line 98, in check_event
    self.current_event = self.state()
                         ~~~~~~~~~~^^
  File "/Users/Max/Workspace/company/development/RDK_MODEL_ZOO/rdk_model_zoo/.venv/lib/python3.14/site-packages/yaml/parser.py", line 428, in parse_block_mapping_key
    if self.check_token(KeyToken):
       ~~~~~~~~~~~~~~~~^^^^^^^^^^
  File "/Users/Max/Workspace/company/development/RDK_MODEL_ZOO/rdk_model_zoo/.venv/lib/python3.14/site-packages/yaml/scanner.py", line 116, in check_token
    self.fetch_more_tokens()
    ~~~~~~~~~~~~~~~~~~~~~~^^
  File "/Users/Max/Workspace/company/development/RDK_MODEL_ZOO/rdk_model_zoo/.venv/lib/python3.14/site-packages/yaml/scanner.py", line 223, in fetch_more_tokens
    return self.fetch_value()
           ~~~~~~~~~~~~~~~~^^
  File "/Users/Max/Workspace/company/development/RDK_MODEL_ZOO/rdk_model_zoo/.venv/lib/python3.14/site-packages/yaml/scanner.py", line 577, in fetch_value
    raise ScannerError(None, None,
            "mapping values are not allowed here",
            self.get_mark())
yaml.scanner.ScannerError: mapping values are not allowed here
  in "/Users/Max/Workspace/company/development/RDK_MODEL_ZOO/rdk-b7-board-integration/docs/release/s/models.yaml", line 1898, column 65

======================================================================
ERROR: test_native_dtype_protocols_and_target_box_shapes (test_sam_binding.SAMBindingTests.test_native_dtype_protocols_and_target_box_shapes)
----------------------------------------------------------------------
Traceback (most recent call last):
  File "/Users/Max/Workspace/company/development/RDK_MODEL_ZOO/rdk-b7-board-integration/samples/_shared/tests/test_sam_binding.py", line 102, in test_native_dtype_protocols_and_target_box_shapes
    s=resolve_selection(sample,target)
  File "/Users/Max/Workspace/company/development/RDK_MODEL_ZOO/rdk-b7-board-integration/samples/_shared/sam_binding.py", line 122, in resolve_selection
    assets = list_available_assets(sample, target)
  File "/Users/Max/Workspace/company/development/RDK_MODEL_ZOO/rdk-b7-board-integration/samples/_shared/sam_binding.py", line 102, in list_available_assets
    rows = list_assets(group, sample)
  File "/Users/Max/Workspace/company/development/RDK_MODEL_ZOO/rdk-b7-board-integration/samples/_shared/assets.py", line 52, in list_assets
    models = [row for row in _models(group) if row['id'] == sample_id]
                             ~~~~~~~^^^^^^^
  File "/Users/Max/Workspace/company/development/RDK_MODEL_ZOO/rdk-b7-board-integration/samples/_shared/assets.py", line 44, in _models
    content = yaml.safe_load(handle)
  File "/Users/Max/Workspace/company/development/RDK_MODEL_ZOO/rdk_model_zoo/.venv/lib/python3.14/site-packages/yaml/__init__.py", line 125, in safe_load
    return load(stream, SafeLoader)
  File "/Users/Max/Workspace/company/development/RDK_MODEL_ZOO/rdk_model_zoo/.venv/lib/python3.14/site-packages/yaml/__init__.py", line 81, in load
    return loader.get_single_data()
           ~~~~~~~~~~~~~~~~~~~~~~^^
  File "/Users/Max/Workspace/company/development/RDK_MODEL_ZOO/rdk_model_zoo/.venv/lib/python3.14/site-packages/yaml/constructor.py", line 49, in get_single_data
    node = self.get_single_node()
  File "/Users/Max/Workspace/company/development/RDK_MODEL_ZOO/rdk_model_zoo/.venv/lib/python3.14/site-packages/yaml/composer.py", line 36, in get_single_node
    document = self.compose_document()
  File "/Users/Max/Workspace/company/development/RDK_MODEL_ZOO/rdk_model_zoo/.venv/lib/python3.14/site-packages/yaml/composer.py", line 55, in compose_document
    node = self.compose_node(None, None)
  File "/Users/Max/Workspace/company/development/RDK_MODEL_ZOO/rdk_model_zoo/.venv/lib/python3.14/site-packages/yaml/composer.py", line 84, in compose_node
    node = self.compose_mapping_node(anchor)
  File "/Users/Max/Workspace/company/development/RDK_MODEL_ZOO/rdk_model_zoo/.venv/lib/python3.14/site-packages/yaml/composer.py", line 133, in compose_mapping_node
    item_value = self.compose_node(node, item_key)
  File "/Users/Max/Workspace/company/development/RDK_MODEL_ZOO/rdk_model_zoo/.venv/lib/python3.14/site-packages/yaml/composer.py", line 82, in compose_node
    node = self.compose_sequence_node(anchor)
  File "/Users/Max/Workspace/company/development/RDK_MODEL_ZOO/rdk_model_zoo/.venv/lib/python3.14/site-packages/yaml/composer.py", line 111, in compose_sequence_node
    node.value.append(self.compose_node(node, index))
                      ~~~~~~~~~~~~~~~~~^^^^^^^^^^^^^
  File "/Users/Max/Workspace/company/development/RDK_MODEL_ZOO/rdk_model_zoo/.venv/lib/python3.14/site-packages/yaml/composer.py", line 84, in compose_node
    node = self.compose_mapping_node(anchor)
  File "/Users/Max/Workspace/company/development/RDK_MODEL_ZOO/rdk_model_zoo/.venv/lib/python3.14/site-packages/yaml/composer.py", line 127, in compose_mapping_node
    while not self.check_event(MappingEndEvent):
              ~~~~~~~~~~~~~~~~^^^^^^^^^^^^^^^^^
  File "/Users/Max/Workspace/company/development/RDK_MODEL_ZOO/rdk_model_zoo/.venv/lib/python3.14/site-packages/yaml/parser.py", line 98, in check_event
    self.current_event = self.state()
                         ~~~~~~~~~~^^
  File "/Users/Max/Workspace/company/development/RDK_MODEL_ZOO/rdk_model_zoo/.venv/lib/python3.14/site-packages/yaml/parser.py", line 428, in parse_block_mapping_key
    if self.check_token(KeyToken):
       ~~~~~~~~~~~~~~~~^^^^^^^^^^
  File "/Users/Max/Workspace/company/development/RDK_MODEL_ZOO/rdk_model_zoo/.venv/lib/python3.14/site-packages/yaml/scanner.py", line 116, in check_token
    self.fetch_more_tokens()
    ~~~~~~~~~~~~~~~~~~~~~~^^
  File "/Users/Max/Workspace/company/development/RDK_MODEL_ZOO/rdk_model_zoo/.venv/lib/python3.14/site-packages/yaml/scanner.py", line 223, in fetch_more_tokens
    return self.fetch_value()
           ~~~~~~~~~~~~~~~~^^
  File "/Users/Max/Workspace/company/development/RDK_MODEL_ZOO/rdk_model_zoo/.venv/lib/python3.14/site-packages/yaml/scanner.py", line 577, in fetch_value
    raise ScannerError(None, None,
            "mapping values are not allowed here",
            self.get_mark())
yaml.scanner.ScannerError: mapping values are not allowed here
  in "/Users/Max/Workspace/company/development/RDK_MODEL_ZOO/rdk-b7-board-integration/docs/release/s/models.yaml", line 1898, column 65

======================================================================
ERROR: test_runtime_output_must_match_bound_metadata_not_reshape (test_sam_binding.SAMBindingTests.test_runtime_output_must_match_bound_metadata_not_reshape)
----------------------------------------------------------------------
Traceback (most recent call last):
  File "/Users/Max/Workspace/company/development/RDK_MODEL_ZOO/rdk-b7-board-integration/samples/_shared/tests/test_sam_binding.py", line 204, in test_runtime_output_must_match_bound_metadata_not_reshape
    r,e,d=self.make_runner(); r.load()
          ~~~~~~~~~~~~~~~~^^
  File "/Users/Max/Workspace/company/development/RDK_MODEL_ZOO/rdk-b7-board-integration/samples/_shared/tests/test_sam_binding.py", line 152, in make_runner
    s=resolve_selection(sample,target)
  File "/Users/Max/Workspace/company/development/RDK_MODEL_ZOO/rdk-b7-board-integration/samples/_shared/sam_binding.py", line 122, in resolve_selection
    assets = list_available_assets(sample, target)
  File "/Users/Max/Workspace/company/development/RDK_MODEL_ZOO/rdk-b7-board-integration/samples/_shared/sam_binding.py", line 102, in list_available_assets
    rows = list_assets(group, sample)
  File "/Users/Max/Workspace/company/development/RDK_MODEL_ZOO/rdk-b7-board-integration/samples/_shared/assets.py", line 52, in list_assets
    models = [row for row in _models(group) if row['id'] == sample_id]
                             ~~~~~~~^^^^^^^
  File "/Users/Max/Workspace/company/development/RDK_MODEL_ZOO/rdk-b7-board-integration/samples/_shared/assets.py", line 44, in _models
    content = yaml.safe_load(handle)
  File "/Users/Max/Workspace/company/development/RDK_MODEL_ZOO/rdk_model_zoo/.venv/lib/python3.14/site-packages/yaml/__init__.py", line 125, in safe_load
    return load(stream, SafeLoader)
  File "/Users/Max/Workspace/company/development/RDK_MODEL_ZOO/rdk_model_zoo/.venv/lib/python3.14/site-packages/yaml/__init__.py", line 81, in load
    return loader.get_single_data()
           ~~~~~~~~~~~~~~~~~~~~~~^^
  File "/Users/Max/Workspace/company/development/RDK_MODEL_ZOO/rdk_model_zoo/.venv/lib/python3.14/site-packages/yaml/constructor.py", line 49, in get_single_data
    node = self.get_single_node()
  File "/Users/Max/Workspace/company/development/RDK_MODEL_ZOO/rdk_model_zoo/.venv/lib/python3.14/site-packages/yaml/composer.py", line 36, in get_single_node
    document = self.compose_document()
  File "/Users/Max/Workspace/company/development/RDK_MODEL_ZOO/rdk_model_zoo/.venv/lib/python3.14/site-packages/yaml/composer.py", line 55, in compose_document
    node = self.compose_node(None, None)
  File "/Users/Max/Workspace/company/development/RDK_MODEL_ZOO/rdk_model_zoo/.venv/lib/python3.14/site-packages/yaml/composer.py", line 84, in compose_node
    node = self.compose_mapping_node(anchor)
  File "/Users/Max/Workspace/company/development/RDK_MODEL_ZOO/rdk_model_zoo/.venv/lib/python3.14/site-packages/yaml/composer.py", line 133, in compose_mapping_node
    item_value = self.compose_node(node, item_key)
  File "/Users/Max/Workspace/company/development/RDK_MODEL_ZOO/rdk_model_zoo/.venv/lib/python3.14/site-packages/yaml/composer.py", line 82, in compose_node
    node = self.compose_sequence_node(anchor)
  File "/Users/Max/Workspace/company/development/RDK_MODEL_ZOO/rdk_model_zoo/.venv/lib/python3.14/site-packages/yaml/composer.py", line 111, in compose_sequence_node
    node.value.append(self.compose_node(node, index))
                      ~~~~~~~~~~~~~~~~~^^^^^^^^^^^^^
  File "/Users/Max/Workspace/company/development/RDK_MODEL_ZOO/rdk_model_zoo/.venv/lib/python3.14/site-packages/yaml/composer.py", line 84, in compose_node
    node = self.compose_mapping_node(anchor)
  File "/Users/Max/Workspace/company/development/RDK_MODEL_ZOO/rdk_model_zoo/.venv/lib/python3.14/site-packages/yaml/composer.py", line 127, in compose_mapping_node
    while not self.check_event(MappingEndEvent):
              ~~~~~~~~~~~~~~~~^^^^^^^^^^^^^^^^^
  File "/Users/Max/Workspace/company/development/RDK_MODEL_ZOO/rdk_model_zoo/.venv/lib/python3.14/site-packages/yaml/parser.py", line 98, in check_event
    self.current_event = self.state()
                         ~~~~~~~~~~^^
  File "/Users/Max/Workspace/company/development/RDK_MODEL_ZOO/rdk_model_zoo/.venv/lib/python3.14/site-packages/yaml/parser.py", line 428, in parse_block_mapping_key
    if self.check_token(KeyToken):
       ~~~~~~~~~~~~~~~~^^^^^^^^^^
  File "/Users/Max/Workspace/company/development/RDK_MODEL_ZOO/rdk_model_zoo/.venv/lib/python3.14/site-packages/yaml/scanner.py", line 116, in check_token
    self.fetch_more_tokens()
    ~~~~~~~~~~~~~~~~~~~~~~^^
  File "/Users/Max/Workspace/company/development/RDK_MODEL_ZOO/rdk_model_zoo/.venv/lib/python3.14/site-packages/yaml/scanner.py", line 223, in fetch_more_tokens
    return self.fetch_value()
           ~~~~~~~~~~~~~~~~^^
  File "/Users/Max/Workspace/company/development/RDK_MODEL_ZOO/rdk_model_zoo/.venv/lib/python3.14/site-packages/yaml/scanner.py", line 577, in fetch_value
    raise ScannerError(None, None,
            "mapping values are not allowed here",
            self.get_mark())
yaml.scanner.ScannerError: mapping values are not allowed here
  in "/Users/Max/Workspace/company/development/RDK_MODEL_ZOO/rdk-b7-board-integration/docs/release/s/models.yaml", line 1898, column 65

======================================================================
ERROR: test_scalar_priority_never_reaches_the_native_protocol (test_sam_binding.SAMBindingTests.test_scalar_priority_never_reaches_the_native_protocol)
X5 board evidence 2026-09-24: native set_scheduling_params takes Mappings only.
----------------------------------------------------------------------
Traceback (most recent call last):
  File "/Users/Max/Workspace/company/development/RDK_MODEL_ZOO/rdk-b7-board-integration/samples/_shared/tests/test_sam_binding.py", line 198, in test_scalar_priority_never_reaches_the_native_protocol
    r,e,d=self.make_runner(target)
          ~~~~~~~~~~~~~~~~^^^^^^^^
  File "/Users/Max/Workspace/company/development/RDK_MODEL_ZOO/rdk-b7-board-integration/samples/_shared/tests/test_sam_binding.py", line 152, in make_runner
    s=resolve_selection(sample,target)
  File "/Users/Max/Workspace/company/development/RDK_MODEL_ZOO/rdk-b7-board-integration/samples/_shared/sam_binding.py", line 122, in resolve_selection
    assets = list_available_assets(sample, target)
  File "/Users/Max/Workspace/company/development/RDK_MODEL_ZOO/rdk-b7-board-integration/samples/_shared/sam_binding.py", line 102, in list_available_assets
    rows = list_assets(group, sample)
  File "/Users/Max/Workspace/company/development/RDK_MODEL_ZOO/rdk-b7-board-integration/samples/_shared/assets.py", line 52, in list_assets
    models = [row for row in _models(group) if row['id'] == sample_id]
                             ~~~~~~~^^^^^^^
  File "/Users/Max/Workspace/company/development/RDK_MODEL_ZOO/rdk-b7-board-integration/samples/_shared/assets.py", line 44, in _models
    content = yaml.safe_load(handle)
  File "/Users/Max/Workspace/company/development/RDK_MODEL_ZOO/rdk_model_zoo/.venv/lib/python3.14/site-packages/yaml/__init__.py", line 125, in safe_load
    return load(stream, SafeLoader)
  File "/Users/Max/Workspace/company/development/RDK_MODEL_ZOO/rdk_model_zoo/.venv/lib/python3.14/site-packages/yaml/__init__.py", line 81, in load
    return loader.get_single_data()
           ~~~~~~~~~~~~~~~~~~~~~~^^
  File "/Users/Max/Workspace/company/development/RDK_MODEL_ZOO/rdk_model_zoo/.venv/lib/python3.14/site-packages/yaml/constructor.py", line 49, in get_single_data
    node = self.get_single_node()
  File "/Users/Max/Workspace/company/development/RDK_MODEL_ZOO/rdk_model_zoo/.venv/lib/python3.14/site-packages/yaml/composer.py", line 36, in get_single_node
    document = self.compose_document()
  File "/Users/Max/Workspace/company/development/RDK_MODEL_ZOO/rdk_model_zoo/.venv/lib/python3.14/site-packages/yaml/composer.py", line 55, in compose_document
    node = self.compose_node(None, None)
  File "/Users/Max/Workspace/company/development/RDK_MODEL_ZOO/rdk_model_zoo/.venv/lib/python3.14/site-packages/yaml/composer.py", line 84, in compose_node
    node = self.compose_mapping_node(anchor)
  File "/Users/Max/Workspace/company/development/RDK_MODEL_ZOO/rdk_model_zoo/.venv/lib/python3.14/site-packages/yaml/composer.py", line 133, in compose_mapping_node
    item_value = self.compose_node(node, item_key)
  File "/Users/Max/Workspace/company/development/RDK_MODEL_ZOO/rdk_model_zoo/.venv/lib/python3.14/site-packages/yaml/composer.py", line 82, in compose_node
    node = self.compose_sequence_node(anchor)
  File "/Users/Max/Workspace/company/development/RDK_MODEL_ZOO/rdk_model_zoo/.venv/lib/python3.14/site-packages/yaml/composer.py", line 111, in compose_sequence_node
    node.value.append(self.compose_node(node, index))
                      ~~~~~~~~~~~~~~~~~^^^^^^^^^^^^^
  File "/Users/Max/Workspace/company/development/RDK_MODEL_ZOO/rdk_model_zoo/.venv/lib/python3.14/site-packages/yaml/composer.py", line 84, in compose_node
    node = self.compose_mapping_node(anchor)
  File "/Users/Max/Workspace/company/development/RDK_MODEL_ZOO/rdk_model_zoo/.venv/lib/python3.14/site-packages/yaml/composer.py", line 127, in compose_mapping_node
    while not self.check_event(MappingEndEvent):
              ~~~~~~~~~~~~~~~~^^^^^^^^^^^^^^^^^
  File "/Users/Max/Workspace/company/development/RDK_MODEL_ZOO/rdk_model_zoo/.venv/lib/python3.14/site-packages/yaml/parser.py", line 98, in check_event
    self.current_event = self.state()
                         ~~~~~~~~~~^^
  File "/Users/Max/Workspace/company/development/RDK_MODEL_ZOO/rdk_model_zoo/.venv/lib/python3.14/site-packages/yaml/parser.py", line 428, in parse_block_mapping_key
    if self.check_token(KeyToken):
       ~~~~~~~~~~~~~~~~^^^^^^^^^^
  File "/Users/Max/Workspace/company/development/RDK_MODEL_ZOO/rdk_model_zoo/.venv/lib/python3.14/site-packages/yaml/scanner.py", line 116, in check_token
    self.fetch_more_tokens()
    ~~~~~~~~~~~~~~~~~~~~~~^^
  File "/Users/Max/Workspace/company/development/RDK_MODEL_ZOO/rdk_model_zoo/.venv/lib/python3.14/site-packages/yaml/scanner.py", line 223, in fetch_more_tokens
    return self.fetch_value()
           ~~~~~~~~~~~~~~~~^^
  File "/Users/Max/Workspace/company/development/RDK_MODEL_ZOO/rdk_model_zoo/.venv/lib/python3.14/site-packages/yaml/scanner.py", line 577, in fetch_value
    raise ScannerError(None, None,
            "mapping values are not allowed here",
            self.get_mark())
yaml.scanner.ScannerError: mapping values are not allowed here
  in "/Users/Max/Workspace/company/development/RDK_MODEL_ZOO/rdk-b7-board-integration/docs/release/s/models.yaml", line 1898, column 65

======================================================================
ERROR: test_scheduling_is_applied_to_both_and_rejects_invalid_requests (test_sam_binding.SAMBindingTests.test_scheduling_is_applied_to_both_and_rejects_invalid_requests)
----------------------------------------------------------------------
Traceback (most recent call last):
  File "/Users/Max/Workspace/company/development/RDK_MODEL_ZOO/rdk-b7-board-integration/samples/_shared/tests/test_sam_binding.py", line 183, in test_scheduling_is_applied_to_both_and_rejects_invalid_requests
    r,e,d=self.make_runner(target)
          ~~~~~~~~~~~~~~~~^^^^^^^^
  File "/Users/Max/Workspace/company/development/RDK_MODEL_ZOO/rdk-b7-board-integration/samples/_shared/tests/test_sam_binding.py", line 152, in make_runner
    s=resolve_selection(sample,target)
  File "/Users/Max/Workspace/company/development/RDK_MODEL_ZOO/rdk-b7-board-integration/samples/_shared/sam_binding.py", line 122, in resolve_selection
    assets = list_available_assets(sample, target)
  File "/Users/Max/Workspace/company/development/RDK_MODEL_ZOO/rdk-b7-board-integration/samples/_shared/sam_binding.py", line 102, in list_available_assets
    rows = list_assets(group, sample)
  File "/Users/Max/Workspace/company/development/RDK_MODEL_ZOO/rdk-b7-board-integration/samples/_shared/assets.py", line 52, in list_assets
    models = [row for row in _models(group) if row['id'] == sample_id]
                             ~~~~~~~^^^^^^^
  File "/Users/Max/Workspace/company/development/RDK_MODEL_ZOO/rdk-b7-board-integration/samples/_shared/assets.py", line 44, in _models
    content = yaml.safe_load(handle)
  File "/Users/Max/Workspace/company/development/RDK_MODEL_ZOO/rdk_model_zoo/.venv/lib/python3.14/site-packages/yaml/__init__.py", line 125, in safe_load
    return load(stream, SafeLoader)
  File "/Users/Max/Workspace/company/development/RDK_MODEL_ZOO/rdk_model_zoo/.venv/lib/python3.14/site-packages/yaml/__init__.py", line 81, in load
    return loader.get_single_data()
           ~~~~~~~~~~~~~~~~~~~~~~^^
  File "/Users/Max/Workspace/company/development/RDK_MODEL_ZOO/rdk_model_zoo/.venv/lib/python3.14/site-packages/yaml/constructor.py", line 49, in get_single_data
    node = self.get_single_node()
  File "/Users/Max/Workspace/company/development/RDK_MODEL_ZOO/rdk_model_zoo/.venv/lib/python3.14/site-packages/yaml/composer.py", line 36, in get_single_node
    document = self.compose_document()
  File "/Users/Max/Workspace/company/development/RDK_MODEL_ZOO/rdk_model_zoo/.venv/lib/python3.14/site-packages/yaml/composer.py", line 55, in compose_document
    node = self.compose_node(None, None)
  File "/Users/Max/Workspace/company/development/RDK_MODEL_ZOO/rdk_model_zoo/.venv/lib/python3.14/site-packages/yaml/composer.py", line 84, in compose_node
    node = self.compose_mapping_node(anchor)
  File "/Users/Max/Workspace/company/development/RDK_MODEL_ZOO/rdk_model_zoo/.venv/lib/python3.14/site-packages/yaml/composer.py", line 133, in compose_mapping_node
    item_value = self.compose_node(node, item_key)
  File "/Users/Max/Workspace/company/development/RDK_MODEL_ZOO/rdk_model_zoo/.venv/lib/python3.14/site-packages/yaml/composer.py", line 82, in compose_node
    node = self.compose_sequence_node(anchor)
  File "/Users/Max/Workspace/company/development/RDK_MODEL_ZOO/rdk_model_zoo/.venv/lib/python3.14/site-packages/yaml/composer.py", line 111, in compose_sequence_node
    node.value.append(self.compose_node(node, index))
                      ~~~~~~~~~~~~~~~~~^^^^^^^^^^^^^
  File "/Users/Max/Workspace/company/development/RDK_MODEL_ZOO/rdk_model_zoo/.venv/lib/python3.14/site-packages/yaml/composer.py", line 84, in compose_node
    node = self.compose_mapping_node(anchor)
  File "/Users/Max/Workspace/company/development/RDK_MODEL_ZOO/rdk_model_zoo/.venv/lib/python3.14/site-packages/yaml/composer.py", line 127, in compose_mapping_node
    while not self.check_event(MappingEndEvent):
              ~~~~~~~~~~~~~~~~^^^^^^^^^^^^^^^^^
  File "/Users/Max/Workspace/company/development/RDK_MODEL_ZOO/rdk_model_zoo/.venv/lib/python3.14/site-packages/yaml/parser.py", line 98, in check_event
    self.current_event = self.state()
                         ~~~~~~~~~~^^
  File "/Users/Max/Workspace/company/development/RDK_MODEL_ZOO/rdk_model_zoo/.venv/lib/python3.14/site-packages/yaml/parser.py", line 428, in parse_block_mapping_key
    if self.check_token(KeyToken):
       ~~~~~~~~~~~~~~~~^^^^^^^^^^
  File "/Users/Max/Workspace/company/development/RDK_MODEL_ZOO/rdk_model_zoo/.venv/lib/python3.14/site-packages/yaml/scanner.py", line 116, in check_token
    self.fetch_more_tokens()
    ~~~~~~~~~~~~~~~~~~~~~~^^
  File "/Users/Max/Workspace/company/development/RDK_MODEL_ZOO/rdk_model_zoo/.venv/lib/python3.14/site-packages/yaml/scanner.py", line 223, in fetch_more_tokens
    return self.fetch_value()
           ~~~~~~~~~~~~~~~~^^
  File "/Users/Max/Workspace/company/development/RDK_MODEL_ZOO/rdk_model_zoo/.venv/lib/python3.14/site-packages/yaml/scanner.py", line 577, in fetch_value
    raise ScannerError(None, None,
            "mapping values are not allowed here",
            self.get_mark())
yaml.scanner.ScannerError: mapping values are not allowed here
  in "/Users/Max/Workspace/company/development/RDK_MODEL_ZOO/rdk-b7-board-integration/docs/release/s/models.yaml", line 1898, column 65

======================================================================
ERROR: test_board_cli_passes_without_file_digest (test_sam_evaluator.Python310FileDigestCompatTests.test_board_cli_passes_without_file_digest) (sample='efficient_sam', target='s100')
The exact board failure shape (missing file_digest) must complete with rc 0.
----------------------------------------------------------------------
Traceback (most recent call last):
  File "/Users/Max/Workspace/company/development/RDK_MODEL_ZOO/rdk-b7-board-integration/samples/_shared/tests/test_sam_evaluator.py", line 86, in test_board_cli_passes_without_file_digest
    rc=self._run_board_cli(sample,target,tmp)
  File "/Users/Max/Workspace/company/development/RDK_MODEL_ZOO/rdk-b7-board-integration/samples/_shared/tests/test_sam_evaluator.py", line 60, in _run_board_cli
    base=resolve_selection(sample,target)
  File "/Users/Max/Workspace/company/development/RDK_MODEL_ZOO/rdk-b7-board-integration/samples/_shared/sam_binding.py", line 122, in resolve_selection
    assets = list_available_assets(sample, target)
  File "/Users/Max/Workspace/company/development/RDK_MODEL_ZOO/rdk-b7-board-integration/samples/_shared/sam_binding.py", line 102, in list_available_assets
    rows = list_assets(group, sample)
  File "/Users/Max/Workspace/company/development/RDK_MODEL_ZOO/rdk-b7-board-integration/samples/_shared/assets.py", line 52, in list_assets
    models = [row for row in _models(group) if row['id'] == sample_id]
                             ~~~~~~~^^^^^^^
  File "/Users/Max/Workspace/company/development/RDK_MODEL_ZOO/rdk-b7-board-integration/samples/_shared/assets.py", line 44, in _models
    content = yaml.safe_load(handle)
  File "/Users/Max/Workspace/company/development/RDK_MODEL_ZOO/rdk_model_zoo/.venv/lib/python3.14/site-packages/yaml/__init__.py", line 125, in safe_load
    return load(stream, SafeLoader)
  File "/Users/Max/Workspace/company/development/RDK_MODEL_ZOO/rdk_model_zoo/.venv/lib/python3.14/site-packages/yaml/__init__.py", line 81, in load
    return loader.get_single_data()
           ~~~~~~~~~~~~~~~~~~~~~~^^
  File "/Users/Max/Workspace/company/development/RDK_MODEL_ZOO/rdk_model_zoo/.venv/lib/python3.14/site-packages/yaml/constructor.py", line 49, in get_single_data
    node = self.get_single_node()
  File "/Users/Max/Workspace/company/development/RDK_MODEL_ZOO/rdk_model_zoo/.venv/lib/python3.14/site-packages/yaml/composer.py", line 36, in get_single_node
    document = self.compose_document()
  File "/Users/Max/Workspace/company/development/RDK_MODEL_ZOO/rdk_model_zoo/.venv/lib/python3.14/site-packages/yaml/composer.py", line 55, in compose_document
    node = self.compose_node(None, None)
  File "/Users/Max/Workspace/company/development/RDK_MODEL_ZOO/rdk_model_zoo/.venv/lib/python3.14/site-packages/yaml/composer.py", line 84, in compose_node
    node = self.compose_mapping_node(anchor)
  File "/Users/Max/Workspace/company/development/RDK_MODEL_ZOO/rdk_model_zoo/.venv/lib/python3.14/site-packages/yaml/composer.py", line 133, in compose_mapping_node
    item_value = self.compose_node(node, item_key)
  File "/Users/Max/Workspace/company/development/RDK_MODEL_ZOO/rdk_model_zoo/.venv/lib/python3.14/site-packages/yaml/composer.py", line 82, in compose_node
    node = self.compose_sequence_node(anchor)
  File "/Users/Max/Workspace/company/development/RDK_MODEL_ZOO/rdk_model_zoo/.venv/lib/python3.14/site-packages/yaml/composer.py", line 111, in compose_sequence_node
    node.value.append(self.compose_node(node, index))
                      ~~~~~~~~~~~~~~~~~^^^^^^^^^^^^^
  File "/Users/Max/Workspace/company/development/RDK_MODEL_ZOO/rdk_model_zoo/.venv/lib/python3.14/site-packages/yaml/composer.py", line 84, in compose_node
    node = self.compose_mapping_node(anchor)
  File "/Users/Max/Workspace/company/development/RDK_MODEL_ZOO/rdk_model_zoo/.venv/lib/python3.14/site-packages/yaml/composer.py", line 127, in compose_mapping_node
    while not self.check_event(MappingEndEvent):
              ~~~~~~~~~~~~~~~~^^^^^^^^^^^^^^^^^
  File "/Users/Max/Workspace/company/development/RDK_MODEL_ZOO/rdk_model_zoo/.venv/lib/python3.14/site-packages/yaml/parser.py", line 98, in check_event
    self.current_event = self.state()
                         ~~~~~~~~~~^^
  File "/Users/Max/Workspace/company/development/RDK_MODEL_ZOO/rdk_model_zoo/.venv/lib/python3.14/site-packages/yaml/parser.py", line 428, in parse_block_mapping_key
    if self.check_token(KeyToken):
       ~~~~~~~~~~~~~~~~^^^^^^^^^^
  File "/Users/Max/Workspace/company/development/RDK_MODEL_ZOO/rdk_model_zoo/.venv/lib/python3.14/site-packages/yaml/scanner.py", line 116, in check_token
    self.fetch_more_tokens()
    ~~~~~~~~~~~~~~~~~~~~~~^^
  File "/Users/Max/Workspace/company/development/RDK_MODEL_ZOO/rdk_model_zoo/.venv/lib/python3.14/site-packages/yaml/scanner.py", line 223, in fetch_more_tokens
    return self.fetch_value()
           ~~~~~~~~~~~~~~~~^^
  File "/Users/Max/Workspace/company/development/RDK_MODEL_ZOO/rdk_model_zoo/.venv/lib/python3.14/site-packages/yaml/scanner.py", line 577, in fetch_value
    raise ScannerError(None, None,
            "mapping values are not allowed here",
            self.get_mark())
yaml.scanner.ScannerError: mapping values are not allowed here
  in "/Users/Max/Workspace/company/development/RDK_MODEL_ZOO/rdk-b7-board-integration/docs/release/s/models.yaml", line 1898, column 65

======================================================================
ERROR: test_board_cli_reports_comparison_failure_as_one (test_sam_evaluator.Python310FileDigestCompatTests.test_board_cli_reports_comparison_failure_as_one)
Completed runs with a failed check still exit 1 with full evidence.
----------------------------------------------------------------------
Traceback (most recent call last):
  File "/Users/Max/Workspace/company/development/RDK_MODEL_ZOO/rdk-b7-board-integration/samples/_shared/tests/test_sam_evaluator.py", line 103, in test_board_cli_reports_comparison_failure_as_one
    rc=self._run_board_cli('efficient_sam','s100',tmp,sabotage=sabotage)
  File "/Users/Max/Workspace/company/development/RDK_MODEL_ZOO/rdk-b7-board-integration/samples/_shared/tests/test_sam_evaluator.py", line 60, in _run_board_cli
    base=resolve_selection(sample,target)
  File "/Users/Max/Workspace/company/development/RDK_MODEL_ZOO/rdk-b7-board-integration/samples/_shared/sam_binding.py", line 122, in resolve_selection
    assets = list_available_assets(sample, target)
  File "/Users/Max/Workspace/company/development/RDK_MODEL_ZOO/rdk-b7-board-integration/samples/_shared/sam_binding.py", line 102, in list_available_assets
    rows = list_assets(group, sample)
  File "/Users/Max/Workspace/company/development/RDK_MODEL_ZOO/rdk-b7-board-integration/samples/_shared/assets.py", line 52, in list_assets
    models = [row for row in _models(group) if row['id'] == sample_id]
                             ~~~~~~~^^^^^^^
  File "/Users/Max/Workspace/company/development/RDK_MODEL_ZOO/rdk-b7-board-integration/samples/_shared/assets.py", line 44, in _models
    content = yaml.safe_load(handle)
  File "/Users/Max/Workspace/company/development/RDK_MODEL_ZOO/rdk_model_zoo/.venv/lib/python3.14/site-packages/yaml/__init__.py", line 125, in safe_load
    return load(stream, SafeLoader)
  File "/Users/Max/Workspace/company/development/RDK_MODEL_ZOO/rdk_model_zoo/.venv/lib/python3.14/site-packages/yaml/__init__.py", line 81, in load
    return loader.get_single_data()
           ~~~~~~~~~~~~~~~~~~~~~~^^
  File "/Users/Max/Workspace/company/development/RDK_MODEL_ZOO/rdk_model_zoo/.venv/lib/python3.14/site-packages/yaml/constructor.py", line 49, in get_single_data
    node = self.get_single_node()
  File "/Users/Max/Workspace/company/development/RDK_MODEL_ZOO/rdk_model_zoo/.venv/lib/python3.14/site-packages/yaml/composer.py", line 36, in get_single_node
    document = self.compose_document()
  File "/Users/Max/Workspace/company/development/RDK_MODEL_ZOO/rdk_model_zoo/.venv/lib/python3.14/site-packages/yaml/composer.py", line 55, in compose_document
    node = self.compose_node(None, None)
  File "/Users/Max/Workspace/company/development/RDK_MODEL_ZOO/rdk_model_zoo/.venv/lib/python3.14/site-packages/yaml/composer.py", line 84, in compose_node
    node = self.compose_mapping_node(anchor)
  File "/Users/Max/Workspace/company/development/RDK_MODEL_ZOO/rdk_model_zoo/.venv/lib/python3.14/site-packages/yaml/composer.py", line 133, in compose_mapping_node
    item_value = self.compose_node(node, item_key)
  File "/Users/Max/Workspace/company/development/RDK_MODEL_ZOO/rdk_model_zoo/.venv/lib/python3.14/site-packages/yaml/composer.py", line 82, in compose_node
    node = self.compose_sequence_node(anchor)
  File "/Users/Max/Workspace/company/development/RDK_MODEL_ZOO/rdk_model_zoo/.venv/lib/python3.14/site-packages/yaml/composer.py", line 111, in compose_sequence_node
    node.value.append(self.compose_node(node, index))
                      ~~~~~~~~~~~~~~~~~^^^^^^^^^^^^^
  File "/Users/Max/Workspace/company/development/RDK_MODEL_ZOO/rdk_model_zoo/.venv/lib/python3.14/site-packages/yaml/composer.py", line 84, in compose_node
    node = self.compose_mapping_node(anchor)
  File "/Users/Max/Workspace/company/development/RDK_MODEL_ZOO/rdk_model_zoo/.venv/lib/python3.14/site-packages/yaml/composer.py", line 127, in compose_mapping_node
    while not self.check_event(MappingEndEvent):
              ~~~~~~~~~~~~~~~~^^^^^^^^^^^^^^^^^
  File "/Users/Max/Workspace/company/development/RDK_MODEL_ZOO/rdk_model_zoo/.venv/lib/python3.14/site-packages/yaml/parser.py", line 98, in check_event
    self.current_event = self.state()
                         ~~~~~~~~~~^^
  File "/Users/Max/Workspace/company/development/RDK_MODEL_ZOO/rdk_model_zoo/.venv/lib/python3.14/site-packages/yaml/parser.py", line 428, in parse_block_mapping_key
    if self.check_token(KeyToken):
       ~~~~~~~~~~~~~~~~^^^^^^^^^^
  File "/Users/Max/Workspace/company/development/RDK_MODEL_ZOO/rdk_model_zoo/.venv/lib/python3.14/site-packages/yaml/scanner.py", line 116, in check_token
    self.fetch_more_tokens()
    ~~~~~~~~~~~~~~~~~~~~~~^^
  File "/Users/Max/Workspace/company/development/RDK_MODEL_ZOO/rdk_model_zoo/.venv/lib/python3.14/site-packages/yaml/scanner.py", line 223, in fetch_more_tokens
    return self.fetch_value()
           ~~~~~~~~~~~~~~~~^^
  File "/Users/Max/Workspace/company/development/RDK_MODEL_ZOO/rdk_model_zoo/.venv/lib/python3.14/site-packages/yaml/scanner.py", line 577, in fetch_value
    raise ScannerError(None, None,
            "mapping values are not allowed here",
            self.get_mark())
yaml.scanner.ScannerError: mapping values are not allowed here
  in "/Users/Max/Workspace/company/development/RDK_MODEL_ZOO/rdk-b7-board-integration/docs/release/s/models.yaml", line 1898, column 65

======================================================================
ERROR: test_execution_exception_after_capture_keeps_evidence (test_sam_evaluator.Python310FileDigestCompatTests.test_execution_exception_after_capture_keeps_evidence)
An unexpected exception mid-run keeps captured arrays and exits 2.
----------------------------------------------------------------------
Traceback (most recent call last):
  File "/Users/Max/Workspace/company/development/RDK_MODEL_ZOO/rdk-b7-board-integration/samples/_shared/tests/test_sam_evaluator.py", line 126, in test_execution_exception_after_capture_keeps_evidence
    rc=self._run_board_cli('efficient_sam','s100',tmp,
        raise_on=AttributeError('simulated SDK failure'))
  File "/Users/Max/Workspace/company/development/RDK_MODEL_ZOO/rdk-b7-board-integration/samples/_shared/tests/test_sam_evaluator.py", line 60, in _run_board_cli
    base=resolve_selection(sample,target)
  File "/Users/Max/Workspace/company/development/RDK_MODEL_ZOO/rdk-b7-board-integration/samples/_shared/sam_binding.py", line 122, in resolve_selection
    assets = list_available_assets(sample, target)
  File "/Users/Max/Workspace/company/development/RDK_MODEL_ZOO/rdk-b7-board-integration/samples/_shared/sam_binding.py", line 102, in list_available_assets
    rows = list_assets(group, sample)
  File "/Users/Max/Workspace/company/development/RDK_MODEL_ZOO/rdk-b7-board-integration/samples/_shared/assets.py", line 52, in list_assets
    models = [row for row in _models(group) if row['id'] == sample_id]
                             ~~~~~~~^^^^^^^
  File "/Users/Max/Workspace/company/development/RDK_MODEL_ZOO/rdk-b7-board-integration/samples/_shared/assets.py", line 44, in _models
    content = yaml.safe_load(handle)
  File "/Users/Max/Workspace/company/development/RDK_MODEL_ZOO/rdk_model_zoo/.venv/lib/python3.14/site-packages/yaml/__init__.py", line 125, in safe_load
    return load(stream, SafeLoader)
  File "/Users/Max/Workspace/company/development/RDK_MODEL_ZOO/rdk_model_zoo/.venv/lib/python3.14/site-packages/yaml/__init__.py", line 81, in load
    return loader.get_single_data()
           ~~~~~~~~~~~~~~~~~~~~~~^^
  File "/Users/Max/Workspace/company/development/RDK_MODEL_ZOO/rdk_model_zoo/.venv/lib/python3.14/site-packages/yaml/constructor.py", line 49, in get_single_data
    node = self.get_single_node()
  File "/Users/Max/Workspace/company/development/RDK_MODEL_ZOO/rdk_model_zoo/.venv/lib/python3.14/site-packages/yaml/composer.py", line 36, in get_single_node
    document = self.compose_document()
  File "/Users/Max/Workspace/company/development/RDK_MODEL_ZOO/rdk_model_zoo/.venv/lib/python3.14/site-packages/yaml/composer.py", line 55, in compose_document
    node = self.compose_node(None, None)
  File "/Users/Max/Workspace/company/development/RDK_MODEL_ZOO/rdk_model_zoo/.venv/lib/python3.14/site-packages/yaml/composer.py", line 84, in compose_node
    node = self.compose_mapping_node(anchor)
  File "/Users/Max/Workspace/company/development/RDK_MODEL_ZOO/rdk_model_zoo/.venv/lib/python3.14/site-packages/yaml/composer.py", line 133, in compose_mapping_node
    item_value = self.compose_node(node, item_key)
  File "/Users/Max/Workspace/company/development/RDK_MODEL_ZOO/rdk_model_zoo/.venv/lib/python3.14/site-packages/yaml/composer.py", line 82, in compose_node
    node = self.compose_sequence_node(anchor)
  File "/Users/Max/Workspace/company/development/RDK_MODEL_ZOO/rdk_model_zoo/.venv/lib/python3.14/site-packages/yaml/composer.py", line 111, in compose_sequence_node
    node.value.append(self.compose_node(node, index))
                      ~~~~~~~~~~~~~~~~~^^^^^^^^^^^^^
  File "/Users/Max/Workspace/company/development/RDK_MODEL_ZOO/rdk_model_zoo/.venv/lib/python3.14/site-packages/yaml/composer.py", line 84, in compose_node
    node = self.compose_mapping_node(anchor)
  File "/Users/Max/Workspace/company/development/RDK_MODEL_ZOO/rdk_model_zoo/.venv/lib/python3.14/site-packages/yaml/composer.py", line 127, in compose_mapping_node
    while not self.check_event(MappingEndEvent):
              ~~~~~~~~~~~~~~~~^^^^^^^^^^^^^^^^^
  File "/Users/Max/Workspace/company/development/RDK_MODEL_ZOO/rdk_model_zoo/.venv/lib/python3.14/site-packages/yaml/parser.py", line 98, in check_event
    self.current_event = self.state()
                         ~~~~~~~~~~^^
  File "/Users/Max/Workspace/company/development/RDK_MODEL_ZOO/rdk_model_zoo/.venv/lib/python3.14/site-packages/yaml/parser.py", line 428, in parse_block_mapping_key
    if self.check_token(KeyToken):
       ~~~~~~~~~~~~~~~~^^^^^^^^^^
  File "/Users/Max/Workspace/company/development/RDK_MODEL_ZOO/rdk_model_zoo/.venv/lib/python3.14/site-packages/yaml/scanner.py", line 116, in check_token
    self.fetch_more_tokens()
    ~~~~~~~~~~~~~~~~~~~~~~^^
  File "/Users/Max/Workspace/company/development/RDK_MODEL_ZOO/rdk_model_zoo/.venv/lib/python3.14/site-packages/yaml/scanner.py", line 223, in fetch_more_tokens
    return self.fetch_value()
           ~~~~~~~~~~~~~~~~^^
  File "/Users/Max/Workspace/company/development/RDK_MODEL_ZOO/rdk_model_zoo/.venv/lib/python3.14/site-packages/yaml/scanner.py", line 577, in fetch_value
    raise ScannerError(None, None,
            "mapping values are not allowed here",
            self.get_mark())
yaml.scanner.ScannerError: mapping values are not allowed here
  in "/Users/Max/Workspace/company/development/RDK_MODEL_ZOO/rdk-b7-board-integration/docs/release/s/models.yaml", line 1898, column 65

======================================================================
ERROR: test_all_four_source_paths_with_full_evidence (test_sam_evaluator.SAMEvaluatorTests.test_all_four_source_paths_with_full_evidence) (sample='efficient_sam', target='s100')
----------------------------------------------------------------------
Traceback (most recent call last):
  File "/Users/Max/Workspace/company/development/RDK_MODEL_ZOO/rdk-b7-board-integration/samples/_shared/tests/test_sam_evaluator.py", line 155, in test_all_four_source_paths_with_full_evidence
    base=resolve_selection(sample,target)
  File "/Users/Max/Workspace/company/development/RDK_MODEL_ZOO/rdk-b7-board-integration/samples/_shared/sam_binding.py", line 122, in resolve_selection
    assets = list_available_assets(sample, target)
  File "/Users/Max/Workspace/company/development/RDK_MODEL_ZOO/rdk-b7-board-integration/samples/_shared/sam_binding.py", line 102, in list_available_assets
    rows = list_assets(group, sample)
  File "/Users/Max/Workspace/company/development/RDK_MODEL_ZOO/rdk-b7-board-integration/samples/_shared/assets.py", line 52, in list_assets
    models = [row for row in _models(group) if row['id'] == sample_id]
                             ~~~~~~~^^^^^^^
  File "/Users/Max/Workspace/company/development/RDK_MODEL_ZOO/rdk-b7-board-integration/samples/_shared/assets.py", line 44, in _models
    content = yaml.safe_load(handle)
  File "/Users/Max/Workspace/company/development/RDK_MODEL_ZOO/rdk_model_zoo/.venv/lib/python3.14/site-packages/yaml/__init__.py", line 125, in safe_load
    return load(stream, SafeLoader)
  File "/Users/Max/Workspace/company/development/RDK_MODEL_ZOO/rdk_model_zoo/.venv/lib/python3.14/site-packages/yaml/__init__.py", line 81, in load
    return loader.get_single_data()
           ~~~~~~~~~~~~~~~~~~~~~~^^
  File "/Users/Max/Workspace/company/development/RDK_MODEL_ZOO/rdk_model_zoo/.venv/lib/python3.14/site-packages/yaml/constructor.py", line 49, in get_single_data
    node = self.get_single_node()
  File "/Users/Max/Workspace/company/development/RDK_MODEL_ZOO/rdk_model_zoo/.venv/lib/python3.14/site-packages/yaml/composer.py", line 36, in get_single_node
    document = self.compose_document()
  File "/Users/Max/Workspace/company/development/RDK_MODEL_ZOO/rdk_model_zoo/.venv/lib/python3.14/site-packages/yaml/composer.py", line 55, in compose_document
    node = self.compose_node(None, None)
  File "/Users/Max/Workspace/company/development/RDK_MODEL_ZOO/rdk_model_zoo/.venv/lib/python3.14/site-packages/yaml/composer.py", line 84, in compose_node
    node = self.compose_mapping_node(anchor)
  File "/Users/Max/Workspace/company/development/RDK_MODEL_ZOO/rdk_model_zoo/.venv/lib/python3.14/site-packages/yaml/composer.py", line 133, in compose_mapping_node
    item_value = self.compose_node(node, item_key)
  File "/Users/Max/Workspace/company/development/RDK_MODEL_ZOO/rdk_model_zoo/.venv/lib/python3.14/site-packages/yaml/composer.py", line 82, in compose_node
    node = self.compose_sequence_node(anchor)
  File "/Users/Max/Workspace/company/development/RDK_MODEL_ZOO/rdk_model_zoo/.venv/lib/python3.14/site-packages/yaml/composer.py", line 111, in compose_sequence_node
    node.value.append(self.compose_node(node, index))
                      ~~~~~~~~~~~~~~~~~^^^^^^^^^^^^^
  File "/Users/Max/Workspace/company/development/RDK_MODEL_ZOO/rdk_model_zoo/.venv/lib/python3.14/site-packages/yaml/composer.py", line 84, in compose_node
    node = self.compose_mapping_node(anchor)
  File "/Users/Max/Workspace/company/development/RDK_MODEL_ZOO/rdk_model_zoo/.venv/lib/python3.14/site-packages/yaml/composer.py", line 127, in compose_mapping_node
    while not self.check_event(MappingEndEvent):
              ~~~~~~~~~~~~~~~~^^^^^^^^^^^^^^^^^
  File "/Users/Max/Workspace/company/development/RDK_MODEL_ZOO/rdk_model_zoo/.venv/lib/python3.14/site-packages/yaml/parser.py", line 98, in check_event
    self.current_event = self.state()
                         ~~~~~~~~~~^^
  File "/Users/Max/Workspace/company/development/RDK_MODEL_ZOO/rdk_model_zoo/.venv/lib/python3.14/site-packages/yaml/parser.py", line 428, in parse_block_mapping_key
    if self.check_token(KeyToken):
       ~~~~~~~~~~~~~~~~^^^^^^^^^^
  File "/Users/Max/Workspace/company/development/RDK_MODEL_ZOO/rdk_model_zoo/.venv/lib/python3.14/site-packages/yaml/scanner.py", line 116, in check_token
    self.fetch_more_tokens()
    ~~~~~~~~~~~~~~~~~~~~~~^^
  File "/Users/Max/Workspace/company/development/RDK_MODEL_ZOO/rdk_model_zoo/.venv/lib/python3.14/site-packages/yaml/scanner.py", line 223, in fetch_more_tokens
    return self.fetch_value()
           ~~~~~~~~~~~~~~~~^^
  File "/Users/Max/Workspace/company/development/RDK_MODEL_ZOO/rdk_model_zoo/.venv/lib/python3.14/site-packages/yaml/scanner.py", line 577, in fetch_value
    raise ScannerError(None, None,
            "mapping values are not allowed here",
            self.get_mark())
yaml.scanner.ScannerError: mapping values are not allowed here
  in "/Users/Max/Workspace/company/development/RDK_MODEL_ZOO/rdk-b7-board-integration/docs/release/s/models.yaml", line 1898, column 65

======================================================================
ERROR: test_all_four_source_paths_with_full_evidence (test_sam_evaluator.SAMEvaluatorTests.test_all_four_source_paths_with_full_evidence) (sample='mobile_sam', target='s100')
----------------------------------------------------------------------
Traceback (most recent call last):
  File "/Users/Max/Workspace/company/development/RDK_MODEL_ZOO/rdk-b7-board-integration/samples/_shared/tests/test_sam_evaluator.py", line 155, in test_all_four_source_paths_with_full_evidence
    base=resolve_selection(sample,target)
  File "/Users/Max/Workspace/company/development/RDK_MODEL_ZOO/rdk-b7-board-integration/samples/_shared/sam_binding.py", line 122, in resolve_selection
    assets = list_available_assets(sample, target)
  File "/Users/Max/Workspace/company/development/RDK_MODEL_ZOO/rdk-b7-board-integration/samples/_shared/sam_binding.py", line 102, in list_available_assets
    rows = list_assets(group, sample)
  File "/Users/Max/Workspace/company/development/RDK_MODEL_ZOO/rdk-b7-board-integration/samples/_shared/assets.py", line 52, in list_assets
    models = [row for row in _models(group) if row['id'] == sample_id]
                             ~~~~~~~^^^^^^^
  File "/Users/Max/Workspace/company/development/RDK_MODEL_ZOO/rdk-b7-board-integration/samples/_shared/assets.py", line 44, in _models
    content = yaml.safe_load(handle)
  File "/Users/Max/Workspace/company/development/RDK_MODEL_ZOO/rdk_model_zoo/.venv/lib/python3.14/site-packages/yaml/__init__.py", line 125, in safe_load
    return load(stream, SafeLoader)
  File "/Users/Max/Workspace/company/development/RDK_MODEL_ZOO/rdk_model_zoo/.venv/lib/python3.14/site-packages/yaml/__init__.py", line 81, in load
    return loader.get_single_data()
           ~~~~~~~~~~~~~~~~~~~~~~^^
  File "/Users/Max/Workspace/company/development/RDK_MODEL_ZOO/rdk_model_zoo/.venv/lib/python3.14/site-packages/yaml/constructor.py", line 49, in get_single_data
    node = self.get_single_node()
  File "/Users/Max/Workspace/company/development/RDK_MODEL_ZOO/rdk_model_zoo/.venv/lib/python3.14/site-packages/yaml/composer.py", line 36, in get_single_node
    document = self.compose_document()
  File "/Users/Max/Workspace/company/development/RDK_MODEL_ZOO/rdk_model_zoo/.venv/lib/python3.14/site-packages/yaml/composer.py", line 55, in compose_document
    node = self.compose_node(None, None)
  File "/Users/Max/Workspace/company/development/RDK_MODEL_ZOO/rdk_model_zoo/.venv/lib/python3.14/site-packages/yaml/composer.py", line 84, in compose_node
    node = self.compose_mapping_node(anchor)
  File "/Users/Max/Workspace/company/development/RDK_MODEL_ZOO/rdk_model_zoo/.venv/lib/python3.14/site-packages/yaml/composer.py", line 133, in compose_mapping_node
    item_value = self.compose_node(node, item_key)
  File "/Users/Max/Workspace/company/development/RDK_MODEL_ZOO/rdk_model_zoo/.venv/lib/python3.14/site-packages/yaml/composer.py", line 82, in compose_node
    node = self.compose_sequence_node(anchor)
  File "/Users/Max/Workspace/company/development/RDK_MODEL_ZOO/rdk_model_zoo/.venv/lib/python3.14/site-packages/yaml/composer.py", line 111, in compose_sequence_node
    node.value.append(self.compose_node(node, index))
                      ~~~~~~~~~~~~~~~~~^^^^^^^^^^^^^
  File "/Users/Max/Workspace/company/development/RDK_MODEL_ZOO/rdk_model_zoo/.venv/lib/python3.14/site-packages/yaml/composer.py", line 84, in compose_node
    node = self.compose_mapping_node(anchor)
  File "/Users/Max/Workspace/company/development/RDK_MODEL_ZOO/rdk_model_zoo/.venv/lib/python3.14/site-packages/yaml/composer.py", line 127, in compose_mapping_node
    while not self.check_event(MappingEndEvent):
              ~~~~~~~~~~~~~~~~^^^^^^^^^^^^^^^^^
  File "/Users/Max/Workspace/company/development/RDK_MODEL_ZOO/rdk_model_zoo/.venv/lib/python3.14/site-packages/yaml/parser.py", line 98, in check_event
    self.current_event = self.state()
                         ~~~~~~~~~~^^
  File "/Users/Max/Workspace/company/development/RDK_MODEL_ZOO/rdk_model_zoo/.venv/lib/python3.14/site-packages/yaml/parser.py", line 428, in parse_block_mapping_key
    if self.check_token(KeyToken):
       ~~~~~~~~~~~~~~~~^^^^^^^^^^
  File "/Users/Max/Workspace/company/development/RDK_MODEL_ZOO/rdk_model_zoo/.venv/lib/python3.14/site-packages/yaml/scanner.py", line 116, in check_token
    self.fetch_more_tokens()
    ~~~~~~~~~~~~~~~~~~~~~~^^
  File "/Users/Max/Workspace/company/development/RDK_MODEL_ZOO/rdk_model_zoo/.venv/lib/python3.14/site-packages/yaml/scanner.py", line 223, in fetch_more_tokens
    return self.fetch_value()
           ~~~~~~~~~~~~~~~~^^
  File "/Users/Max/Workspace/company/development/RDK_MODEL_ZOO/rdk_model_zoo/.venv/lib/python3.14/site-packages/yaml/scanner.py", line 577, in fetch_value
    raise ScannerError(None, None,
            "mapping values are not allowed here",
            self.get_mark())
yaml.scanner.ScannerError: mapping values are not allowed here
  in "/Users/Max/Workspace/company/development/RDK_MODEL_ZOO/rdk-b7-board-integration/docs/release/s/models.yaml", line 1898, column 65

======================================================================
ERROR: test_metadata_evidence_survives_copy_hostile_board_quant_params (test_sam_evaluator.SAMEvaluatorTests.test_metadata_evidence_survives_copy_hostile_board_quant_params)
The old asdict() metadata snapshot raised TypeError on the real board.
----------------------------------------------------------------------
Traceback (most recent call last):
  File "/Users/Max/Workspace/company/development/RDK_MODEL_ZOO/rdk-b7-board-integration/samples/_shared/tests/test_sam_evaluator.py", line 190, in test_metadata_evidence_survives_copy_hostile_board_quant_params
    base=resolve_selection('efficient_sam','s100')
  File "/Users/Max/Workspace/company/development/RDK_MODEL_ZOO/rdk-b7-board-integration/samples/_shared/sam_binding.py", line 122, in resolve_selection
    assets = list_available_assets(sample, target)
  File "/Users/Max/Workspace/company/development/RDK_MODEL_ZOO/rdk-b7-board-integration/samples/_shared/sam_binding.py", line 102, in list_available_assets
    rows = list_assets(group, sample)
  File "/Users/Max/Workspace/company/development/RDK_MODEL_ZOO/rdk-b7-board-integration/samples/_shared/assets.py", line 52, in list_assets
    models = [row for row in _models(group) if row['id'] == sample_id]
                             ~~~~~~~^^^^^^^
  File "/Users/Max/Workspace/company/development/RDK_MODEL_ZOO/rdk-b7-board-integration/samples/_shared/assets.py", line 44, in _models
    content = yaml.safe_load(handle)
  File "/Users/Max/Workspace/company/development/RDK_MODEL_ZOO/rdk_model_zoo/.venv/lib/python3.14/site-packages/yaml/__init__.py", line 125, in safe_load
    return load(stream, SafeLoader)
  File "/Users/Max/Workspace/company/development/RDK_MODEL_ZOO/rdk_model_zoo/.venv/lib/python3.14/site-packages/yaml/__init__.py", line 81, in load
    return loader.get_single_data()
           ~~~~~~~~~~~~~~~~~~~~~~^^
  File "/Users/Max/Workspace/company/development/RDK_MODEL_ZOO/rdk_model_zoo/.venv/lib/python3.14/site-packages/yaml/constructor.py", line 49, in get_single_data
    node = self.get_single_node()
  File "/Users/Max/Workspace/company/development/RDK_MODEL_ZOO/rdk_model_zoo/.venv/lib/python3.14/site-packages/yaml/composer.py", line 36, in get_single_node
    document = self.compose_document()
  File "/Users/Max/Workspace/company/development/RDK_MODEL_ZOO/rdk_model_zoo/.venv/lib/python3.14/site-packages/yaml/composer.py", line 55, in compose_document
    node = self.compose_node(None, None)
  File "/Users/Max/Workspace/company/development/RDK_MODEL_ZOO/rdk_model_zoo/.venv/lib/python3.14/site-packages/yaml/composer.py", line 84, in compose_node
    node = self.compose_mapping_node(anchor)
  File "/Users/Max/Workspace/company/development/RDK_MODEL_ZOO/rdk_model_zoo/.venv/lib/python3.14/site-packages/yaml/composer.py", line 133, in compose_mapping_node
    item_value = self.compose_node(node, item_key)
  File "/Users/Max/Workspace/company/development/RDK_MODEL_ZOO/rdk_model_zoo/.venv/lib/python3.14/site-packages/yaml/composer.py", line 82, in compose_node
    node = self.compose_sequence_node(anchor)
  File "/Users/Max/Workspace/company/development/RDK_MODEL_ZOO/rdk_model_zoo/.venv/lib/python3.14/site-packages/yaml/composer.py", line 111, in compose_sequence_node
    node.value.append(self.compose_node(node, index))
                      ~~~~~~~~~~~~~~~~~^^^^^^^^^^^^^
  File "/Users/Max/Workspace/company/development/RDK_MODEL_ZOO/rdk_model_zoo/.venv/lib/python3.14/site-packages/yaml/composer.py", line 84, in compose_node
    node = self.compose_mapping_node(anchor)
  File "/Users/Max/Workspace/company/development/RDK_MODEL_ZOO/rdk_model_zoo/.venv/lib/python3.14/site-packages/yaml/composer.py", line 127, in compose_mapping_node
    while not self.check_event(MappingEndEvent):
              ~~~~~~~~~~~~~~~~^^^^^^^^^^^^^^^^^
  File "/Users/Max/Workspace/company/development/RDK_MODEL_ZOO/rdk_model_zoo/.venv/lib/python3.14/site-packages/yaml/parser.py", line 98, in check_event
    self.current_event = self.state()
                         ~~~~~~~~~~^^
  File "/Users/Max/Workspace/company/development/RDK_MODEL_ZOO/rdk_model_zoo/.venv/lib/python3.14/site-packages/yaml/parser.py", line 428, in parse_block_mapping_key
    if self.check_token(KeyToken):
       ~~~~~~~~~~~~~~~~^^^^^^^^^^
  File "/Users/Max/Workspace/company/development/RDK_MODEL_ZOO/rdk_model_zoo/.venv/lib/python3.14/site-packages/yaml/scanner.py", line 116, in check_token
    self.fetch_more_tokens()
    ~~~~~~~~~~~~~~~~~~~~~~^^
  File "/Users/Max/Workspace/company/development/RDK_MODEL_ZOO/rdk_model_zoo/.venv/lib/python3.14/site-packages/yaml/scanner.py", line 223, in fetch_more_tokens
    return self.fetch_value()
           ~~~~~~~~~~~~~~~~^^
  File "/Users/Max/Workspace/company/development/RDK_MODEL_ZOO/rdk_model_zoo/.venv/lib/python3.14/site-packages/yaml/scanner.py", line 577, in fetch_value
    raise ScannerError(None, None,
            "mapping values are not allowed here",
            self.get_mark())
yaml.scanner.ScannerError: mapping values are not allowed here
  in "/Users/Max/Workspace/company/development/RDK_MODEL_ZOO/rdk-b7-board-integration/docs/release/s/models.yaml", line 1898, column 65

======================================================================
ERROR: test_missing_model_error_keeps_requested_evidence_record (test_sam_evaluator.SAMEvaluatorTests.test_missing_model_error_keeps_requested_evidence_record)
----------------------------------------------------------------------
Traceback (most recent call last):
  File "/Users/Max/Workspace/company/development/RDK_MODEL_ZOO/rdk-b7-board-integration/samples/_shared/tests/test_sam_evaluator.py", line 253, in test_missing_model_error_keeps_requested_evidence_record
    base=resolve_selection('efficient_sam','s100')
  File "/Users/Max/Workspace/company/development/RDK_MODEL_ZOO/rdk-b7-board-integration/samples/_shared/sam_binding.py", line 122, in resolve_selection
    assets = list_available_assets(sample, target)
  File "/Users/Max/Workspace/company/development/RDK_MODEL_ZOO/rdk-b7-board-integration/samples/_shared/sam_binding.py", line 102, in list_available_assets
    rows = list_assets(group, sample)
  File "/Users/Max/Workspace/company/development/RDK_MODEL_ZOO/rdk-b7-board-integration/samples/_shared/assets.py", line 52, in list_assets
    models = [row for row in _models(group) if row['id'] == sample_id]
                             ~~~~~~~^^^^^^^
  File "/Users/Max/Workspace/company/development/RDK_MODEL_ZOO/rdk-b7-board-integration/samples/_shared/assets.py", line 44, in _models
    content = yaml.safe_load(handle)
  File "/Users/Max/Workspace/company/development/RDK_MODEL_ZOO/rdk_model_zoo/.venv/lib/python3.14/site-packages/yaml/__init__.py", line 125, in safe_load
    return load(stream, SafeLoader)
  File "/Users/Max/Workspace/company/development/RDK_MODEL_ZOO/rdk_model_zoo/.venv/lib/python3.14/site-packages/yaml/__init__.py", line 81, in load
    return loader.get_single_data()
           ~~~~~~~~~~~~~~~~~~~~~~^^
  File "/Users/Max/Workspace/company/development/RDK_MODEL_ZOO/rdk_model_zoo/.venv/lib/python3.14/site-packages/yaml/constructor.py", line 49, in get_single_data
    node = self.get_single_node()
  File "/Users/Max/Workspace/company/development/RDK_MODEL_ZOO/rdk_model_zoo/.venv/lib/python3.14/site-packages/yaml/composer.py", line 36, in get_single_node
    document = self.compose_document()
  File "/Users/Max/Workspace/company/development/RDK_MODEL_ZOO/rdk_model_zoo/.venv/lib/python3.14/site-packages/yaml/composer.py", line 55, in compose_document
    node = self.compose_node(None, None)
  File "/Users/Max/Workspace/company/development/RDK_MODEL_ZOO/rdk_model_zoo/.venv/lib/python3.14/site-packages/yaml/composer.py", line 84, in compose_node
    node = self.compose_mapping_node(anchor)
  File "/Users/Max/Workspace/company/development/RDK_MODEL_ZOO/rdk_model_zoo/.venv/lib/python3.14/site-packages/yaml/composer.py", line 133, in compose_mapping_node
    item_value = self.compose_node(node, item_key)
  File "/Users/Max/Workspace/company/development/RDK_MODEL_ZOO/rdk_model_zoo/.venv/lib/python3.14/site-packages/yaml/composer.py", line 82, in compose_node
    node = self.compose_sequence_node(anchor)
  File "/Users/Max/Workspace/company/development/RDK_MODEL_ZOO/rdk_model_zoo/.venv/lib/python3.14/site-packages/yaml/composer.py", line 111, in compose_sequence_node
    node.value.append(self.compose_node(node, index))
                      ~~~~~~~~~~~~~~~~~^^^^^^^^^^^^^
  File "/Users/Max/Workspace/company/development/RDK_MODEL_ZOO/rdk_model_zoo/.venv/lib/python3.14/site-packages/yaml/composer.py", line 84, in compose_node
    node = self.compose_mapping_node(anchor)
  File "/Users/Max/Workspace/company/development/RDK_MODEL_ZOO/rdk_model_zoo/.venv/lib/python3.14/site-packages/yaml/composer.py", line 127, in compose_mapping_node
    while not self.check_event(MappingEndEvent):
              ~~~~~~~~~~~~~~~~^^^^^^^^^^^^^^^^^
  File "/Users/Max/Workspace/company/development/RDK_MODEL_ZOO/rdk_model_zoo/.venv/lib/python3.14/site-packages/yaml/parser.py", line 98, in check_event
    self.current_event = self.state()
                         ~~~~~~~~~~^^
  File "/Users/Max/Workspace/company/development/RDK_MODEL_ZOO/rdk_model_zoo/.venv/lib/python3.14/site-packages/yaml/parser.py", line 428, in parse_block_mapping_key
    if self.check_token(KeyToken):
       ~~~~~~~~~~~~~~~~^^^^^^^^^^
  File "/Users/Max/Workspace/company/development/RDK_MODEL_ZOO/rdk_model_zoo/.venv/lib/python3.14/site-packages/yaml/scanner.py", line 116, in check_token
    self.fetch_more_tokens()
    ~~~~~~~~~~~~~~~~~~~~~~^^
  File "/Users/Max/Workspace/company/development/RDK_MODEL_ZOO/rdk_model_zoo/.venv/lib/python3.14/site-packages/yaml/scanner.py", line 223, in fetch_more_tokens
    return self.fetch_value()
           ~~~~~~~~~~~~~~~~^^
  File "/Users/Max/Workspace/company/development/RDK_MODEL_ZOO/rdk_model_zoo/.venv/lib/python3.14/site-packages/yaml/scanner.py", line 577, in fetch_value
    raise ScannerError(None, None,
            "mapping values are not allowed here",
            self.get_mark())
yaml.scanner.ScannerError: mapping values are not allowed here
  in "/Users/Max/Workspace/company/development/RDK_MODEL_ZOO/rdk-b7-board-integration/docs/release/s/models.yaml", line 1898, column 65

======================================================================
ERROR: test_runtime_mask_regression_retains_failed_full_capture (test_sam_evaluator.SAMEvaluatorTests.test_runtime_mask_regression_retains_failed_full_capture)
----------------------------------------------------------------------
Traceback (most recent call last):
  File "/Users/Max/Workspace/company/development/RDK_MODEL_ZOO/rdk-b7-board-integration/samples/_shared/tests/test_sam_evaluator.py", line 229, in test_runtime_mask_regression_retains_failed_full_capture
    base=resolve_selection('efficient_sam','s100')
  File "/Users/Max/Workspace/company/development/RDK_MODEL_ZOO/rdk-b7-board-integration/samples/_shared/sam_binding.py", line 122, in resolve_selection
    assets = list_available_assets(sample, target)
  File "/Users/Max/Workspace/company/development/RDK_MODEL_ZOO/rdk-b7-board-integration/samples/_shared/sam_binding.py", line 102, in list_available_assets
    rows = list_assets(group, sample)
  File "/Users/Max/Workspace/company/development/RDK_MODEL_ZOO/rdk-b7-board-integration/samples/_shared/assets.py", line 52, in list_assets
    models = [row for row in _models(group) if row['id'] == sample_id]
                             ~~~~~~~^^^^^^^
  File "/Users/Max/Workspace/company/development/RDK_MODEL_ZOO/rdk-b7-board-integration/samples/_shared/assets.py", line 44, in _models
    content = yaml.safe_load(handle)
  File "/Users/Max/Workspace/company/development/RDK_MODEL_ZOO/rdk_model_zoo/.venv/lib/python3.14/site-packages/yaml/__init__.py", line 125, in safe_load
    return load(stream, SafeLoader)
  File "/Users/Max/Workspace/company/development/RDK_MODEL_ZOO/rdk_model_zoo/.venv/lib/python3.14/site-packages/yaml/__init__.py", line 81, in load
    return loader.get_single_data()
           ~~~~~~~~~~~~~~~~~~~~~~^^
  File "/Users/Max/Workspace/company/development/RDK_MODEL_ZOO/rdk_model_zoo/.venv/lib/python3.14/site-packages/yaml/constructor.py", line 49, in get_single_data
    node = self.get_single_node()
  File "/Users/Max/Workspace/company/development/RDK_MODEL_ZOO/rdk_model_zoo/.venv/lib/python3.14/site-packages/yaml/composer.py", line 36, in get_single_node
    document = self.compose_document()
  File "/Users/Max/Workspace/company/development/RDK_MODEL_ZOO/rdk_model_zoo/.venv/lib/python3.14/site-packages/yaml/composer.py", line 55, in compose_document
    node = self.compose_node(None, None)
  File "/Users/Max/Workspace/company/development/RDK_MODEL_ZOO/rdk_model_zoo/.venv/lib/python3.14/site-packages/yaml/composer.py", line 84, in compose_node
    node = self.compose_mapping_node(anchor)
  File "/Users/Max/Workspace/company/development/RDK_MODEL_ZOO/rdk_model_zoo/.venv/lib/python3.14/site-packages/yaml/composer.py", line 133, in compose_mapping_node
    item_value = self.compose_node(node, item_key)
  File "/Users/Max/Workspace/company/development/RDK_MODEL_ZOO/rdk_model_zoo/.venv/lib/python3.14/site-packages/yaml/composer.py", line 82, in compose_node
    node = self.compose_sequence_node(anchor)
  File "/Users/Max/Workspace/company/development/RDK_MODEL_ZOO/rdk_model_zoo/.venv/lib/python3.14/site-packages/yaml/composer.py", line 111, in compose_sequence_node
    node.value.append(self.compose_node(node, index))
                      ~~~~~~~~~~~~~~~~~^^^^^^^^^^^^^
  File "/Users/Max/Workspace/company/development/RDK_MODEL_ZOO/rdk_model_zoo/.venv/lib/python3.14/site-packages/yaml/composer.py", line 84, in compose_node
    node = self.compose_mapping_node(anchor)
  File "/Users/Max/Workspace/company/development/RDK_MODEL_ZOO/rdk_model_zoo/.venv/lib/python3.14/site-packages/yaml/composer.py", line 127, in compose_mapping_node
    while not self.check_event(MappingEndEvent):
              ~~~~~~~~~~~~~~~~^^^^^^^^^^^^^^^^^
  File "/Users/Max/Workspace/company/development/RDK_MODEL_ZOO/rdk_model_zoo/.venv/lib/python3.14/site-packages/yaml/parser.py", line 98, in check_event
    self.current_event = self.state()
                         ~~~~~~~~~~^^
  File "/Users/Max/Workspace/company/development/RDK_MODEL_ZOO/rdk_model_zoo/.venv/lib/python3.14/site-packages/yaml/parser.py", line 428, in parse_block_mapping_key
    if self.check_token(KeyToken):
       ~~~~~~~~~~~~~~~~^^^^^^^^^^
  File "/Users/Max/Workspace/company/development/RDK_MODEL_ZOO/rdk_model_zoo/.venv/lib/python3.14/site-packages/yaml/scanner.py", line 116, in check_token
    self.fetch_more_tokens()
    ~~~~~~~~~~~~~~~~~~~~~~^^
  File "/Users/Max/Workspace/company/development/RDK_MODEL_ZOO/rdk_model_zoo/.venv/lib/python3.14/site-packages/yaml/scanner.py", line 223, in fetch_more_tokens
    return self.fetch_value()
           ~~~~~~~~~~~~~~~~^^
  File "/Users/Max/Workspace/company/development/RDK_MODEL_ZOO/rdk_model_zoo/.venv/lib/python3.14/site-packages/yaml/scanner.py", line 577, in fetch_value
    raise ScannerError(None, None,
            "mapping values are not allowed here",
            self.get_mark())
yaml.scanner.ScannerError: mapping values are not allowed here
  in "/Users/Max/Workspace/company/development/RDK_MODEL_ZOO/rdk-b7-board-integration/docs/release/s/models.yaml", line 1898, column 65

======================================================================
ERROR: test_s100_helper_mapping_and_explicit_control_both_apply (test_sam_evaluator.SchedulingControlTests.test_s100_helper_mapping_and_explicit_control_both_apply) (sample='efficient_sam')
S100: source helper mapping succeeds and explicit control re-applies it.
----------------------------------------------------------------------
Traceback (most recent call last):
  File "/Users/Max/Workspace/company/development/RDK_MODEL_ZOO/rdk-b7-board-integration/samples/_shared/tests/test_sam_evaluator.py", line 339, in test_s100_helper_mapping_and_explicit_control_both_apply
    summary=self._compare(sample,'s100',0)
  File "/Users/Max/Workspace/company/development/RDK_MODEL_ZOO/rdk-b7-board-integration/samples/_shared/tests/test_sam_evaluator.py", line 296, in _compare
    base=resolve_selection(sample,target)
  File "/Users/Max/Workspace/company/development/RDK_MODEL_ZOO/rdk-b7-board-integration/samples/_shared/sam_binding.py", line 122, in resolve_selection
    assets = list_available_assets(sample, target)
  File "/Users/Max/Workspace/company/development/RDK_MODEL_ZOO/rdk-b7-board-integration/samples/_shared/sam_binding.py", line 102, in list_available_assets
    rows = list_assets(group, sample)
  File "/Users/Max/Workspace/company/development/RDK_MODEL_ZOO/rdk-b7-board-integration/samples/_shared/assets.py", line 52, in list_assets
    models = [row for row in _models(group) if row['id'] == sample_id]
                             ~~~~~~~^^^^^^^
  File "/Users/Max/Workspace/company/development/RDK_MODEL_ZOO/rdk-b7-board-integration/samples/_shared/assets.py", line 44, in _models
    content = yaml.safe_load(handle)
  File "/Users/Max/Workspace/company/development/RDK_MODEL_ZOO/rdk_model_zoo/.venv/lib/python3.14/site-packages/yaml/__init__.py", line 125, in safe_load
    return load(stream, SafeLoader)
  File "/Users/Max/Workspace/company/development/RDK_MODEL_ZOO/rdk_model_zoo/.venv/lib/python3.14/site-packages/yaml/__init__.py", line 81, in load
    return loader.get_single_data()
           ~~~~~~~~~~~~~~~~~~~~~~^^
  File "/Users/Max/Workspace/company/development/RDK_MODEL_ZOO/rdk_model_zoo/.venv/lib/python3.14/site-packages/yaml/constructor.py", line 49, in get_single_data
    node = self.get_single_node()
  File "/Users/Max/Workspace/company/development/RDK_MODEL_ZOO/rdk_model_zoo/.venv/lib/python3.14/site-packages/yaml/composer.py", line 36, in get_single_node
    document = self.compose_document()
  File "/Users/Max/Workspace/company/development/RDK_MODEL_ZOO/rdk_model_zoo/.venv/lib/python3.14/site-packages/yaml/composer.py", line 55, in compose_document
    node = self.compose_node(None, None)
  File "/Users/Max/Workspace/company/development/RDK_MODEL_ZOO/rdk_model_zoo/.venv/lib/python3.14/site-packages/yaml/composer.py", line 84, in compose_node
    node = self.compose_mapping_node(anchor)
  File "/Users/Max/Workspace/company/development/RDK_MODEL_ZOO/rdk_model_zoo/.venv/lib/python3.14/site-packages/yaml/composer.py", line 133, in compose_mapping_node
    item_value = self.compose_node(node, item_key)
  File "/Users/Max/Workspace/company/development/RDK_MODEL_ZOO/rdk_model_zoo/.venv/lib/python3.14/site-packages/yaml/composer.py", line 82, in compose_node
    node = self.compose_sequence_node(anchor)
  File "/Users/Max/Workspace/company/development/RDK_MODEL_ZOO/rdk_model_zoo/.venv/lib/python3.14/site-packages/yaml/composer.py", line 111, in compose_sequence_node
    node.value.append(self.compose_node(node, index))
                      ~~~~~~~~~~~~~~~~~^^^^^^^^^^^^^
  File "/Users/Max/Workspace/company/development/RDK_MODEL_ZOO/rdk_model_zoo/.venv/lib/python3.14/site-packages/yaml/composer.py", line 84, in compose_node
    node = self.compose_mapping_node(anchor)
  File "/Users/Max/Workspace/company/development/RDK_MODEL_ZOO/rdk_model_zoo/.venv/lib/python3.14/site-packages/yaml/composer.py", line 127, in compose_mapping_node
    while not self.check_event(MappingEndEvent):
              ~~~~~~~~~~~~~~~~^^^^^^^^^^^^^^^^^
  File "/Users/Max/Workspace/company/development/RDK_MODEL_ZOO/rdk_model_zoo/.venv/lib/python3.14/site-packages/yaml/parser.py", line 98, in check_event
    self.current_event = self.state()
                         ~~~~~~~~~~^^
  File "/Users/Max/Workspace/company/development/RDK_MODEL_ZOO/rdk_model_zoo/.venv/lib/python3.14/site-packages/yaml/parser.py", line 428, in parse_block_mapping_key
    if self.check_token(KeyToken):
       ~~~~~~~~~~~~~~~~^^^^^^^^^^
  File "/Users/Max/Workspace/company/development/RDK_MODEL_ZOO/rdk_model_zoo/.venv/lib/python3.14/site-packages/yaml/scanner.py", line 116, in check_token
    self.fetch_more_tokens()
    ~~~~~~~~~~~~~~~~~~~~~~^^
  File "/Users/Max/Workspace/company/development/RDK_MODEL_ZOO/rdk_model_zoo/.venv/lib/python3.14/site-packages/yaml/scanner.py", line 223, in fetch_more_tokens
    return self.fetch_value()
           ~~~~~~~~~~~~~~~~^^
  File "/Users/Max/Workspace/company/development/RDK_MODEL_ZOO/rdk_model_zoo/.venv/lib/python3.14/site-packages/yaml/scanner.py", line 577, in fetch_value
    raise ScannerError(None, None,
            "mapping values are not allowed here",
            self.get_mark())
yaml.scanner.ScannerError: mapping values are not allowed here
  in "/Users/Max/Workspace/company/development/RDK_MODEL_ZOO/rdk-b7-board-integration/docs/release/s/models.yaml", line 1898, column 65

======================================================================
ERROR: test_s100_helper_mapping_and_explicit_control_both_apply (test_sam_evaluator.SchedulingControlTests.test_s100_helper_mapping_and_explicit_control_both_apply) (sample='mobile_sam')
S100: source helper mapping succeeds and explicit control re-applies it.
----------------------------------------------------------------------
Traceback (most recent call last):
  File "/Users/Max/Workspace/company/development/RDK_MODEL_ZOO/rdk-b7-board-integration/samples/_shared/tests/test_sam_evaluator.py", line 339, in test_s100_helper_mapping_and_explicit_control_both_apply
    summary=self._compare(sample,'s100',0)
  File "/Users/Max/Workspace/company/development/RDK_MODEL_ZOO/rdk-b7-board-integration/samples/_shared/tests/test_sam_evaluator.py", line 296, in _compare
    base=resolve_selection(sample,target)
  File "/Users/Max/Workspace/company/development/RDK_MODEL_ZOO/rdk-b7-board-integration/samples/_shared/sam_binding.py", line 122, in resolve_selection
    assets = list_available_assets(sample, target)
  File "/Users/Max/Workspace/company/development/RDK_MODEL_ZOO/rdk-b7-board-integration/samples/_shared/sam_binding.py", line 102, in list_available_assets
    rows = list_assets(group, sample)
  File "/Users/Max/Workspace/company/development/RDK_MODEL_ZOO/rdk-b7-board-integration/samples/_shared/assets.py", line 52, in list_assets
    models = [row for row in _models(group) if row['id'] == sample_id]
                             ~~~~~~~^^^^^^^
  File "/Users/Max/Workspace/company/development/RDK_MODEL_ZOO/rdk-b7-board-integration/samples/_shared/assets.py", line 44, in _models
    content = yaml.safe_load(handle)
  File "/Users/Max/Workspace/company/development/RDK_MODEL_ZOO/rdk_model_zoo/.venv/lib/python3.14/site-packages/yaml/__init__.py", line 125, in safe_load
    return load(stream, SafeLoader)
  File "/Users/Max/Workspace/company/development/RDK_MODEL_ZOO/rdk_model_zoo/.venv/lib/python3.14/site-packages/yaml/__init__.py", line 81, in load
    return loader.get_single_data()
           ~~~~~~~~~~~~~~~~~~~~~~^^
  File "/Users/Max/Workspace/company/development/RDK_MODEL_ZOO/rdk_model_zoo/.venv/lib/python3.14/site-packages/yaml/constructor.py", line 49, in get_single_data
    node = self.get_single_node()
  File "/Users/Max/Workspace/company/development/RDK_MODEL_ZOO/rdk_model_zoo/.venv/lib/python3.14/site-packages/yaml/composer.py", line 36, in get_single_node
    document = self.compose_document()
  File "/Users/Max/Workspace/company/development/RDK_MODEL_ZOO/rdk_model_zoo/.venv/lib/python3.14/site-packages/yaml/composer.py", line 55, in compose_document
    node = self.compose_node(None, None)
  File "/Users/Max/Workspace/company/development/RDK_MODEL_ZOO/rdk_model_zoo/.venv/lib/python3.14/site-packages/yaml/composer.py", line 84, in compose_node
    node = self.compose_mapping_node(anchor)
  File "/Users/Max/Workspace/company/development/RDK_MODEL_ZOO/rdk_model_zoo/.venv/lib/python3.14/site-packages/yaml/composer.py", line 133, in compose_mapping_node
    item_value = self.compose_node(node, item_key)
  File "/Users/Max/Workspace/company/development/RDK_MODEL_ZOO/rdk_model_zoo/.venv/lib/python3.14/site-packages/yaml/composer.py", line 82, in compose_node
    node = self.compose_sequence_node(anchor)
  File "/Users/Max/Workspace/company/development/RDK_MODEL_ZOO/rdk_model_zoo/.venv/lib/python3.14/site-packages/yaml/composer.py", line 111, in compose_sequence_node
    node.value.append(self.compose_node(node, index))
                      ~~~~~~~~~~~~~~~~~^^^^^^^^^^^^^
  File "/Users/Max/Workspace/company/development/RDK_MODEL_ZOO/rdk_model_zoo/.venv/lib/python3.14/site-packages/yaml/composer.py", line 84, in compose_node
    node = self.compose_mapping_node(anchor)
  File "/Users/Max/Workspace/company/development/RDK_MODEL_ZOO/rdk_model_zoo/.venv/lib/python3.14/site-packages/yaml/composer.py", line 127, in compose_mapping_node
    while not self.check_event(MappingEndEvent):
              ~~~~~~~~~~~~~~~~^^^^^^^^^^^^^^^^^
  File "/Users/Max/Workspace/company/development/RDK_MODEL_ZOO/rdk_model_zoo/.venv/lib/python3.14/site-packages/yaml/parser.py", line 98, in check_event
    self.current_event = self.state()
                         ~~~~~~~~~~^^
  File "/Users/Max/Workspace/company/development/RDK_MODEL_ZOO/rdk_model_zoo/.venv/lib/python3.14/site-packages/yaml/parser.py", line 428, in parse_block_mapping_key
    if self.check_token(KeyToken):
       ~~~~~~~~~~~~~~~~^^^^^^^^^^
  File "/Users/Max/Workspace/company/development/RDK_MODEL_ZOO/rdk_model_zoo/.venv/lib/python3.14/site-packages/yaml/scanner.py", line 116, in check_token
    self.fetch_more_tokens()
    ~~~~~~~~~~~~~~~~~~~~~~^^
  File "/Users/Max/Workspace/company/development/RDK_MODEL_ZOO/rdk_model_zoo/.venv/lib/python3.14/site-packages/yaml/scanner.py", line 223, in fetch_more_tokens
    return self.fetch_value()
           ~~~~~~~~~~~~~~~~^^
  File "/Users/Max/Workspace/company/development/RDK_MODEL_ZOO/rdk_model_zoo/.venv/lib/python3.14/site-packages/yaml/scanner.py", line 577, in fetch_value
    raise ScannerError(None, None,
            "mapping values are not allowed here",
            self.get_mark())
yaml.scanner.ScannerError: mapping values are not allowed here
  in "/Users/Max/Workspace/company/development/RDK_MODEL_ZOO/rdk-b7-board-integration/docs/release/s/models.yaml", line 1898, column 65

======================================================================
ERROR: test_all_eight_pair_bindings_are_usable (test_sam_stages.SAMStageTests.test_all_eight_pair_bindings_are_usable) (sample='efficient_sam', target='s100')
----------------------------------------------------------------------
Traceback (most recent call last):
  File "/Users/Max/Workspace/company/development/RDK_MODEL_ZOO/rdk-b7-board-integration/samples/_shared/tests/test_sam_stages.py", line 110, in test_all_eight_pair_bindings_are_usable
    binding = make_binding(sample, target)
  File "/Users/Max/Workspace/company/development/RDK_MODEL_ZOO/rdk-b7-board-integration/samples/_shared/tests/test_sam_stages.py", line 27, in make_binding
    selection = resolve_selection(sample, target)
  File "/Users/Max/Workspace/company/development/RDK_MODEL_ZOO/rdk-b7-board-integration/samples/_shared/sam_binding.py", line 122, in resolve_selection
    assets = list_available_assets(sample, target)
  File "/Users/Max/Workspace/company/development/RDK_MODEL_ZOO/rdk-b7-board-integration/samples/_shared/sam_binding.py", line 102, in list_available_assets
    rows = list_assets(group, sample)
  File "/Users/Max/Workspace/company/development/RDK_MODEL_ZOO/rdk-b7-board-integration/samples/_shared/assets.py", line 52, in list_assets
    models = [row for row in _models(group) if row['id'] == sample_id]
                             ~~~~~~~^^^^^^^
  File "/Users/Max/Workspace/company/development/RDK_MODEL_ZOO/rdk-b7-board-integration/samples/_shared/assets.py", line 44, in _models
    content = yaml.safe_load(handle)
  File "/Users/Max/Workspace/company/development/RDK_MODEL_ZOO/rdk_model_zoo/.venv/lib/python3.14/site-packages/yaml/__init__.py", line 125, in safe_load
    return load(stream, SafeLoader)
  File "/Users/Max/Workspace/company/development/RDK_MODEL_ZOO/rdk_model_zoo/.venv/lib/python3.14/site-packages/yaml/__init__.py", line 81, in load
    return loader.get_single_data()
           ~~~~~~~~~~~~~~~~~~~~~~^^
  File "/Users/Max/Workspace/company/development/RDK_MODEL_ZOO/rdk_model_zoo/.venv/lib/python3.14/site-packages/yaml/constructor.py", line 49, in get_single_data
    node = self.get_single_node()
  File "/Users/Max/Workspace/company/development/RDK_MODEL_ZOO/rdk_model_zoo/.venv/lib/python3.14/site-packages/yaml/composer.py", line 36, in get_single_node
    document = self.compose_document()
  File "/Users/Max/Workspace/company/development/RDK_MODEL_ZOO/rdk_model_zoo/.venv/lib/python3.14/site-packages/yaml/composer.py", line 55, in compose_document
    node = self.compose_node(None, None)
  File "/Users/Max/Workspace/company/development/RDK_MODEL_ZOO/rdk_model_zoo/.venv/lib/python3.14/site-packages/yaml/composer.py", line 84, in compose_node
    node = self.compose_mapping_node(anchor)
  File "/Users/Max/Workspace/company/development/RDK_MODEL_ZOO/rdk_model_zoo/.venv/lib/python3.14/site-packages/yaml/composer.py", line 133, in compose_mapping_node
    item_value = self.compose_node(node, item_key)
  File "/Users/Max/Workspace/company/development/RDK_MODEL_ZOO/rdk_model_zoo/.venv/lib/python3.14/site-packages/yaml/composer.py", line 82, in compose_node
    node = self.compose_sequence_node(anchor)
  File "/Users/Max/Workspace/company/development/RDK_MODEL_ZOO/rdk_model_zoo/.venv/lib/python3.14/site-packages/yaml/composer.py", line 111, in compose_sequence_node
    node.value.append(self.compose_node(node, index))
                      ~~~~~~~~~~~~~~~~~^^^^^^^^^^^^^
  File "/Users/Max/Workspace/company/development/RDK_MODEL_ZOO/rdk_model_zoo/.venv/lib/python3.14/site-packages/yaml/composer.py", line 84, in compose_node
    node = self.compose_mapping_node(anchor)
  File "/Users/Max/Workspace/company/development/RDK_MODEL_ZOO/rdk_model_zoo/.venv/lib/python3.14/site-packages/yaml/composer.py", line 127, in compose_mapping_node
    while not self.check_event(MappingEndEvent):
              ~~~~~~~~~~~~~~~~^^^^^^^^^^^^^^^^^
  File "/Users/Max/Workspace/company/development/RDK_MODEL_ZOO/rdk_model_zoo/.venv/lib/python3.14/site-packages/yaml/parser.py", line 98, in check_event
    self.current_event = self.state()
                         ~~~~~~~~~~^^
  File "/Users/Max/Workspace/company/development/RDK_MODEL_ZOO/rdk_model_zoo/.venv/lib/python3.14/site-packages/yaml/parser.py", line 428, in parse_block_mapping_key
    if self.check_token(KeyToken):
       ~~~~~~~~~~~~~~~~^^^^^^^^^^
  File "/Users/Max/Workspace/company/development/RDK_MODEL_ZOO/rdk_model_zoo/.venv/lib/python3.14/site-packages/yaml/scanner.py", line 116, in check_token
    self.fetch_more_tokens()
    ~~~~~~~~~~~~~~~~~~~~~~^^
  File "/Users/Max/Workspace/company/development/RDK_MODEL_ZOO/rdk_model_zoo/.venv/lib/python3.14/site-packages/yaml/scanner.py", line 223, in fetch_more_tokens
    return self.fetch_value()
           ~~~~~~~~~~~~~~~~^^
  File "/Users/Max/Workspace/company/development/RDK_MODEL_ZOO/rdk_model_zoo/.venv/lib/python3.14/site-packages/yaml/scanner.py", line 577, in fetch_value
    raise ScannerError(None, None,
            "mapping values are not allowed here",
            self.get_mark())
yaml.scanner.ScannerError: mapping values are not allowed here
  in "/Users/Max/Workspace/company/development/RDK_MODEL_ZOO/rdk-b7-board-integration/docs/release/s/models.yaml", line 1898, column 65

======================================================================
ERROR: test_all_eight_pair_bindings_are_usable (test_sam_stages.SAMStageTests.test_all_eight_pair_bindings_are_usable) (sample='efficient_sam', target='s100p')
----------------------------------------------------------------------
Traceback (most recent call last):
  File "/Users/Max/Workspace/company/development/RDK_MODEL_ZOO/rdk-b7-board-integration/samples/_shared/tests/test_sam_stages.py", line 110, in test_all_eight_pair_bindings_are_usable
    binding = make_binding(sample, target)
  File "/Users/Max/Workspace/company/development/RDK_MODEL_ZOO/rdk-b7-board-integration/samples/_shared/tests/test_sam_stages.py", line 27, in make_binding
    selection = resolve_selection(sample, target)
  File "/Users/Max/Workspace/company/development/RDK_MODEL_ZOO/rdk-b7-board-integration/samples/_shared/sam_binding.py", line 122, in resolve_selection
    assets = list_available_assets(sample, target)
  File "/Users/Max/Workspace/company/development/RDK_MODEL_ZOO/rdk-b7-board-integration/samples/_shared/sam_binding.py", line 102, in list_available_assets
    rows = list_assets(group, sample)
  File "/Users/Max/Workspace/company/development/RDK_MODEL_ZOO/rdk-b7-board-integration/samples/_shared/assets.py", line 52, in list_assets
    models = [row for row in _models(group) if row['id'] == sample_id]
                             ~~~~~~~^^^^^^^
  File "/Users/Max/Workspace/company/development/RDK_MODEL_ZOO/rdk-b7-board-integration/samples/_shared/assets.py", line 44, in _models
    content = yaml.safe_load(handle)
  File "/Users/Max/Workspace/company/development/RDK_MODEL_ZOO/rdk_model_zoo/.venv/lib/python3.14/site-packages/yaml/__init__.py", line 125, in safe_load
    return load(stream, SafeLoader)
  File "/Users/Max/Workspace/company/development/RDK_MODEL_ZOO/rdk_model_zoo/.venv/lib/python3.14/site-packages/yaml/__init__.py", line 81, in load
    return loader.get_single_data()
           ~~~~~~~~~~~~~~~~~~~~~~^^
  File "/Users/Max/Workspace/company/development/RDK_MODEL_ZOO/rdk_model_zoo/.venv/lib/python3.14/site-packages/yaml/constructor.py", line 49, in get_single_data
    node = self.get_single_node()
  File "/Users/Max/Workspace/company/development/RDK_MODEL_ZOO/rdk_model_zoo/.venv/lib/python3.14/site-packages/yaml/composer.py", line 36, in get_single_node
    document = self.compose_document()
  File "/Users/Max/Workspace/company/development/RDK_MODEL_ZOO/rdk_model_zoo/.venv/lib/python3.14/site-packages/yaml/composer.py", line 55, in compose_document
    node = self.compose_node(None, None)
  File "/Users/Max/Workspace/company/development/RDK_MODEL_ZOO/rdk_model_zoo/.venv/lib/python3.14/site-packages/yaml/composer.py", line 84, in compose_node
    node = self.compose_mapping_node(anchor)
  File "/Users/Max/Workspace/company/development/RDK_MODEL_ZOO/rdk_model_zoo/.venv/lib/python3.14/site-packages/yaml/composer.py", line 133, in compose_mapping_node
    item_value = self.compose_node(node, item_key)
  File "/Users/Max/Workspace/company/development/RDK_MODEL_ZOO/rdk_model_zoo/.venv/lib/python3.14/site-packages/yaml/composer.py", line 82, in compose_node
    node = self.compose_sequence_node(anchor)
  File "/Users/Max/Workspace/company/development/RDK_MODEL_ZOO/rdk_model_zoo/.venv/lib/python3.14/site-packages/yaml/composer.py", line 111, in compose_sequence_node
    node.value.append(self.compose_node(node, index))
                      ~~~~~~~~~~~~~~~~~^^^^^^^^^^^^^
  File "/Users/Max/Workspace/company/development/RDK_MODEL_ZOO/rdk_model_zoo/.venv/lib/python3.14/site-packages/yaml/composer.py", line 84, in compose_node
    node = self.compose_mapping_node(anchor)
  File "/Users/Max/Workspace/company/development/RDK_MODEL_ZOO/rdk_model_zoo/.venv/lib/python3.14/site-packages/yaml/composer.py", line 127, in compose_mapping_node
    while not self.check_event(MappingEndEvent):
              ~~~~~~~~~~~~~~~~^^^^^^^^^^^^^^^^^
  File "/Users/Max/Workspace/company/development/RDK_MODEL_ZOO/rdk_model_zoo/.venv/lib/python3.14/site-packages/yaml/parser.py", line 98, in check_event
    self.current_event = self.state()
                         ~~~~~~~~~~^^
  File "/Users/Max/Workspace/company/development/RDK_MODEL_ZOO/rdk_model_zoo/.venv/lib/python3.14/site-packages/yaml/parser.py", line 428, in parse_block_mapping_key
    if self.check_token(KeyToken):
       ~~~~~~~~~~~~~~~~^^^^^^^^^^
  File "/Users/Max/Workspace/company/development/RDK_MODEL_ZOO/rdk_model_zoo/.venv/lib/python3.14/site-packages/yaml/scanner.py", line 116, in check_token
    self.fetch_more_tokens()
    ~~~~~~~~~~~~~~~~~~~~~~^^
  File "/Users/Max/Workspace/company/development/RDK_MODEL_ZOO/rdk_model_zoo/.venv/lib/python3.14/site-packages/yaml/scanner.py", line 223, in fetch_more_tokens
    return self.fetch_value()
           ~~~~~~~~~~~~~~~~^^
  File "/Users/Max/Workspace/company/development/RDK_MODEL_ZOO/rdk_model_zoo/.venv/lib/python3.14/site-packages/yaml/scanner.py", line 577, in fetch_value
    raise ScannerError(None, None,
            "mapping values are not allowed here",
            self.get_mark())
yaml.scanner.ScannerError: mapping values are not allowed here
  in "/Users/Max/Workspace/company/development/RDK_MODEL_ZOO/rdk-b7-board-integration/docs/release/s/models.yaml", line 1898, column 65

======================================================================
ERROR: test_all_eight_pair_bindings_are_usable (test_sam_stages.SAMStageTests.test_all_eight_pair_bindings_are_usable) (sample='efficient_sam', target='s600')
----------------------------------------------------------------------
Traceback (most recent call last):
  File "/Users/Max/Workspace/company/development/RDK_MODEL_ZOO/rdk-b7-board-integration/samples/_shared/tests/test_sam_stages.py", line 110, in test_all_eight_pair_bindings_are_usable
    binding = make_binding(sample, target)
  File "/Users/Max/Workspace/company/development/RDK_MODEL_ZOO/rdk-b7-board-integration/samples/_shared/tests/test_sam_stages.py", line 27, in make_binding
    selection = resolve_selection(sample, target)
  File "/Users/Max/Workspace/company/development/RDK_MODEL_ZOO/rdk-b7-board-integration/samples/_shared/sam_binding.py", line 122, in resolve_selection
    assets = list_available_assets(sample, target)
  File "/Users/Max/Workspace/company/development/RDK_MODEL_ZOO/rdk-b7-board-integration/samples/_shared/sam_binding.py", line 102, in list_available_assets
    rows = list_assets(group, sample)
  File "/Users/Max/Workspace/company/development/RDK_MODEL_ZOO/rdk-b7-board-integration/samples/_shared/assets.py", line 52, in list_assets
    models = [row for row in _models(group) if row['id'] == sample_id]
                             ~~~~~~~^^^^^^^
  File "/Users/Max/Workspace/company/development/RDK_MODEL_ZOO/rdk-b7-board-integration/samples/_shared/assets.py", line 44, in _models
    content = yaml.safe_load(handle)
  File "/Users/Max/Workspace/company/development/RDK_MODEL_ZOO/rdk_model_zoo/.venv/lib/python3.14/site-packages/yaml/__init__.py", line 125, in safe_load
    return load(stream, SafeLoader)
  File "/Users/Max/Workspace/company/development/RDK_MODEL_ZOO/rdk_model_zoo/.venv/lib/python3.14/site-packages/yaml/__init__.py", line 81, in load
    return loader.get_single_data()
           ~~~~~~~~~~~~~~~~~~~~~~^^
  File "/Users/Max/Workspace/company/development/RDK_MODEL_ZOO/rdk_model_zoo/.venv/lib/python3.14/site-packages/yaml/constructor.py", line 49, in get_single_data
    node = self.get_single_node()
  File "/Users/Max/Workspace/company/development/RDK_MODEL_ZOO/rdk_model_zoo/.venv/lib/python3.14/site-packages/yaml/composer.py", line 36, in get_single_node
    document = self.compose_document()
  File "/Users/Max/Workspace/company/development/RDK_MODEL_ZOO/rdk_model_zoo/.venv/lib/python3.14/site-packages/yaml/composer.py", line 55, in compose_document
    node = self.compose_node(None, None)
  File "/Users/Max/Workspace/company/development/RDK_MODEL_ZOO/rdk_model_zoo/.venv/lib/python3.14/site-packages/yaml/composer.py", line 84, in compose_node
    node = self.compose_mapping_node(anchor)
  File "/Users/Max/Workspace/company/development/RDK_MODEL_ZOO/rdk_model_zoo/.venv/lib/python3.14/site-packages/yaml/composer.py", line 133, in compose_mapping_node
    item_value = self.compose_node(node, item_key)
  File "/Users/Max/Workspace/company/development/RDK_MODEL_ZOO/rdk_model_zoo/.venv/lib/python3.14/site-packages/yaml/composer.py", line 82, in compose_node
    node = self.compose_sequence_node(anchor)
  File "/Users/Max/Workspace/company/development/RDK_MODEL_ZOO/rdk_model_zoo/.venv/lib/python3.14/site-packages/yaml/composer.py", line 111, in compose_sequence_node
    node.value.append(self.compose_node(node, index))
                      ~~~~~~~~~~~~~~~~~^^^^^^^^^^^^^
  File "/Users/Max/Workspace/company/development/RDK_MODEL_ZOO/rdk_model_zoo/.venv/lib/python3.14/site-packages/yaml/composer.py", line 84, in compose_node
    node = self.compose_mapping_node(anchor)
  File "/Users/Max/Workspace/company/development/RDK_MODEL_ZOO/rdk_model_zoo/.venv/lib/python3.14/site-packages/yaml/composer.py", line 127, in compose_mapping_node
    while not self.check_event(MappingEndEvent):
              ~~~~~~~~~~~~~~~~^^^^^^^^^^^^^^^^^
  File "/Users/Max/Workspace/company/development/RDK_MODEL_ZOO/rdk_model_zoo/.venv/lib/python3.14/site-packages/yaml/parser.py", line 98, in check_event
    self.current_event = self.state()
                         ~~~~~~~~~~^^
  File "/Users/Max/Workspace/company/development/RDK_MODEL_ZOO/rdk_model_zoo/.venv/lib/python3.14/site-packages/yaml/parser.py", line 428, in parse_block_mapping_key
    if self.check_token(KeyToken):
       ~~~~~~~~~~~~~~~~^^^^^^^^^^
  File "/Users/Max/Workspace/company/development/RDK_MODEL_ZOO/rdk_model_zoo/.venv/lib/python3.14/site-packages/yaml/scanner.py", line 116, in check_token
    self.fetch_more_tokens()
    ~~~~~~~~~~~~~~~~~~~~~~^^
  File "/Users/Max/Workspace/company/development/RDK_MODEL_ZOO/rdk_model_zoo/.venv/lib/python3.14/site-packages/yaml/scanner.py", line 223, in fetch_more_tokens
    return self.fetch_value()
           ~~~~~~~~~~~~~~~~^^
  File "/Users/Max/Workspace/company/development/RDK_MODEL_ZOO/rdk_model_zoo/.venv/lib/python3.14/site-packages/yaml/scanner.py", line 577, in fetch_value
    raise ScannerError(None, None,
            "mapping values are not allowed here",
            self.get_mark())
yaml.scanner.ScannerError: mapping values are not allowed here
  in "/Users/Max/Workspace/company/development/RDK_MODEL_ZOO/rdk-b7-board-integration/docs/release/s/models.yaml", line 1898, column 65

======================================================================
ERROR: test_all_eight_pair_bindings_are_usable (test_sam_stages.SAMStageTests.test_all_eight_pair_bindings_are_usable) (sample='mobile_sam', target='s100')
----------------------------------------------------------------------
Traceback (most recent call last):
  File "/Users/Max/Workspace/company/development/RDK_MODEL_ZOO/rdk-b7-board-integration/samples/_shared/tests/test_sam_stages.py", line 110, in test_all_eight_pair_bindings_are_usable
    binding = make_binding(sample, target)
  File "/Users/Max/Workspace/company/development/RDK_MODEL_ZOO/rdk-b7-board-integration/samples/_shared/tests/test_sam_stages.py", line 27, in make_binding
    selection = resolve_selection(sample, target)
  File "/Users/Max/Workspace/company/development/RDK_MODEL_ZOO/rdk-b7-board-integration/samples/_shared/sam_binding.py", line 122, in resolve_selection
    assets = list_available_assets(sample, target)
  File "/Users/Max/Workspace/company/development/RDK_MODEL_ZOO/rdk-b7-board-integration/samples/_shared/sam_binding.py", line 102, in list_available_assets
    rows = list_assets(group, sample)
  File "/Users/Max/Workspace/company/development/RDK_MODEL_ZOO/rdk-b7-board-integration/samples/_shared/assets.py", line 52, in list_assets
    models = [row for row in _models(group) if row['id'] == sample_id]
                             ~~~~~~~^^^^^^^
  File "/Users/Max/Workspace/company/development/RDK_MODEL_ZOO/rdk-b7-board-integration/samples/_shared/assets.py", line 44, in _models
    content = yaml.safe_load(handle)
  File "/Users/Max/Workspace/company/development/RDK_MODEL_ZOO/rdk_model_zoo/.venv/lib/python3.14/site-packages/yaml/__init__.py", line 125, in safe_load
    return load(stream, SafeLoader)
  File "/Users/Max/Workspace/company/development/RDK_MODEL_ZOO/rdk_model_zoo/.venv/lib/python3.14/site-packages/yaml/__init__.py", line 81, in load
    return loader.get_single_data()
           ~~~~~~~~~~~~~~~~~~~~~~^^
  File "/Users/Max/Workspace/company/development/RDK_MODEL_ZOO/rdk_model_zoo/.venv/lib/python3.14/site-packages/yaml/constructor.py", line 49, in get_single_data
    node = self.get_single_node()
  File "/Users/Max/Workspace/company/development/RDK_MODEL_ZOO/rdk_model_zoo/.venv/lib/python3.14/site-packages/yaml/composer.py", line 36, in get_single_node
    document = self.compose_document()
  File "/Users/Max/Workspace/company/development/RDK_MODEL_ZOO/rdk_model_zoo/.venv/lib/python3.14/site-packages/yaml/composer.py", line 55, in compose_document
    node = self.compose_node(None, None)
  File "/Users/Max/Workspace/company/development/RDK_MODEL_ZOO/rdk_model_zoo/.venv/lib/python3.14/site-packages/yaml/composer.py", line 84, in compose_node
    node = self.compose_mapping_node(anchor)
  File "/Users/Max/Workspace/company/development/RDK_MODEL_ZOO/rdk_model_zoo/.venv/lib/python3.14/site-packages/yaml/composer.py", line 133, in compose_mapping_node
    item_value = self.compose_node(node, item_key)
  File "/Users/Max/Workspace/company/development/RDK_MODEL_ZOO/rdk_model_zoo/.venv/lib/python3.14/site-packages/yaml/composer.py", line 82, in compose_node
    node = self.compose_sequence_node(anchor)
  File "/Users/Max/Workspace/company/development/RDK_MODEL_ZOO/rdk_model_zoo/.venv/lib/python3.14/site-packages/yaml/composer.py", line 111, in compose_sequence_node
    node.value.append(self.compose_node(node, index))
                      ~~~~~~~~~~~~~~~~~^^^^^^^^^^^^^
  File "/Users/Max/Workspace/company/development/RDK_MODEL_ZOO/rdk_model_zoo/.venv/lib/python3.14/site-packages/yaml/composer.py", line 84, in compose_node
    node = self.compose_mapping_node(anchor)
  File "/Users/Max/Workspace/company/development/RDK_MODEL_ZOO/rdk_model_zoo/.venv/lib/python3.14/site-packages/yaml/composer.py", line 127, in compose_mapping_node
    while not self.check_event(MappingEndEvent):
              ~~~~~~~~~~~~~~~~^^^^^^^^^^^^^^^^^
  File "/Users/Max/Workspace/company/development/RDK_MODEL_ZOO/rdk_model_zoo/.venv/lib/python3.14/site-packages/yaml/parser.py", line 98, in check_event
    self.current_event = self.state()
                         ~~~~~~~~~~^^
  File "/Users/Max/Workspace/company/development/RDK_MODEL_ZOO/rdk_model_zoo/.venv/lib/python3.14/site-packages/yaml/parser.py", line 428, in parse_block_mapping_key
    if self.check_token(KeyToken):
       ~~~~~~~~~~~~~~~~^^^^^^^^^^
  File "/Users/Max/Workspace/company/development/RDK_MODEL_ZOO/rdk_model_zoo/.venv/lib/python3.14/site-packages/yaml/scanner.py", line 116, in check_token
    self.fetch_more_tokens()
    ~~~~~~~~~~~~~~~~~~~~~~^^
  File "/Users/Max/Workspace/company/development/RDK_MODEL_ZOO/rdk_model_zoo/.venv/lib/python3.14/site-packages/yaml/scanner.py", line 223, in fetch_more_tokens
    return self.fetch_value()
           ~~~~~~~~~~~~~~~~^^
  File "/Users/Max/Workspace/company/development/RDK_MODEL_ZOO/rdk_model_zoo/.venv/lib/python3.14/site-packages/yaml/scanner.py", line 577, in fetch_value
    raise ScannerError(None, None,
            "mapping values are not allowed here",
            self.get_mark())
yaml.scanner.ScannerError: mapping values are not allowed here
  in "/Users/Max/Workspace/company/development/RDK_MODEL_ZOO/rdk-b7-board-integration/docs/release/s/models.yaml", line 1898, column 65

======================================================================
ERROR: test_all_eight_pair_bindings_are_usable (test_sam_stages.SAMStageTests.test_all_eight_pair_bindings_are_usable) (sample='mobile_sam', target='s100p')
----------------------------------------------------------------------
Traceback (most recent call last):
  File "/Users/Max/Workspace/company/development/RDK_MODEL_ZOO/rdk-b7-board-integration/samples/_shared/tests/test_sam_stages.py", line 110, in test_all_eight_pair_bindings_are_usable
    binding = make_binding(sample, target)
  File "/Users/Max/Workspace/company/development/RDK_MODEL_ZOO/rdk-b7-board-integration/samples/_shared/tests/test_sam_stages.py", line 27, in make_binding
    selection = resolve_selection(sample, target)
  File "/Users/Max/Workspace/company/development/RDK_MODEL_ZOO/rdk-b7-board-integration/samples/_shared/sam_binding.py", line 122, in resolve_selection
    assets = list_available_assets(sample, target)
  File "/Users/Max/Workspace/company/development/RDK_MODEL_ZOO/rdk-b7-board-integration/samples/_shared/sam_binding.py", line 102, in list_available_assets
    rows = list_assets(group, sample)
  File "/Users/Max/Workspace/company/development/RDK_MODEL_ZOO/rdk-b7-board-integration/samples/_shared/assets.py", line 52, in list_assets
    models = [row for row in _models(group) if row['id'] == sample_id]
                             ~~~~~~~^^^^^^^
  File "/Users/Max/Workspace/company/development/RDK_MODEL_ZOO/rdk-b7-board-integration/samples/_shared/assets.py", line 44, in _models
    content = yaml.safe_load(handle)
  File "/Users/Max/Workspace/company/development/RDK_MODEL_ZOO/rdk_model_zoo/.venv/lib/python3.14/site-packages/yaml/__init__.py", line 125, in safe_load
    return load(stream, SafeLoader)
  File "/Users/Max/Workspace/company/development/RDK_MODEL_ZOO/rdk_model_zoo/.venv/lib/python3.14/site-packages/yaml/__init__.py", line 81, in load
    return loader.get_single_data()
           ~~~~~~~~~~~~~~~~~~~~~~^^
  File "/Users/Max/Workspace/company/development/RDK_MODEL_ZOO/rdk_model_zoo/.venv/lib/python3.14/site-packages/yaml/constructor.py", line 49, in get_single_data
    node = self.get_single_node()
  File "/Users/Max/Workspace/company/development/RDK_MODEL_ZOO/rdk_model_zoo/.venv/lib/python3.14/site-packages/yaml/composer.py", line 36, in get_single_node
    document = self.compose_document()
  File "/Users/Max/Workspace/company/development/RDK_MODEL_ZOO/rdk_model_zoo/.venv/lib/python3.14/site-packages/yaml/composer.py", line 55, in compose_document
    node = self.compose_node(None, None)
  File "/Users/Max/Workspace/company/development/RDK_MODEL_ZOO/rdk_model_zoo/.venv/lib/python3.14/site-packages/yaml/composer.py", line 84, in compose_node
    node = self.compose_mapping_node(anchor)
  File "/Users/Max/Workspace/company/development/RDK_MODEL_ZOO/rdk_model_zoo/.venv/lib/python3.14/site-packages/yaml/composer.py", line 133, in compose_mapping_node
    item_value = self.compose_node(node, item_key)
  File "/Users/Max/Workspace/company/development/RDK_MODEL_ZOO/rdk_model_zoo/.venv/lib/python3.14/site-packages/yaml/composer.py", line 82, in compose_node
    node = self.compose_sequence_node(anchor)
  File "/Users/Max/Workspace/company/development/RDK_MODEL_ZOO/rdk_model_zoo/.venv/lib/python3.14/site-packages/yaml/composer.py", line 111, in compose_sequence_node
    node.value.append(self.compose_node(node, index))
                      ~~~~~~~~~~~~~~~~~^^^^^^^^^^^^^
  File "/Users/Max/Workspace/company/development/RDK_MODEL_ZOO/rdk_model_zoo/.venv/lib/python3.14/site-packages/yaml/composer.py", line 84, in compose_node
    node = self.compose_mapping_node(anchor)
  File "/Users/Max/Workspace/company/development/RDK_MODEL_ZOO/rdk_model_zoo/.venv/lib/python3.14/site-packages/yaml/composer.py", line 127, in compose_mapping_node
    while not self.check_event(MappingEndEvent):
              ~~~~~~~~~~~~~~~~^^^^^^^^^^^^^^^^^
  File "/Users/Max/Workspace/company/development/RDK_MODEL_ZOO/rdk_model_zoo/.venv/lib/python3.14/site-packages/yaml/parser.py", line 98, in check_event
    self.current_event = self.state()
                         ~~~~~~~~~~^^
  File "/Users/Max/Workspace/company/development/RDK_MODEL_ZOO/rdk_model_zoo/.venv/lib/python3.14/site-packages/yaml/parser.py", line 428, in parse_block_mapping_key
    if self.check_token(KeyToken):
       ~~~~~~~~~~~~~~~~^^^^^^^^^^
  File "/Users/Max/Workspace/company/development/RDK_MODEL_ZOO/rdk_model_zoo/.venv/lib/python3.14/site-packages/yaml/scanner.py", line 116, in check_token
    self.fetch_more_tokens()
    ~~~~~~~~~~~~~~~~~~~~~~^^
  File "/Users/Max/Workspace/company/development/RDK_MODEL_ZOO/rdk_model_zoo/.venv/lib/python3.14/site-packages/yaml/scanner.py", line 223, in fetch_more_tokens
    return self.fetch_value()
           ~~~~~~~~~~~~~~~~^^
  File "/Users/Max/Workspace/company/development/RDK_MODEL_ZOO/rdk_model_zoo/.venv/lib/python3.14/site-packages/yaml/scanner.py", line 577, in fetch_value
    raise ScannerError(None, None,
            "mapping values are not allowed here",
            self.get_mark())
yaml.scanner.ScannerError: mapping values are not allowed here
  in "/Users/Max/Workspace/company/development/RDK_MODEL_ZOO/rdk-b7-board-integration/docs/release/s/models.yaml", line 1898, column 65

======================================================================
ERROR: test_all_eight_pair_bindings_are_usable (test_sam_stages.SAMStageTests.test_all_eight_pair_bindings_are_usable) (sample='mobile_sam', target='s600')
----------------------------------------------------------------------
Traceback (most recent call last):
  File "/Users/Max/Workspace/company/development/RDK_MODEL_ZOO/rdk-b7-board-integration/samples/_shared/tests/test_sam_stages.py", line 110, in test_all_eight_pair_bindings_are_usable
    binding = make_binding(sample, target)
  File "/Users/Max/Workspace/company/development/RDK_MODEL_ZOO/rdk-b7-board-integration/samples/_shared/tests/test_sam_stages.py", line 27, in make_binding
    selection = resolve_selection(sample, target)
  File "/Users/Max/Workspace/company/development/RDK_MODEL_ZOO/rdk-b7-board-integration/samples/_shared/sam_binding.py", line 122, in resolve_selection
    assets = list_available_assets(sample, target)
  File "/Users/Max/Workspace/company/development/RDK_MODEL_ZOO/rdk-b7-board-integration/samples/_shared/sam_binding.py", line 102, in list_available_assets
    rows = list_assets(group, sample)
  File "/Users/Max/Workspace/company/development/RDK_MODEL_ZOO/rdk-b7-board-integration/samples/_shared/assets.py", line 52, in list_assets
    models = [row for row in _models(group) if row['id'] == sample_id]
                             ~~~~~~~^^^^^^^
  File "/Users/Max/Workspace/company/development/RDK_MODEL_ZOO/rdk-b7-board-integration/samples/_shared/assets.py", line 44, in _models
    content = yaml.safe_load(handle)
  File "/Users/Max/Workspace/company/development/RDK_MODEL_ZOO/rdk_model_zoo/.venv/lib/python3.14/site-packages/yaml/__init__.py", line 125, in safe_load
    return load(stream, SafeLoader)
  File "/Users/Max/Workspace/company/development/RDK_MODEL_ZOO/rdk_model_zoo/.venv/lib/python3.14/site-packages/yaml/__init__.py", line 81, in load
    return loader.get_single_data()
           ~~~~~~~~~~~~~~~~~~~~~~^^
  File "/Users/Max/Workspace/company/development/RDK_MODEL_ZOO/rdk_model_zoo/.venv/lib/python3.14/site-packages/yaml/constructor.py", line 49, in get_single_data
    node = self.get_single_node()
  File "/Users/Max/Workspace/company/development/RDK_MODEL_ZOO/rdk_model_zoo/.venv/lib/python3.14/site-packages/yaml/composer.py", line 36, in get_single_node
    document = self.compose_document()
  File "/Users/Max/Workspace/company/development/RDK_MODEL_ZOO/rdk_model_zoo/.venv/lib/python3.14/site-packages/yaml/composer.py", line 55, in compose_document
    node = self.compose_node(None, None)
  File "/Users/Max/Workspace/company/development/RDK_MODEL_ZOO/rdk_model_zoo/.venv/lib/python3.14/site-packages/yaml/composer.py", line 84, in compose_node
    node = self.compose_mapping_node(anchor)
  File "/Users/Max/Workspace/company/development/RDK_MODEL_ZOO/rdk_model_zoo/.venv/lib/python3.14/site-packages/yaml/composer.py", line 133, in compose_mapping_node
    item_value = self.compose_node(node, item_key)
  File "/Users/Max/Workspace/company/development/RDK_MODEL_ZOO/rdk_model_zoo/.venv/lib/python3.14/site-packages/yaml/composer.py", line 82, in compose_node
    node = self.compose_sequence_node(anchor)
  File "/Users/Max/Workspace/company/development/RDK_MODEL_ZOO/rdk_model_zoo/.venv/lib/python3.14/site-packages/yaml/composer.py", line 111, in compose_sequence_node
    node.value.append(self.compose_node(node, index))
                      ~~~~~~~~~~~~~~~~~^^^^^^^^^^^^^
  File "/Users/Max/Workspace/company/development/RDK_MODEL_ZOO/rdk_model_zoo/.venv/lib/python3.14/site-packages/yaml/composer.py", line 84, in compose_node
    node = self.compose_mapping_node(anchor)
  File "/Users/Max/Workspace/company/development/RDK_MODEL_ZOO/rdk_model_zoo/.venv/lib/python3.14/site-packages/yaml/composer.py", line 127, in compose_mapping_node
    while not self.check_event(MappingEndEvent):
              ~~~~~~~~~~~~~~~~^^^^^^^^^^^^^^^^^
  File "/Users/Max/Workspace/company/development/RDK_MODEL_ZOO/rdk_model_zoo/.venv/lib/python3.14/site-packages/yaml/parser.py", line 98, in check_event
    self.current_event = self.state()
                         ~~~~~~~~~~^^
  File "/Users/Max/Workspace/company/development/RDK_MODEL_ZOO/rdk_model_zoo/.venv/lib/python3.14/site-packages/yaml/parser.py", line 428, in parse_block_mapping_key
    if self.check_token(KeyToken):
       ~~~~~~~~~~~~~~~~^^^^^^^^^^
  File "/Users/Max/Workspace/company/development/RDK_MODEL_ZOO/rdk_model_zoo/.venv/lib/python3.14/site-packages/yaml/scanner.py", line 116, in check_token
    self.fetch_more_tokens()
    ~~~~~~~~~~~~~~~~~~~~~~^^
  File "/Users/Max/Workspace/company/development/RDK_MODEL_ZOO/rdk_model_zoo/.venv/lib/python3.14/site-packages/yaml/scanner.py", line 223, in fetch_more_tokens
    return self.fetch_value()
           ~~~~~~~~~~~~~~~~^^
  File "/Users/Max/Workspace/company/development/RDK_MODEL_ZOO/rdk_model_zoo/.venv/lib/python3.14/site-packages/yaml/scanner.py", line 577, in fetch_value
    raise ScannerError(None, None,
            "mapping values are not allowed here",
            self.get_mark())
yaml.scanner.ScannerError: mapping values are not allowed here
  in "/Users/Max/Workspace/company/development/RDK_MODEL_ZOO/rdk-b7-board-integration/docs/release/s/models.yaml", line 1898, column 65

======================================================================
ERROR: test_decoder_box_shape_follows_x5_or_s_metadata (test_sam_stages.SAMStageTests.test_decoder_box_shape_follows_x5_or_s_metadata) (target='s100')
----------------------------------------------------------------------
Traceback (most recent call last):
  File "/Users/Max/Workspace/company/development/RDK_MODEL_ZOO/rdk-b7-board-integration/samples/_shared/tests/test_sam_stages.py", line 175, in test_decoder_box_shape_follows_x5_or_s_metadata
    binding = make_binding("mobile_sam", target)
  File "/Users/Max/Workspace/company/development/RDK_MODEL_ZOO/rdk-b7-board-integration/samples/_shared/tests/test_sam_stages.py", line 27, in make_binding
    selection = resolve_selection(sample, target)
  File "/Users/Max/Workspace/company/development/RDK_MODEL_ZOO/rdk-b7-board-integration/samples/_shared/sam_binding.py", line 122, in resolve_selection
    assets = list_available_assets(sample, target)
  File "/Users/Max/Workspace/company/development/RDK_MODEL_ZOO/rdk-b7-board-integration/samples/_shared/sam_binding.py", line 102, in list_available_assets
    rows = list_assets(group, sample)
  File "/Users/Max/Workspace/company/development/RDK_MODEL_ZOO/rdk-b7-board-integration/samples/_shared/assets.py", line 52, in list_assets
    models = [row for row in _models(group) if row['id'] == sample_id]
                             ~~~~~~~^^^^^^^
  File "/Users/Max/Workspace/company/development/RDK_MODEL_ZOO/rdk-b7-board-integration/samples/_shared/assets.py", line 44, in _models
    content = yaml.safe_load(handle)
  File "/Users/Max/Workspace/company/development/RDK_MODEL_ZOO/rdk_model_zoo/.venv/lib/python3.14/site-packages/yaml/__init__.py", line 125, in safe_load
    return load(stream, SafeLoader)
  File "/Users/Max/Workspace/company/development/RDK_MODEL_ZOO/rdk_model_zoo/.venv/lib/python3.14/site-packages/yaml/__init__.py", line 81, in load
    return loader.get_single_data()
           ~~~~~~~~~~~~~~~~~~~~~~^^
  File "/Users/Max/Workspace/company/development/RDK_MODEL_ZOO/rdk_model_zoo/.venv/lib/python3.14/site-packages/yaml/constructor.py", line 49, in get_single_data
    node = self.get_single_node()
  File "/Users/Max/Workspace/company/development/RDK_MODEL_ZOO/rdk_model_zoo/.venv/lib/python3.14/site-packages/yaml/composer.py", line 36, in get_single_node
    document = self.compose_document()
  File "/Users/Max/Workspace/company/development/RDK_MODEL_ZOO/rdk_model_zoo/.venv/lib/python3.14/site-packages/yaml/composer.py", line 55, in compose_document
    node = self.compose_node(None, None)
  File "/Users/Max/Workspace/company/development/RDK_MODEL_ZOO/rdk_model_zoo/.venv/lib/python3.14/site-packages/yaml/composer.py", line 84, in compose_node
    node = self.compose_mapping_node(anchor)
  File "/Users/Max/Workspace/company/development/RDK_MODEL_ZOO/rdk_model_zoo/.venv/lib/python3.14/site-packages/yaml/composer.py", line 133, in compose_mapping_node
    item_value = self.compose_node(node, item_key)
  File "/Users/Max/Workspace/company/development/RDK_MODEL_ZOO/rdk_model_zoo/.venv/lib/python3.14/site-packages/yaml/composer.py", line 82, in compose_node
    node = self.compose_sequence_node(anchor)
  File "/Users/Max/Workspace/company/development/RDK_MODEL_ZOO/rdk_model_zoo/.venv/lib/python3.14/site-packages/yaml/composer.py", line 111, in compose_sequence_node
    node.value.append(self.compose_node(node, index))
                      ~~~~~~~~~~~~~~~~~^^^^^^^^^^^^^
  File "/Users/Max/Workspace/company/development/RDK_MODEL_ZOO/rdk_model_zoo/.venv/lib/python3.14/site-packages/yaml/composer.py", line 84, in compose_node
    node = self.compose_mapping_node(anchor)
  File "/Users/Max/Workspace/company/development/RDK_MODEL_ZOO/rdk_model_zoo/.venv/lib/python3.14/site-packages/yaml/composer.py", line 127, in compose_mapping_node
    while not self.check_event(MappingEndEvent):
              ~~~~~~~~~~~~~~~~^^^^^^^^^^^^^^^^^
  File "/Users/Max/Workspace/company/development/RDK_MODEL_ZOO/rdk_model_zoo/.venv/lib/python3.14/site-packages/yaml/parser.py", line 98, in check_event
    self.current_event = self.state()
                         ~~~~~~~~~~^^
  File "/Users/Max/Workspace/company/development/RDK_MODEL_ZOO/rdk_model_zoo/.venv/lib/python3.14/site-packages/yaml/parser.py", line 428, in parse_block_mapping_key
    if self.check_token(KeyToken):
       ~~~~~~~~~~~~~~~~^^^^^^^^^^
  File "/Users/Max/Workspace/company/development/RDK_MODEL_ZOO/rdk_model_zoo/.venv/lib/python3.14/site-packages/yaml/scanner.py", line 116, in check_token
    self.fetch_more_tokens()
    ~~~~~~~~~~~~~~~~~~~~~~^^
  File "/Users/Max/Workspace/company/development/RDK_MODEL_ZOO/rdk_model_zoo/.venv/lib/python3.14/site-packages/yaml/scanner.py", line 223, in fetch_more_tokens
    return self.fetch_value()
           ~~~~~~~~~~~~~~~~^^
  File "/Users/Max/Workspace/company/development/RDK_MODEL_ZOO/rdk_model_zoo/.venv/lib/python3.14/site-packages/yaml/scanner.py", line 577, in fetch_value
    raise ScannerError(None, None,
            "mapping values are not allowed here",
            self.get_mark())
yaml.scanner.ScannerError: mapping values are not allowed here
  in "/Users/Max/Workspace/company/development/RDK_MODEL_ZOO/rdk-b7-board-integration/docs/release/s/models.yaml", line 1898, column 65

======================================================================
ERROR: test_efficient_decoder_rejects_unsupported_runtime_box (test_sam_stages.SAMStageTests.test_efficient_decoder_rejects_unsupported_runtime_box) (target='s100')
----------------------------------------------------------------------
Traceback (most recent call last):
  File "/Users/Max/Workspace/company/development/RDK_MODEL_ZOO/rdk-b7-board-integration/samples/_shared/tests/test_sam_stages.py", line 165, in test_efficient_decoder_rejects_unsupported_runtime_box
    binding = make_binding("efficient_sam", target)
  File "/Users/Max/Workspace/company/development/RDK_MODEL_ZOO/rdk-b7-board-integration/samples/_shared/tests/test_sam_stages.py", line 27, in make_binding
    selection = resolve_selection(sample, target)
  File "/Users/Max/Workspace/company/development/RDK_MODEL_ZOO/rdk-b7-board-integration/samples/_shared/sam_binding.py", line 122, in resolve_selection
    assets = list_available_assets(sample, target)
  File "/Users/Max/Workspace/company/development/RDK_MODEL_ZOO/rdk-b7-board-integration/samples/_shared/sam_binding.py", line 102, in list_available_assets
    rows = list_assets(group, sample)
  File "/Users/Max/Workspace/company/development/RDK_MODEL_ZOO/rdk-b7-board-integration/samples/_shared/assets.py", line 52, in list_assets
    models = [row for row in _models(group) if row['id'] == sample_id]
                             ~~~~~~~^^^^^^^
  File "/Users/Max/Workspace/company/development/RDK_MODEL_ZOO/rdk-b7-board-integration/samples/_shared/assets.py", line 44, in _models
    content = yaml.safe_load(handle)
  File "/Users/Max/Workspace/company/development/RDK_MODEL_ZOO/rdk_model_zoo/.venv/lib/python3.14/site-packages/yaml/__init__.py", line 125, in safe_load
    return load(stream, SafeLoader)
  File "/Users/Max/Workspace/company/development/RDK_MODEL_ZOO/rdk_model_zoo/.venv/lib/python3.14/site-packages/yaml/__init__.py", line 81, in load
    return loader.get_single_data()
           ~~~~~~~~~~~~~~~~~~~~~~^^
  File "/Users/Max/Workspace/company/development/RDK_MODEL_ZOO/rdk_model_zoo/.venv/lib/python3.14/site-packages/yaml/constructor.py", line 49, in get_single_data
    node = self.get_single_node()
  File "/Users/Max/Workspace/company/development/RDK_MODEL_ZOO/rdk_model_zoo/.venv/lib/python3.14/site-packages/yaml/composer.py", line 36, in get_single_node
    document = self.compose_document()
  File "/Users/Max/Workspace/company/development/RDK_MODEL_ZOO/rdk_model_zoo/.venv/lib/python3.14/site-packages/yaml/composer.py", line 55, in compose_document
    node = self.compose_node(None, None)
  File "/Users/Max/Workspace/company/development/RDK_MODEL_ZOO/rdk_model_zoo/.venv/lib/python3.14/site-packages/yaml/composer.py", line 84, in compose_node
    node = self.compose_mapping_node(anchor)
  File "/Users/Max/Workspace/company/development/RDK_MODEL_ZOO/rdk_model_zoo/.venv/lib/python3.14/site-packages/yaml/composer.py", line 133, in compose_mapping_node
    item_value = self.compose_node(node, item_key)
  File "/Users/Max/Workspace/company/development/RDK_MODEL_ZOO/rdk_model_zoo/.venv/lib/python3.14/site-packages/yaml/composer.py", line 82, in compose_node
    node = self.compose_sequence_node(anchor)
  File "/Users/Max/Workspace/company/development/RDK_MODEL_ZOO/rdk_model_zoo/.venv/lib/python3.14/site-packages/yaml/composer.py", line 111, in compose_sequence_node
    node.value.append(self.compose_node(node, index))
                      ~~~~~~~~~~~~~~~~~^^^^^^^^^^^^^
  File "/Users/Max/Workspace/company/development/RDK_MODEL_ZOO/rdk_model_zoo/.venv/lib/python3.14/site-packages/yaml/composer.py", line 84, in compose_node
    node = self.compose_mapping_node(anchor)
  File "/Users/Max/Workspace/company/development/RDK_MODEL_ZOO/rdk_model_zoo/.venv/lib/python3.14/site-packages/yaml/composer.py", line 127, in compose_mapping_node
    while not self.check_event(MappingEndEvent):
              ~~~~~~~~~~~~~~~~^^^^^^^^^^^^^^^^^
  File "/Users/Max/Workspace/company/development/RDK_MODEL_ZOO/rdk_model_zoo/.venv/lib/python3.14/site-packages/yaml/parser.py", line 98, in check_event
    self.current_event = self.state()
                         ~~~~~~~~~~^^
  File "/Users/Max/Workspace/company/development/RDK_MODEL_ZOO/rdk_model_zoo/.venv/lib/python3.14/site-packages/yaml/parser.py", line 428, in parse_block_mapping_key
    if self.check_token(KeyToken):
       ~~~~~~~~~~~~~~~~^^^^^^^^^^
  File "/Users/Max/Workspace/company/development/RDK_MODEL_ZOO/rdk_model_zoo/.venv/lib/python3.14/site-packages/yaml/scanner.py", line 116, in check_token
    self.fetch_more_tokens()
    ~~~~~~~~~~~~~~~~~~~~~~^^
  File "/Users/Max/Workspace/company/development/RDK_MODEL_ZOO/rdk_model_zoo/.venv/lib/python3.14/site-packages/yaml/scanner.py", line 223, in fetch_more_tokens
    return self.fetch_value()
           ~~~~~~~~~~~~~~~~^^
  File "/Users/Max/Workspace/company/development/RDK_MODEL_ZOO/rdk_model_zoo/.venv/lib/python3.14/site-packages/yaml/scanner.py", line 577, in fetch_value
    raise ScannerError(None, None,
            "mapping values are not allowed here",
            self.get_mark())
yaml.scanner.ScannerError: mapping values are not allowed here
  in "/Users/Max/Workspace/company/development/RDK_MODEL_ZOO/rdk-b7-board-integration/docs/release/s/models.yaml", line 1898, column 65

======================================================================
ERROR: test_efficient_decoder_rejects_unsupported_runtime_box (test_sam_stages.SAMStageTests.test_efficient_decoder_rejects_unsupported_runtime_box) (target='s100p')
----------------------------------------------------------------------
Traceback (most recent call last):
  File "/Users/Max/Workspace/company/development/RDK_MODEL_ZOO/rdk-b7-board-integration/samples/_shared/tests/test_sam_stages.py", line 165, in test_efficient_decoder_rejects_unsupported_runtime_box
    binding = make_binding("efficient_sam", target)
  File "/Users/Max/Workspace/company/development/RDK_MODEL_ZOO/rdk-b7-board-integration/samples/_shared/tests/test_sam_stages.py", line 27, in make_binding
    selection = resolve_selection(sample, target)
  File "/Users/Max/Workspace/company/development/RDK_MODEL_ZOO/rdk-b7-board-integration/samples/_shared/sam_binding.py", line 122, in resolve_selection
    assets = list_available_assets(sample, target)
  File "/Users/Max/Workspace/company/development/RDK_MODEL_ZOO/rdk-b7-board-integration/samples/_shared/sam_binding.py", line 102, in list_available_assets
    rows = list_assets(group, sample)
  File "/Users/Max/Workspace/company/development/RDK_MODEL_ZOO/rdk-b7-board-integration/samples/_shared/assets.py", line 52, in list_assets
    models = [row for row in _models(group) if row['id'] == sample_id]
                             ~~~~~~~^^^^^^^
  File "/Users/Max/Workspace/company/development/RDK_MODEL_ZOO/rdk-b7-board-integration/samples/_shared/assets.py", line 44, in _models
    content = yaml.safe_load(handle)
  File "/Users/Max/Workspace/company/development/RDK_MODEL_ZOO/rdk_model_zoo/.venv/lib/python3.14/site-packages/yaml/__init__.py", line 125, in safe_load
    return load(stream, SafeLoader)
  File "/Users/Max/Workspace/company/development/RDK_MODEL_ZOO/rdk_model_zoo/.venv/lib/python3.14/site-packages/yaml/__init__.py", line 81, in load
    return loader.get_single_data()
           ~~~~~~~~~~~~~~~~~~~~~~^^
  File "/Users/Max/Workspace/company/development/RDK_MODEL_ZOO/rdk_model_zoo/.venv/lib/python3.14/site-packages/yaml/constructor.py", line 49, in get_single_data
    node = self.get_single_node()
  File "/Users/Max/Workspace/company/development/RDK_MODEL_ZOO/rdk_model_zoo/.venv/lib/python3.14/site-packages/yaml/composer.py", line 36, in get_single_node
    document = self.compose_document()
  File "/Users/Max/Workspace/company/development/RDK_MODEL_ZOO/rdk_model_zoo/.venv/lib/python3.14/site-packages/yaml/composer.py", line 55, in compose_document
    node = self.compose_node(None, None)
  File "/Users/Max/Workspace/company/development/RDK_MODEL_ZOO/rdk_model_zoo/.venv/lib/python3.14/site-packages/yaml/composer.py", line 84, in compose_node
    node = self.compose_mapping_node(anchor)
  File "/Users/Max/Workspace/company/development/RDK_MODEL_ZOO/rdk_model_zoo/.venv/lib/python3.14/site-packages/yaml/composer.py", line 133, in compose_mapping_node
    item_value = self.compose_node(node, item_key)
  File "/Users/Max/Workspace/company/development/RDK_MODEL_ZOO/rdk_model_zoo/.venv/lib/python3.14/site-packages/yaml/composer.py", line 82, in compose_node
    node = self.compose_sequence_node(anchor)
  File "/Users/Max/Workspace/company/development/RDK_MODEL_ZOO/rdk_model_zoo/.venv/lib/python3.14/site-packages/yaml/composer.py", line 111, in compose_sequence_node
    node.value.append(self.compose_node(node, index))
                      ~~~~~~~~~~~~~~~~~^^^^^^^^^^^^^
  File "/Users/Max/Workspace/company/development/RDK_MODEL_ZOO/rdk_model_zoo/.venv/lib/python3.14/site-packages/yaml/composer.py", line 84, in compose_node
    node = self.compose_mapping_node(anchor)
  File "/Users/Max/Workspace/company/development/RDK_MODEL_ZOO/rdk_model_zoo/.venv/lib/python3.14/site-packages/yaml/composer.py", line 127, in compose_mapping_node
    while not self.check_event(MappingEndEvent):
              ~~~~~~~~~~~~~~~~^^^^^^^^^^^^^^^^^
  File "/Users/Max/Workspace/company/development/RDK_MODEL_ZOO/rdk_model_zoo/.venv/lib/python3.14/site-packages/yaml/parser.py", line 98, in check_event
    self.current_event = self.state()
                         ~~~~~~~~~~^^
  File "/Users/Max/Workspace/company/development/RDK_MODEL_ZOO/rdk_model_zoo/.venv/lib/python3.14/site-packages/yaml/parser.py", line 428, in parse_block_mapping_key
    if self.check_token(KeyToken):
       ~~~~~~~~~~~~~~~~^^^^^^^^^^
  File "/Users/Max/Workspace/company/development/RDK_MODEL_ZOO/rdk_model_zoo/.venv/lib/python3.14/site-packages/yaml/scanner.py", line 116, in check_token
    self.fetch_more_tokens()
    ~~~~~~~~~~~~~~~~~~~~~~^^
  File "/Users/Max/Workspace/company/development/RDK_MODEL_ZOO/rdk_model_zoo/.venv/lib/python3.14/site-packages/yaml/scanner.py", line 223, in fetch_more_tokens
    return self.fetch_value()
           ~~~~~~~~~~~~~~~~^^
  File "/Users/Max/Workspace/company/development/RDK_MODEL_ZOO/rdk_model_zoo/.venv/lib/python3.14/site-packages/yaml/scanner.py", line 577, in fetch_value
    raise ScannerError(None, None,
            "mapping values are not allowed here",
            self.get_mark())
yaml.scanner.ScannerError: mapping values are not allowed here
  in "/Users/Max/Workspace/company/development/RDK_MODEL_ZOO/rdk-b7-board-integration/docs/release/s/models.yaml", line 1898, column 65

======================================================================
ERROR: test_efficient_decoder_rejects_unsupported_runtime_box (test_sam_stages.SAMStageTests.test_efficient_decoder_rejects_unsupported_runtime_box) (target='s600')
----------------------------------------------------------------------
Traceback (most recent call last):
  File "/Users/Max/Workspace/company/development/RDK_MODEL_ZOO/rdk-b7-board-integration/samples/_shared/tests/test_sam_stages.py", line 165, in test_efficient_decoder_rejects_unsupported_runtime_box
    binding = make_binding("efficient_sam", target)
  File "/Users/Max/Workspace/company/development/RDK_MODEL_ZOO/rdk-b7-board-integration/samples/_shared/tests/test_sam_stages.py", line 27, in make_binding
    selection = resolve_selection(sample, target)
  File "/Users/Max/Workspace/company/development/RDK_MODEL_ZOO/rdk-b7-board-integration/samples/_shared/sam_binding.py", line 122, in resolve_selection
    assets = list_available_assets(sample, target)
  File "/Users/Max/Workspace/company/development/RDK_MODEL_ZOO/rdk-b7-board-integration/samples/_shared/sam_binding.py", line 102, in list_available_assets
    rows = list_assets(group, sample)
  File "/Users/Max/Workspace/company/development/RDK_MODEL_ZOO/rdk-b7-board-integration/samples/_shared/assets.py", line 52, in list_assets
    models = [row for row in _models(group) if row['id'] == sample_id]
                             ~~~~~~~^^^^^^^
  File "/Users/Max/Workspace/company/development/RDK_MODEL_ZOO/rdk-b7-board-integration/samples/_shared/assets.py", line 44, in _models
    content = yaml.safe_load(handle)
  File "/Users/Max/Workspace/company/development/RDK_MODEL_ZOO/rdk_model_zoo/.venv/lib/python3.14/site-packages/yaml/__init__.py", line 125, in safe_load
    return load(stream, SafeLoader)
  File "/Users/Max/Workspace/company/development/RDK_MODEL_ZOO/rdk_model_zoo/.venv/lib/python3.14/site-packages/yaml/__init__.py", line 81, in load
    return loader.get_single_data()
           ~~~~~~~~~~~~~~~~~~~~~~^^
  File "/Users/Max/Workspace/company/development/RDK_MODEL_ZOO/rdk_model_zoo/.venv/lib/python3.14/site-packages/yaml/constructor.py", line 49, in get_single_data
    node = self.get_single_node()
  File "/Users/Max/Workspace/company/development/RDK_MODEL_ZOO/rdk_model_zoo/.venv/lib/python3.14/site-packages/yaml/composer.py", line 36, in get_single_node
    document = self.compose_document()
  File "/Users/Max/Workspace/company/development/RDK_MODEL_ZOO/rdk_model_zoo/.venv/lib/python3.14/site-packages/yaml/composer.py", line 55, in compose_document
    node = self.compose_node(None, None)
  File "/Users/Max/Workspace/company/development/RDK_MODEL_ZOO/rdk_model_zoo/.venv/lib/python3.14/site-packages/yaml/composer.py", line 84, in compose_node
    node = self.compose_mapping_node(anchor)
  File "/Users/Max/Workspace/company/development/RDK_MODEL_ZOO/rdk_model_zoo/.venv/lib/python3.14/site-packages/yaml/composer.py", line 133, in compose_mapping_node
    item_value = self.compose_node(node, item_key)
  File "/Users/Max/Workspace/company/development/RDK_MODEL_ZOO/rdk_model_zoo/.venv/lib/python3.14/site-packages/yaml/composer.py", line 82, in compose_node
    node = self.compose_sequence_node(anchor)
  File "/Users/Max/Workspace/company/development/RDK_MODEL_ZOO/rdk_model_zoo/.venv/lib/python3.14/site-packages/yaml/composer.py", line 111, in compose_sequence_node
    node.value.append(self.compose_node(node, index))
                      ~~~~~~~~~~~~~~~~~^^^^^^^^^^^^^
  File "/Users/Max/Workspace/company/development/RDK_MODEL_ZOO/rdk_model_zoo/.venv/lib/python3.14/site-packages/yaml/composer.py", line 84, in compose_node
    node = self.compose_mapping_node(anchor)
  File "/Users/Max/Workspace/company/development/RDK_MODEL_ZOO/rdk_model_zoo/.venv/lib/python3.14/site-packages/yaml/composer.py", line 127, in compose_mapping_node
    while not self.check_event(MappingEndEvent):
              ~~~~~~~~~~~~~~~~^^^^^^^^^^^^^^^^^
  File "/Users/Max/Workspace/company/development/RDK_MODEL_ZOO/rdk_model_zoo/.venv/lib/python3.14/site-packages/yaml/parser.py", line 98, in check_event
    self.current_event = self.state()
                         ~~~~~~~~~~^^
  File "/Users/Max/Workspace/company/development/RDK_MODEL_ZOO/rdk_model_zoo/.venv/lib/python3.14/site-packages/yaml/parser.py", line 428, in parse_block_mapping_key
    if self.check_token(KeyToken):
       ~~~~~~~~~~~~~~~~^^^^^^^^^^
  File "/Users/Max/Workspace/company/development/RDK_MODEL_ZOO/rdk_model_zoo/.venv/lib/python3.14/site-packages/yaml/scanner.py", line 116, in check_token
    self.fetch_more_tokens()
    ~~~~~~~~~~~~~~~~~~~~~~^^
  File "/Users/Max/Workspace/company/development/RDK_MODEL_ZOO/rdk_model_zoo/.venv/lib/python3.14/site-packages/yaml/scanner.py", line 223, in fetch_more_tokens
    return self.fetch_value()
           ~~~~~~~~~~~~~~~~^^
  File "/Users/Max/Workspace/company/development/RDK_MODEL_ZOO/rdk_model_zoo/.venv/lib/python3.14/site-packages/yaml/scanner.py", line 577, in fetch_value
    raise ScannerError(None, None,
            "mapping values are not allowed here",
            self.get_mark())
yaml.scanner.ScannerError: mapping values are not allowed here
  in "/Users/Max/Workspace/company/development/RDK_MODEL_ZOO/rdk-b7-board-integration/docs/release/s/models.yaml", line 1898, column 65

======================================================================
ERROR: test_encoder_post_casts_owned_and_keeps_raw_identity (test_sam_stages.SAMStageTests.test_encoder_post_casts_owned_and_keeps_raw_identity)
----------------------------------------------------------------------
Traceback (most recent call last):
  File "/Users/Max/Workspace/company/development/RDK_MODEL_ZOO/rdk-b7-board-integration/samples/_shared/tests/test_sam_stages.py", line 153, in test_encoder_post_casts_owned_and_keeps_raw_identity
    binding = make_binding("efficient_sam", output_dtype="float16")
  File "/Users/Max/Workspace/company/development/RDK_MODEL_ZOO/rdk-b7-board-integration/samples/_shared/tests/test_sam_stages.py", line 27, in make_binding
    selection = resolve_selection(sample, target)
  File "/Users/Max/Workspace/company/development/RDK_MODEL_ZOO/rdk-b7-board-integration/samples/_shared/sam_binding.py", line 122, in resolve_selection
    assets = list_available_assets(sample, target)
  File "/Users/Max/Workspace/company/development/RDK_MODEL_ZOO/rdk-b7-board-integration/samples/_shared/sam_binding.py", line 102, in list_available_assets
    rows = list_assets(group, sample)
  File "/Users/Max/Workspace/company/development/RDK_MODEL_ZOO/rdk-b7-board-integration/samples/_shared/assets.py", line 52, in list_assets
    models = [row for row in _models(group) if row['id'] == sample_id]
                             ~~~~~~~^^^^^^^
  File "/Users/Max/Workspace/company/development/RDK_MODEL_ZOO/rdk-b7-board-integration/samples/_shared/assets.py", line 44, in _models
    content = yaml.safe_load(handle)
  File "/Users/Max/Workspace/company/development/RDK_MODEL_ZOO/rdk_model_zoo/.venv/lib/python3.14/site-packages/yaml/__init__.py", line 125, in safe_load
    return load(stream, SafeLoader)
  File "/Users/Max/Workspace/company/development/RDK_MODEL_ZOO/rdk_model_zoo/.venv/lib/python3.14/site-packages/yaml/__init__.py", line 81, in load
    return loader.get_single_data()
           ~~~~~~~~~~~~~~~~~~~~~~^^
  File "/Users/Max/Workspace/company/development/RDK_MODEL_ZOO/rdk_model_zoo/.venv/lib/python3.14/site-packages/yaml/constructor.py", line 49, in get_single_data
    node = self.get_single_node()
  File "/Users/Max/Workspace/company/development/RDK_MODEL_ZOO/rdk_model_zoo/.venv/lib/python3.14/site-packages/yaml/composer.py", line 36, in get_single_node
    document = self.compose_document()
  File "/Users/Max/Workspace/company/development/RDK_MODEL_ZOO/rdk_model_zoo/.venv/lib/python3.14/site-packages/yaml/composer.py", line 55, in compose_document
    node = self.compose_node(None, None)
  File "/Users/Max/Workspace/company/development/RDK_MODEL_ZOO/rdk_model_zoo/.venv/lib/python3.14/site-packages/yaml/composer.py", line 84, in compose_node
    node = self.compose_mapping_node(anchor)
  File "/Users/Max/Workspace/company/development/RDK_MODEL_ZOO/rdk_model_zoo/.venv/lib/python3.14/site-packages/yaml/composer.py", line 133, in compose_mapping_node
    item_value = self.compose_node(node, item_key)
  File "/Users/Max/Workspace/company/development/RDK_MODEL_ZOO/rdk_model_zoo/.venv/lib/python3.14/site-packages/yaml/composer.py", line 82, in compose_node
    node = self.compose_sequence_node(anchor)
  File "/Users/Max/Workspace/company/development/RDK_MODEL_ZOO/rdk_model_zoo/.venv/lib/python3.14/site-packages/yaml/composer.py", line 111, in compose_sequence_node
    node.value.append(self.compose_node(node, index))
                      ~~~~~~~~~~~~~~~~~^^^^^^^^^^^^^
  File "/Users/Max/Workspace/company/development/RDK_MODEL_ZOO/rdk_model_zoo/.venv/lib/python3.14/site-packages/yaml/composer.py", line 84, in compose_node
    node = self.compose_mapping_node(anchor)
  File "/Users/Max/Workspace/company/development/RDK_MODEL_ZOO/rdk_model_zoo/.venv/lib/python3.14/site-packages/yaml/composer.py", line 127, in compose_mapping_node
    while not self.check_event(MappingEndEvent):
              ~~~~~~~~~~~~~~~~^^^^^^^^^^^^^^^^^
  File "/Users/Max/Workspace/company/development/RDK_MODEL_ZOO/rdk_model_zoo/.venv/lib/python3.14/site-packages/yaml/parser.py", line 98, in check_event
    self.current_event = self.state()
                         ~~~~~~~~~~^^
  File "/Users/Max/Workspace/company/development/RDK_MODEL_ZOO/rdk_model_zoo/.venv/lib/python3.14/site-packages/yaml/parser.py", line 428, in parse_block_mapping_key
    if self.check_token(KeyToken):
       ~~~~~~~~~~~~~~~~^^^^^^^^^^
  File "/Users/Max/Workspace/company/development/RDK_MODEL_ZOO/rdk_model_zoo/.venv/lib/python3.14/site-packages/yaml/scanner.py", line 116, in check_token
    self.fetch_more_tokens()
    ~~~~~~~~~~~~~~~~~~~~~~^^
  File "/Users/Max/Workspace/company/development/RDK_MODEL_ZOO/rdk_model_zoo/.venv/lib/python3.14/site-packages/yaml/scanner.py", line 223, in fetch_more_tokens
    return self.fetch_value()
           ~~~~~~~~~~~~~~~~^^
  File "/Users/Max/Workspace/company/development/RDK_MODEL_ZOO/rdk_model_zoo/.venv/lib/python3.14/site-packages/yaml/scanner.py", line 577, in fetch_value
    raise ScannerError(None, None,
            "mapping values are not allowed here",
            self.get_mark())
yaml.scanner.ScannerError: mapping values are not allowed here
  in "/Users/Max/Workspace/company/development/RDK_MODEL_ZOO/rdk-b7-board-integration/docs/release/s/models.yaml", line 1898, column 65

======================================================================
ERROR: test_explicit_stage_chain_equals_predict_for_a_b_a_contexts (test_sam_stages.SAMStageTests.test_explicit_stage_chain_equals_predict_for_a_b_a_contexts)
----------------------------------------------------------------------
Traceback (most recent call last):
  File "/Users/Max/Workspace/company/development/RDK_MODEL_ZOO/rdk-b7-board-integration/samples/_shared/tests/test_sam_stages.py", line 203, in test_explicit_stage_chain_equals_predict_for_a_b_a_contexts
    binding = make_binding("mobile_sam", "s100", output_dtype="float16")
  File "/Users/Max/Workspace/company/development/RDK_MODEL_ZOO/rdk-b7-board-integration/samples/_shared/tests/test_sam_stages.py", line 27, in make_binding
    selection = resolve_selection(sample, target)
  File "/Users/Max/Workspace/company/development/RDK_MODEL_ZOO/rdk-b7-board-integration/samples/_shared/sam_binding.py", line 122, in resolve_selection
    assets = list_available_assets(sample, target)
  File "/Users/Max/Workspace/company/development/RDK_MODEL_ZOO/rdk-b7-board-integration/samples/_shared/sam_binding.py", line 102, in list_available_assets
    rows = list_assets(group, sample)
  File "/Users/Max/Workspace/company/development/RDK_MODEL_ZOO/rdk-b7-board-integration/samples/_shared/assets.py", line 52, in list_assets
    models = [row for row in _models(group) if row['id'] == sample_id]
                             ~~~~~~~^^^^^^^
  File "/Users/Max/Workspace/company/development/RDK_MODEL_ZOO/rdk-b7-board-integration/samples/_shared/assets.py", line 44, in _models
    content = yaml.safe_load(handle)
  File "/Users/Max/Workspace/company/development/RDK_MODEL_ZOO/rdk_model_zoo/.venv/lib/python3.14/site-packages/yaml/__init__.py", line 125, in safe_load
    return load(stream, SafeLoader)
  File "/Users/Max/Workspace/company/development/RDK_MODEL_ZOO/rdk_model_zoo/.venv/lib/python3.14/site-packages/yaml/__init__.py", line 81, in load
    return loader.get_single_data()
           ~~~~~~~~~~~~~~~~~~~~~~^^
  File "/Users/Max/Workspace/company/development/RDK_MODEL_ZOO/rdk_model_zoo/.venv/lib/python3.14/site-packages/yaml/constructor.py", line 49, in get_single_data
    node = self.get_single_node()
  File "/Users/Max/Workspace/company/development/RDK_MODEL_ZOO/rdk_model_zoo/.venv/lib/python3.14/site-packages/yaml/composer.py", line 36, in get_single_node
    document = self.compose_document()
  File "/Users/Max/Workspace/company/development/RDK_MODEL_ZOO/rdk_model_zoo/.venv/lib/python3.14/site-packages/yaml/composer.py", line 55, in compose_document
    node = self.compose_node(None, None)
  File "/Users/Max/Workspace/company/development/RDK_MODEL_ZOO/rdk_model_zoo/.venv/lib/python3.14/site-packages/yaml/composer.py", line 84, in compose_node
    node = self.compose_mapping_node(anchor)
  File "/Users/Max/Workspace/company/development/RDK_MODEL_ZOO/rdk_model_zoo/.venv/lib/python3.14/site-packages/yaml/composer.py", line 133, in compose_mapping_node
    item_value = self.compose_node(node, item_key)
  File "/Users/Max/Workspace/company/development/RDK_MODEL_ZOO/rdk_model_zoo/.venv/lib/python3.14/site-packages/yaml/composer.py", line 82, in compose_node
    node = self.compose_sequence_node(anchor)
  File "/Users/Max/Workspace/company/development/RDK_MODEL_ZOO/rdk_model_zoo/.venv/lib/python3.14/site-packages/yaml/composer.py", line 111, in compose_sequence_node
    node.value.append(self.compose_node(node, index))
                      ~~~~~~~~~~~~~~~~~^^^^^^^^^^^^^
  File "/Users/Max/Workspace/company/development/RDK_MODEL_ZOO/rdk_model_zoo/.venv/lib/python3.14/site-packages/yaml/composer.py", line 84, in compose_node
    node = self.compose_mapping_node(anchor)
  File "/Users/Max/Workspace/company/development/RDK_MODEL_ZOO/rdk_model_zoo/.venv/lib/python3.14/site-packages/yaml/composer.py", line 127, in compose_mapping_node
    while not self.check_event(MappingEndEvent):
              ~~~~~~~~~~~~~~~~^^^^^^^^^^^^^^^^^
  File "/Users/Max/Workspace/company/development/RDK_MODEL_ZOO/rdk_model_zoo/.venv/lib/python3.14/site-packages/yaml/parser.py", line 98, in check_event
    self.current_event = self.state()
                         ~~~~~~~~~~^^
  File "/Users/Max/Workspace/company/development/RDK_MODEL_ZOO/rdk_model_zoo/.venv/lib/python3.14/site-packages/yaml/parser.py", line 428, in parse_block_mapping_key
    if self.check_token(KeyToken):
       ~~~~~~~~~~~~~~~~^^^^^^^^^^
  File "/Users/Max/Workspace/company/development/RDK_MODEL_ZOO/rdk_model_zoo/.venv/lib/python3.14/site-packages/yaml/scanner.py", line 116, in check_token
    self.fetch_more_tokens()
    ~~~~~~~~~~~~~~~~~~~~~~^^
  File "/Users/Max/Workspace/company/development/RDK_MODEL_ZOO/rdk_model_zoo/.venv/lib/python3.14/site-packages/yaml/scanner.py", line 223, in fetch_more_tokens
    return self.fetch_value()
           ~~~~~~~~~~~~~~~~^^
  File "/Users/Max/Workspace/company/development/RDK_MODEL_ZOO/rdk_model_zoo/.venv/lib/python3.14/site-packages/yaml/scanner.py", line 577, in fetch_value
    raise ScannerError(None, None,
            "mapping values are not allowed here",
            self.get_mark())
yaml.scanner.ScannerError: mapping values are not allowed here
  in "/Users/Max/Workspace/company/development/RDK_MODEL_ZOO/rdk-b7-board-integration/docs/release/s/models.yaml", line 1898, column 65

======================================================================
ERROR: test_forward_rejects_wrong_dtype_nonfinite_and_preserves_valid_arrays (test_sam_stages.SAMStageTests.test_forward_rejects_wrong_dtype_nonfinite_and_preserves_valid_arrays)
----------------------------------------------------------------------
Traceback (most recent call last):
  File "/Users/Max/Workspace/company/development/RDK_MODEL_ZOO/rdk-b7-board-integration/samples/_shared/tests/test_sam_stages.py", line 182, in test_forward_rejects_wrong_dtype_nonfinite_and_preserves_valid_arrays
    binding = make_binding("efficient_sam", output_dtype="float16")
  File "/Users/Max/Workspace/company/development/RDK_MODEL_ZOO/rdk-b7-board-integration/samples/_shared/tests/test_sam_stages.py", line 27, in make_binding
    selection = resolve_selection(sample, target)
  File "/Users/Max/Workspace/company/development/RDK_MODEL_ZOO/rdk-b7-board-integration/samples/_shared/sam_binding.py", line 122, in resolve_selection
    assets = list_available_assets(sample, target)
  File "/Users/Max/Workspace/company/development/RDK_MODEL_ZOO/rdk-b7-board-integration/samples/_shared/sam_binding.py", line 102, in list_available_assets
    rows = list_assets(group, sample)
  File "/Users/Max/Workspace/company/development/RDK_MODEL_ZOO/rdk-b7-board-integration/samples/_shared/assets.py", line 52, in list_assets
    models = [row for row in _models(group) if row['id'] == sample_id]
                             ~~~~~~~^^^^^^^
  File "/Users/Max/Workspace/company/development/RDK_MODEL_ZOO/rdk-b7-board-integration/samples/_shared/assets.py", line 44, in _models
    content = yaml.safe_load(handle)
  File "/Users/Max/Workspace/company/development/RDK_MODEL_ZOO/rdk_model_zoo/.venv/lib/python3.14/site-packages/yaml/__init__.py", line 125, in safe_load
    return load(stream, SafeLoader)
  File "/Users/Max/Workspace/company/development/RDK_MODEL_ZOO/rdk_model_zoo/.venv/lib/python3.14/site-packages/yaml/__init__.py", line 81, in load
    return loader.get_single_data()
           ~~~~~~~~~~~~~~~~~~~~~~^^
  File "/Users/Max/Workspace/company/development/RDK_MODEL_ZOO/rdk_model_zoo/.venv/lib/python3.14/site-packages/yaml/constructor.py", line 49, in get_single_data
    node = self.get_single_node()
  File "/Users/Max/Workspace/company/development/RDK_MODEL_ZOO/rdk_model_zoo/.venv/lib/python3.14/site-packages/yaml/composer.py", line 36, in get_single_node
    document = self.compose_document()
  File "/Users/Max/Workspace/company/development/RDK_MODEL_ZOO/rdk_model_zoo/.venv/lib/python3.14/site-packages/yaml/composer.py", line 55, in compose_document
    node = self.compose_node(None, None)
  File "/Users/Max/Workspace/company/development/RDK_MODEL_ZOO/rdk_model_zoo/.venv/lib/python3.14/site-packages/yaml/composer.py", line 84, in compose_node
    node = self.compose_mapping_node(anchor)
  File "/Users/Max/Workspace/company/development/RDK_MODEL_ZOO/rdk_model_zoo/.venv/lib/python3.14/site-packages/yaml/composer.py", line 133, in compose_mapping_node
    item_value = self.compose_node(node, item_key)
  File "/Users/Max/Workspace/company/development/RDK_MODEL_ZOO/rdk_model_zoo/.venv/lib/python3.14/site-packages/yaml/composer.py", line 82, in compose_node
    node = self.compose_sequence_node(anchor)
  File "/Users/Max/Workspace/company/development/RDK_MODEL_ZOO/rdk_model_zoo/.venv/lib/python3.14/site-packages/yaml/composer.py", line 111, in compose_sequence_node
    node.value.append(self.compose_node(node, index))
                      ~~~~~~~~~~~~~~~~~^^^^^^^^^^^^^
  File "/Users/Max/Workspace/company/development/RDK_MODEL_ZOO/rdk_model_zoo/.venv/lib/python3.14/site-packages/yaml/composer.py", line 84, in compose_node
    node = self.compose_mapping_node(anchor)
  File "/Users/Max/Workspace/company/development/RDK_MODEL_ZOO/rdk_model_zoo/.venv/lib/python3.14/site-packages/yaml/composer.py", line 127, in compose_mapping_node
    while not self.check_event(MappingEndEvent):
              ~~~~~~~~~~~~~~~~^^^^^^^^^^^^^^^^^
  File "/Users/Max/Workspace/company/development/RDK_MODEL_ZOO/rdk_model_zoo/.venv/lib/python3.14/site-packages/yaml/parser.py", line 98, in check_event
    self.current_event = self.state()
                         ~~~~~~~~~~^^
  File "/Users/Max/Workspace/company/development/RDK_MODEL_ZOO/rdk_model_zoo/.venv/lib/python3.14/site-packages/yaml/parser.py", line 428, in parse_block_mapping_key
    if self.check_token(KeyToken):
       ~~~~~~~~~~~~~~~~^^^^^^^^^^
  File "/Users/Max/Workspace/company/development/RDK_MODEL_ZOO/rdk_model_zoo/.venv/lib/python3.14/site-packages/yaml/scanner.py", line 116, in check_token
    self.fetch_more_tokens()
    ~~~~~~~~~~~~~~~~~~~~~~^^
  File "/Users/Max/Workspace/company/development/RDK_MODEL_ZOO/rdk_model_zoo/.venv/lib/python3.14/site-packages/yaml/scanner.py", line 223, in fetch_more_tokens
    return self.fetch_value()
           ~~~~~~~~~~~~~~~~^^
  File "/Users/Max/Workspace/company/development/RDK_MODEL_ZOO/rdk_model_zoo/.venv/lib/python3.14/site-packages/yaml/scanner.py", line 577, in fetch_value
    raise ScannerError(None, None,
            "mapping values are not allowed here",
            self.get_mark())
yaml.scanner.ScannerError: mapping values are not allowed here
  in "/Users/Max/Workspace/company/development/RDK_MODEL_ZOO/rdk-b7-board-integration/docs/release/s/models.yaml", line 1898, column 65

======================================================================
ERROR: test_pipeline_attributes_encoder_and_decoder_failures (test_sam_stages.SAMStageTests.test_pipeline_attributes_encoder_and_decoder_failures)
----------------------------------------------------------------------
Traceback (most recent call last):
  File "/Users/Max/Workspace/company/development/RDK_MODEL_ZOO/rdk-b7-board-integration/samples/_shared/tests/test_sam_stages.py", line 233, in test_pipeline_attributes_encoder_and_decoder_failures
    binding = make_binding("efficient_sam")
  File "/Users/Max/Workspace/company/development/RDK_MODEL_ZOO/rdk-b7-board-integration/samples/_shared/tests/test_sam_stages.py", line 27, in make_binding
    selection = resolve_selection(sample, target)
  File "/Users/Max/Workspace/company/development/RDK_MODEL_ZOO/rdk-b7-board-integration/samples/_shared/sam_binding.py", line 122, in resolve_selection
    assets = list_available_assets(sample, target)
  File "/Users/Max/Workspace/company/development/RDK_MODEL_ZOO/rdk-b7-board-integration/samples/_shared/sam_binding.py", line 102, in list_available_assets
    rows = list_assets(group, sample)
  File "/Users/Max/Workspace/company/development/RDK_MODEL_ZOO/rdk-b7-board-integration/samples/_shared/assets.py", line 52, in list_assets
    models = [row for row in _models(group) if row['id'] == sample_id]
                             ~~~~~~~^^^^^^^
  File "/Users/Max/Workspace/company/development/RDK_MODEL_ZOO/rdk-b7-board-integration/samples/_shared/assets.py", line 44, in _models
    content = yaml.safe_load(handle)
  File "/Users/Max/Workspace/company/development/RDK_MODEL_ZOO/rdk_model_zoo/.venv/lib/python3.14/site-packages/yaml/__init__.py", line 125, in safe_load
    return load(stream, SafeLoader)
  File "/Users/Max/Workspace/company/development/RDK_MODEL_ZOO/rdk_model_zoo/.venv/lib/python3.14/site-packages/yaml/__init__.py", line 81, in load
    return loader.get_single_data()
           ~~~~~~~~~~~~~~~~~~~~~~^^
  File "/Users/Max/Workspace/company/development/RDK_MODEL_ZOO/rdk_model_zoo/.venv/lib/python3.14/site-packages/yaml/constructor.py", line 49, in get_single_data
    node = self.get_single_node()
  File "/Users/Max/Workspace/company/development/RDK_MODEL_ZOO/rdk_model_zoo/.venv/lib/python3.14/site-packages/yaml/composer.py", line 36, in get_single_node
    document = self.compose_document()
  File "/Users/Max/Workspace/company/development/RDK_MODEL_ZOO/rdk_model_zoo/.venv/lib/python3.14/site-packages/yaml/composer.py", line 55, in compose_document
    node = self.compose_node(None, None)
  File "/Users/Max/Workspace/company/development/RDK_MODEL_ZOO/rdk_model_zoo/.venv/lib/python3.14/site-packages/yaml/composer.py", line 84, in compose_node
    node = self.compose_mapping_node(anchor)
  File "/Users/Max/Workspace/company/development/RDK_MODEL_ZOO/rdk_model_zoo/.venv/lib/python3.14/site-packages/yaml/composer.py", line 133, in compose_mapping_node
    item_value = self.compose_node(node, item_key)
  File "/Users/Max/Workspace/company/development/RDK_MODEL_ZOO/rdk_model_zoo/.venv/lib/python3.14/site-packages/yaml/composer.py", line 82, in compose_node
    node = self.compose_sequence_node(anchor)
  File "/Users/Max/Workspace/company/development/RDK_MODEL_ZOO/rdk_model_zoo/.venv/lib/python3.14/site-packages/yaml/composer.py", line 111, in compose_sequence_node
    node.value.append(self.compose_node(node, index))
                      ~~~~~~~~~~~~~~~~~^^^^^^^^^^^^^
  File "/Users/Max/Workspace/company/development/RDK_MODEL_ZOO/rdk_model_zoo/.venv/lib/python3.14/site-packages/yaml/composer.py", line 84, in compose_node
    node = self.compose_mapping_node(anchor)
  File "/Users/Max/Workspace/company/development/RDK_MODEL_ZOO/rdk_model_zoo/.venv/lib/python3.14/site-packages/yaml/composer.py", line 127, in compose_mapping_node
    while not self.check_event(MappingEndEvent):
              ~~~~~~~~~~~~~~~~^^^^^^^^^^^^^^^^^
  File "/Users/Max/Workspace/company/development/RDK_MODEL_ZOO/rdk_model_zoo/.venv/lib/python3.14/site-packages/yaml/parser.py", line 98, in check_event
    self.current_event = self.state()
                         ~~~~~~~~~~^^
  File "/Users/Max/Workspace/company/development/RDK_MODEL_ZOO/rdk_model_zoo/.venv/lib/python3.14/site-packages/yaml/parser.py", line 428, in parse_block_mapping_key
    if self.check_token(KeyToken):
       ~~~~~~~~~~~~~~~~^^^^^^^^^^
  File "/Users/Max/Workspace/company/development/RDK_MODEL_ZOO/rdk_model_zoo/.venv/lib/python3.14/site-packages/yaml/scanner.py", line 116, in check_token
    self.fetch_more_tokens()
    ~~~~~~~~~~~~~~~~~~~~~~^^
  File "/Users/Max/Workspace/company/development/RDK_MODEL_ZOO/rdk_model_zoo/.venv/lib/python3.14/site-packages/yaml/scanner.py", line 223, in fetch_more_tokens
    return self.fetch_value()
           ~~~~~~~~~~~~~~~~^^
  File "/Users/Max/Workspace/company/development/RDK_MODEL_ZOO/rdk_model_zoo/.venv/lib/python3.14/site-packages/yaml/scanner.py", line 577, in fetch_value
    raise ScannerError(None, None,
            "mapping values are not allowed here",
            self.get_mark())
yaml.scanner.ScannerError: mapping values are not allowed here
  in "/Users/Max/Workspace/company/development/RDK_MODEL_ZOO/rdk-b7-board-integration/docs/release/s/models.yaml", line 1898, column 65

======================================================================
ERROR: test_sample_wrappers_fix_public_prompt_and_binding (test_sam_stages.SAMStageTests.test_sample_wrappers_fix_public_prompt_and_binding)
----------------------------------------------------------------------
Traceback (most recent call last):
  File "/Users/Max/Workspace/company/development/RDK_MODEL_ZOO/rdk-b7-board-integration/samples/_shared/tests/test_sam_stages.py", line 258, in test_sample_wrappers_fix_public_prompt_and_binding
    efficient_binding = make_binding("efficient_sam")
  File "/Users/Max/Workspace/company/development/RDK_MODEL_ZOO/rdk-b7-board-integration/samples/_shared/tests/test_sam_stages.py", line 27, in make_binding
    selection = resolve_selection(sample, target)
  File "/Users/Max/Workspace/company/development/RDK_MODEL_ZOO/rdk-b7-board-integration/samples/_shared/sam_binding.py", line 122, in resolve_selection
    assets = list_available_assets(sample, target)
  File "/Users/Max/Workspace/company/development/RDK_MODEL_ZOO/rdk-b7-board-integration/samples/_shared/sam_binding.py", line 102, in list_available_assets
    rows = list_assets(group, sample)
  File "/Users/Max/Workspace/company/development/RDK_MODEL_ZOO/rdk-b7-board-integration/samples/_shared/assets.py", line 52, in list_assets
    models = [row for row in _models(group) if row['id'] == sample_id]
                             ~~~~~~~^^^^^^^
  File "/Users/Max/Workspace/company/development/RDK_MODEL_ZOO/rdk-b7-board-integration/samples/_shared/assets.py", line 44, in _models
    content = yaml.safe_load(handle)
  File "/Users/Max/Workspace/company/development/RDK_MODEL_ZOO/rdk_model_zoo/.venv/lib/python3.14/site-packages/yaml/__init__.py", line 125, in safe_load
    return load(stream, SafeLoader)
  File "/Users/Max/Workspace/company/development/RDK_MODEL_ZOO/rdk_model_zoo/.venv/lib/python3.14/site-packages/yaml/__init__.py", line 81, in load
    return loader.get_single_data()
           ~~~~~~~~~~~~~~~~~~~~~~^^
  File "/Users/Max/Workspace/company/development/RDK_MODEL_ZOO/rdk_model_zoo/.venv/lib/python3.14/site-packages/yaml/constructor.py", line 49, in get_single_data
    node = self.get_single_node()
  File "/Users/Max/Workspace/company/development/RDK_MODEL_ZOO/rdk_model_zoo/.venv/lib/python3.14/site-packages/yaml/composer.py", line 36, in get_single_node
    document = self.compose_document()
  File "/Users/Max/Workspace/company/development/RDK_MODEL_ZOO/rdk_model_zoo/.venv/lib/python3.14/site-packages/yaml/composer.py", line 55, in compose_document
    node = self.compose_node(None, None)
  File "/Users/Max/Workspace/company/development/RDK_MODEL_ZOO/rdk_model_zoo/.venv/lib/python3.14/site-packages/yaml/composer.py", line 84, in compose_node
    node = self.compose_mapping_node(anchor)
  File "/Users/Max/Workspace/company/development/RDK_MODEL_ZOO/rdk_model_zoo/.venv/lib/python3.14/site-packages/yaml/composer.py", line 133, in compose_mapping_node
    item_value = self.compose_node(node, item_key)
  File "/Users/Max/Workspace/company/development/RDK_MODEL_ZOO/rdk_model_zoo/.venv/lib/python3.14/site-packages/yaml/composer.py", line 82, in compose_node
    node = self.compose_sequence_node(anchor)
  File "/Users/Max/Workspace/company/development/RDK_MODEL_ZOO/rdk_model_zoo/.venv/lib/python3.14/site-packages/yaml/composer.py", line 111, in compose_sequence_node
    node.value.append(self.compose_node(node, index))
                      ~~~~~~~~~~~~~~~~~^^^^^^^^^^^^^
  File "/Users/Max/Workspace/company/development/RDK_MODEL_ZOO/rdk_model_zoo/.venv/lib/python3.14/site-packages/yaml/composer.py", line 84, in compose_node
    node = self.compose_mapping_node(anchor)
  File "/Users/Max/Workspace/company/development/RDK_MODEL_ZOO/rdk_model_zoo/.venv/lib/python3.14/site-packages/yaml/composer.py", line 127, in compose_mapping_node
    while not self.check_event(MappingEndEvent):
              ~~~~~~~~~~~~~~~~^^^^^^^^^^^^^^^^^
  File "/Users/Max/Workspace/company/development/RDK_MODEL_ZOO/rdk_model_zoo/.venv/lib/python3.14/site-packages/yaml/parser.py", line 98, in check_event
    self.current_event = self.state()
                         ~~~~~~~~~~^^
  File "/Users/Max/Workspace/company/development/RDK_MODEL_ZOO/rdk_model_zoo/.venv/lib/python3.14/site-packages/yaml/parser.py", line 428, in parse_block_mapping_key
    if self.check_token(KeyToken):
       ~~~~~~~~~~~~~~~~^^^^^^^^^^
  File "/Users/Max/Workspace/company/development/RDK_MODEL_ZOO/rdk_model_zoo/.venv/lib/python3.14/site-packages/yaml/scanner.py", line 116, in check_token
    self.fetch_more_tokens()
    ~~~~~~~~~~~~~~~~~~~~~~^^
  File "/Users/Max/Workspace/company/development/RDK_MODEL_ZOO/rdk_model_zoo/.venv/lib/python3.14/site-packages/yaml/scanner.py", line 223, in fetch_more_tokens
    return self.fetch_value()
           ~~~~~~~~~~~~~~~~^^
  File "/Users/Max/Workspace/company/development/RDK_MODEL_ZOO/rdk_model_zoo/.venv/lib/python3.14/site-packages/yaml/scanner.py", line 577, in fetch_value
    raise ScannerError(None, None,
            "mapping values are not allowed here",
            self.get_mark())
yaml.scanner.ScannerError: mapping values are not allowed here
  in "/Users/Max/Workspace/company/development/RDK_MODEL_ZOO/rdk-b7-board-integration/docs/release/s/models.yaml", line 1898, column 65

======================================================================
ERROR: test_manual_assets_and_no_shadow_gitlinks (test_vla_integration.VlaIntegrationTests.test_manual_assets_and_no_shadow_gitlinks)
----------------------------------------------------------------------
Traceback (most recent call last):
  File "/Users/Max/Workspace/company/development/RDK_MODEL_ZOO/rdk-b7-board-integration/samples/_shared/tests/test_vla_integration.py", line 39, in test_manual_assets_and_no_shadow_gitlinks
    models = yaml.safe_load((ROOT / "docs/release/s/models.yaml").read_text())[
             ~~~~~~~~~~~~~~^^^^^^^^^^^^^^^^^^^^^^^^^^^^^^^^^^^^^^^^^^^^^^^^^^^
  File "/Users/Max/Workspace/company/development/RDK_MODEL_ZOO/rdk_model_zoo/.venv/lib/python3.14/site-packages/yaml/__init__.py", line 125, in safe_load
    return load(stream, SafeLoader)
  File "/Users/Max/Workspace/company/development/RDK_MODEL_ZOO/rdk_model_zoo/.venv/lib/python3.14/site-packages/yaml/__init__.py", line 81, in load
    return loader.get_single_data()
           ~~~~~~~~~~~~~~~~~~~~~~^^
  File "/Users/Max/Workspace/company/development/RDK_MODEL_ZOO/rdk_model_zoo/.venv/lib/python3.14/site-packages/yaml/constructor.py", line 49, in get_single_data
    node = self.get_single_node()
  File "/Users/Max/Workspace/company/development/RDK_MODEL_ZOO/rdk_model_zoo/.venv/lib/python3.14/site-packages/yaml/composer.py", line 36, in get_single_node
    document = self.compose_document()
  File "/Users/Max/Workspace/company/development/RDK_MODEL_ZOO/rdk_model_zoo/.venv/lib/python3.14/site-packages/yaml/composer.py", line 55, in compose_document
    node = self.compose_node(None, None)
  File "/Users/Max/Workspace/company/development/RDK_MODEL_ZOO/rdk_model_zoo/.venv/lib/python3.14/site-packages/yaml/composer.py", line 84, in compose_node
    node = self.compose_mapping_node(anchor)
  File "/Users/Max/Workspace/company/development/RDK_MODEL_ZOO/rdk_model_zoo/.venv/lib/python3.14/site-packages/yaml/composer.py", line 133, in compose_mapping_node
    item_value = self.compose_node(node, item_key)
  File "/Users/Max/Workspace/company/development/RDK_MODEL_ZOO/rdk_model_zoo/.venv/lib/python3.14/site-packages/yaml/composer.py", line 82, in compose_node
    node = self.compose_sequence_node(anchor)
  File "/Users/Max/Workspace/company/development/RDK_MODEL_ZOO/rdk_model_zoo/.venv/lib/python3.14/site-packages/yaml/composer.py", line 111, in compose_sequence_node
    node.value.append(self.compose_node(node, index))
                      ~~~~~~~~~~~~~~~~~^^^^^^^^^^^^^
  File "/Users/Max/Workspace/company/development/RDK_MODEL_ZOO/rdk_model_zoo/.venv/lib/python3.14/site-packages/yaml/composer.py", line 84, in compose_node
    node = self.compose_mapping_node(anchor)
  File "/Users/Max/Workspace/company/development/RDK_MODEL_ZOO/rdk_model_zoo/.venv/lib/python3.14/site-packages/yaml/composer.py", line 127, in compose_mapping_node
    while not self.check_event(MappingEndEvent):
              ~~~~~~~~~~~~~~~~^^^^^^^^^^^^^^^^^
  File "/Users/Max/Workspace/company/development/RDK_MODEL_ZOO/rdk_model_zoo/.venv/lib/python3.14/site-packages/yaml/parser.py", line 98, in check_event
    self.current_event = self.state()
                         ~~~~~~~~~~^^
  File "/Users/Max/Workspace/company/development/RDK_MODEL_ZOO/rdk_model_zoo/.venv/lib/python3.14/site-packages/yaml/parser.py", line 428, in parse_block_mapping_key
    if self.check_token(KeyToken):
       ~~~~~~~~~~~~~~~~^^^^^^^^^^
  File "/Users/Max/Workspace/company/development/RDK_MODEL_ZOO/rdk_model_zoo/.venv/lib/python3.14/site-packages/yaml/scanner.py", line 116, in check_token
    self.fetch_more_tokens()
    ~~~~~~~~~~~~~~~~~~~~~~^^
  File "/Users/Max/Workspace/company/development/RDK_MODEL_ZOO/rdk_model_zoo/.venv/lib/python3.14/site-packages/yaml/scanner.py", line 223, in fetch_more_tokens
    return self.fetch_value()
           ~~~~~~~~~~~~~~~~^^
  File "/Users/Max/Workspace/company/development/RDK_MODEL_ZOO/rdk_model_zoo/.venv/lib/python3.14/site-packages/yaml/scanner.py", line 577, in fetch_value
    raise ScannerError(None, None,
            "mapping values are not allowed here",
            self.get_mark())
yaml.scanner.ScannerError: mapping values are not allowed here
  in "<unicode string>", line 1898, column 65:
     ... e now lives at this unified path: the B11
                                         ^

----------------------------------------------------------------------
Ran 158 tests in 2.226s

FAILED (errors=43)
Wrote 20 calibration files to /var/folders/04/9p6f6bf54t3f5j_khcdj2jr40000gn/T/sam-calibration-c9mj5v47/source
Wrote 20 calibration files to /var/folders/04/9p6f6bf54t3f5j_khcdj2jr40000gn/T/sam-calibration-c9mj5v47/unified/calibration_data_rgbchw_512
Wrote 20 calibration files to /var/folders/04/9p6f6bf54t3f5j_khcdj2jr40000gn/T/sam-calibration-kokfxnnk/source/batched_images
Wrote 20 calibration files to /var/folders/04/9p6f6bf54t3f5j_khcdj2jr40000gn/T/sam-calibration-kokfxnnk/unified/batched_images
Wrote 1 calibration tensors to /var/folders/04/9p6f6bf54t3f5j_khcdj2jr40000gn/T/sam-calibration-_x5bskte/source
Wrote 1 calibration tensors to /var/folders/04/9p6f6bf54t3f5j_khcdj2jr40000gn/T/sam-calibration-_x5bskte/unified/calibration_data_norm_512
Wrote 1 calibration tensors to /var/folders/04/9p6f6bf54t3f5j_khcdj2jr40000gn/T/sam-calibration-q5bmz6vz/source/normalized_images
Wrote 1 calibration tensors to /var/folders/04/9p6f6bf54t3f5j_khcdj2jr40000gn/T/sam-calibration-q5bmz6vz/unified/normalized_images
Wrote 4 embeddings to /var/folders/04/9p6f6bf54t3f5j_khcdj2jr40000gn/T/sam-decoder-calibration-br1damhq/source/calibration_embeddings
Wrote 4 embeddings to /var/folders/04/9p6f6bf54t3f5j_khcdj2jr40000gn/T/sam-decoder-calibration-br1damhq/unified/calibration_embeddings
Wrote 4 embeddings to /var/folders/04/9p6f6bf54t3f5j_khcdj2jr40000gn/T/sam-decoder-calibration-vgg_xe3k/source/image_embeddings
Wrote 4 embeddings to /var/folders/04/9p6f6bf54t3f5j_khcdj2jr40000gn/T/sam-decoder-calibration-vgg_xe3k/unified/image_embeddings
Wrote 4 embeddings to /var/folders/04/9p6f6bf54t3f5j_khcdj2jr40000gn/T/sam-decoder-calibration-615zq4k2/source/calibration_embeddings
Wrote 4 boxes to /var/folders/04/9p6f6bf54t3f5j_khcdj2jr40000gn/T/sam-decoder-calibration-615zq4k2/source/calibration_boxes
Wrote 4 embeddings to /var/folders/04/9p6f6bf54t3f5j_khcdj2jr40000gn/T/sam-decoder-calibration-615zq4k2/unified/calibration_embeddings
Wrote 4 boxes to /var/folders/04/9p6f6bf54t3f5j_khcdj2jr40000gn/T/sam-decoder-calibration-615zq4k2/unified/calibration_boxes
Wrote 4 embeddings to /var/folders/04/9p6f6bf54t3f5j_khcdj2jr40000gn/T/sam-decoder-calibration-irm57hag/source/image_embeddings
Wrote 4 boxes to /var/folders/04/9p6f6bf54t3f5j_khcdj2jr40000gn/T/sam-decoder-calibration-irm57hag/source/boxes
Wrote 4 embeddings to /var/folders/04/9p6f6bf54t3f5j_khcdj2jr40000gn/T/sam-decoder-calibration-irm57hag/unified/image_embeddings
Wrote 4 boxes to /var/folders/04/9p6f6bf54t3f5j_khcdj2jr40000gn/T/sam-decoder-calibration-irm57hag/unified/boxes
Wrote /var/folders/04/9p6f6bf54t3f5j_khcdj2jr40000gn/T/sam-dump-w94s2iew/source.bin (shape (1, 256, 32, 32), dtype float32)
Wrote /var/folders/04/9p6f6bf54t3f5j_khcdj2jr40000gn/T/sam-dump-w94s2iew/unified.bin (shape (1, 256, 32, 32), dtype float32)
Wrote /var/folders/04/9p6f6bf54t3f5j_khcdj2jr40000gn/T/sam-dump-ul_5siob/source.bin (shape (1, 256, 32, 32), dtype float32)
Wrote /var/folders/04/9p6f6bf54t3f5j_khcdj2jr40000gn/T/sam-dump-ul_5siob/unified.bin (shape (1, 256, 32, 32), dtype float32)
{
  "passed": true,
  "checks": {
    "inputs_equal": true,
    "raw_close": true,
    "mask_equal": true,
    "mask_index_equal": true,
    "iou_close": true,
    "low_res_close": true
  },
  "evidence": "/private/var/folders/04/9p6f6bf54t3f5j_khcdj2jr40000gn/T/tmp9xqj40tm/evidence/comparison.json"
}
