2025-07-19 12:42:14,985 file: tool_utils.py func: tool_utils line No: 80 The log will be stored in /open_explorer/Model/ViT/hb_compile.log
2025-07-19 12:42:14,985 file: hb_compile.py func: hb_compile line No: 280 Start hb_compile...
2025-07-19 12:42:14,985 file: hb_compile.py func: hb_compile line No: 281 hbdk version: 4.2.11
2025-07-19 12:42:14,985 file: hb_compile.py func: hb_compile line No: 282 hmct version: 2.4.1
2025-07-19 12:42:14,985 file: hb_compile.py func: hb_compile line No: 283 hb_compile version: 3.3.22
2025-07-19 12:42:14,985 file: hb_compile.py func: hb_compile line No: 33 Start verifying yaml
2025-07-19 12:42:14,990 file: params_parser.py func: params_parser line No: 1142 Using abs path /open_explorer/Model/ViT/vit_cifar10_batch1.onnx
2025-07-19 12:42:15,089 file: params_parser.py func: params_parser line No: 177 Using the onnx model file: /open_explorer/Model/ViT/vit_cifar10_batch1.onnx
2025-07-19 12:42:15,089 file: onnx_parser.py func: onnx_parser line No: 39 Model input names: ['input']
2025-07-19 12:42:15,089 file: params_parser.py func: params_parser line No: 188 Model has 1 inputs according to model file
2025-07-19 12:42:15,089 file: params_parser.py func: params_parser line No: 1142 Using abs path /open_explorer/Model/ViT/vit_cifar10_batch1
2025-07-19 12:42:15,089 file: params_parser.py func: params_parser line No: 204 The working_dir does not exist. Create working_dir: /open_explorer/Model/ViT/vit_cifar10_batch1
2025-07-19 12:42:15,089 file: params_parser.py func: params_parser line No: 370 node_dict: {}
2025-07-19 12:42:15,089 file: params_parser.py func: params_parser line No: 392 The model name is not specified in your yaml file, we use the model name ['input'] from the model file by default
2025-07-19 12:42:15,089 file: params_parser.py func: params_parser line No: 453 The model input shape is not specified in youryaml_file, we use the shape [[1, 3, 224, 224]]from the model file by default
2025-07-19 12:42:15,089 file: params_parser.py func: params_parser line No: 647 Please note that the parameter norm_type has been deprecated and will be determined by the specification of the mean/scale/std parameters
2025-07-19 12:42:15,089 file: params_parser.py func: params_parser line No: 1142 Using abs path /open_explorer/Dataset/cifar-10-batches-py/cali_img_npy
2025-07-19 12:42:15,089 file: params_parser.py func: params_parser line No: 802 Please note that the parameter 'cal_data_type' has been deprecated. Please switch the calibration dataset to npy.
2025-07-19 12:42:15,089 file: params_parser.py func: params_parser line No: 825 The suffix of the calibration dir name is not the same as the value float32 specified by the parameter cal_data_type, the parameter specification will prevail
2025-07-19 12:42:15,089 file: params_parser.py func: params_parser line No: 916 The input node input's input_source is not be specified, it will be specified as None by default
2025-07-19 12:42:15,090 file: params_parser.py func: params_parser line No: 981 The parameter compile_mode is specified as latency, the balance_factor will be specified as 100.
2025-07-19 12:42:15,090 file: hb_compile.py func: hb_compile line No: 36 End verifying yaml
2025-07-19 12:42:15,090 file: wrap_utils.py func: wrap_utils line No: 40 Start to execute hmct.custom.op_registration.op_register.
2025-07-19 12:42:15,090 file: wrap_utils.py func: wrap_utils line No: 43 hmct.custom.op_registration.op_register input args ()
2025-07-19 12:42:15,090 file: wrap_utils.py func: wrap_utils line No: 46 hmct.custom.op_registration.op_register input kwargs {}
2025-07-19 12:42:15,090 file: wrap_utils.py func: wrap_utils line No: 50 End to execute hmct.custom.op_registration.op_register.
2025-07-19 12:42:15,090 file: ptq_model_builder.py func: ptq_model_builder line No: 119 Processing calibration set data for input[input]
2025-07-19 12:42:15,090 file: loader.py func: loader line No: 214 *******************************************
2025-07-19 12:42:15,090 file: loader.py func: loader line No: 215 First calibration picture name: /open_explorer/Dataset/cifar-10-batches-py/cali_img_npy/calibration_0000.npy
2025-07-19 12:42:15,092 file: loader.py func: loader line No: 220 First calibration picture md5: 1d42a2c8609774aba83872e838f37d71
2025-07-19 12:42:15,092 file: loader.py func: loader line No: 223 *******************************************
2025-07-19 12:42:15,092 file: loader.py func: loader line No: 295 Create the RawImageDirLoader of shape '[1, 3, 224, 224]'
2025-07-19 12:42:15,092 file: loader.py func: loader line No: 300 Read raw file: /open_explorer/Dataset/cifar-10-batches-py/cali_img_npy/calibration_0000.npy
2025-07-19 12:42:15,093 file: loader.py func: loader line No: 300 Read raw file: /open_explorer/Dataset/cifar-10-batches-py/cali_img_npy/calibration_0001.npy
2025-07-19 12:42:15,093 file: loader.py func: loader line No: 300 Read raw file: /open_explorer/Dataset/cifar-10-batches-py/cali_img_npy/calibration_0002.npy
2025-07-19 12:42:15,094 file: loader.py func: loader line No: 300 Read raw file: /open_explorer/Dataset/cifar-10-batches-py/cali_img_npy/calibration_0003.npy
2025-07-19 12:42:15,095 file: loader.py func: loader line No: 300 Read raw file: /open_explorer/Dataset/cifar-10-batches-py/cali_img_npy/calibration_0004.npy
2025-07-19 12:42:15,095 file: loader.py func: loader line No: 300 Read raw file: /open_explorer/Dataset/cifar-10-batches-py/cali_img_npy/calibration_0005.npy
2025-07-19 12:42:15,096 file: loader.py func: loader line No: 300 Read raw file: /open_explorer/Dataset/cifar-10-batches-py/cali_img_npy/calibration_0006.npy
2025-07-19 12:42:15,097 file: loader.py func: loader line No: 300 Read raw file: /open_explorer/Dataset/cifar-10-batches-py/cali_img_npy/calibration_0007.npy
2025-07-19 12:42:15,097 file: loader.py func: loader line No: 300 Read raw file: /open_explorer/Dataset/cifar-10-batches-py/cali_img_npy/calibration_0008.npy
2025-07-19 12:42:15,098 file: loader.py func: loader line No: 300 Read raw file: /open_explorer/Dataset/cifar-10-batches-py/cali_img_npy/calibration_0009.npy
2025-07-19 12:42:15,099 file: loader.py func: loader line No: 300 Read raw file: /open_explorer/Dataset/cifar-10-batches-py/cali_img_npy/calibration_0010.npy
2025-07-19 12:42:15,099 file: loader.py func: loader line No: 300 Read raw file: /open_explorer/Dataset/cifar-10-batches-py/cali_img_npy/calibration_0011.npy
2025-07-19 12:42:15,100 file: loader.py func: loader line No: 300 Read raw file: /open_explorer/Dataset/cifar-10-batches-py/cali_img_npy/calibration_0012.npy
2025-07-19 12:42:15,101 file: loader.py func: loader line No: 300 Read raw file: /open_explorer/Dataset/cifar-10-batches-py/cali_img_npy/calibration_0013.npy
2025-07-19 12:42:15,101 file: loader.py func: loader line No: 300 Read raw file: /open_explorer/Dataset/cifar-10-batches-py/cali_img_npy/calibration_0014.npy
2025-07-19 12:42:15,102 file: loader.py func: loader line No: 300 Read raw file: /open_explorer/Dataset/cifar-10-batches-py/cali_img_npy/calibration_0015.npy
2025-07-19 12:42:15,103 file: loader.py func: loader line No: 300 Read raw file: /open_explorer/Dataset/cifar-10-batches-py/cali_img_npy/calibration_0016.npy
2025-07-19 12:42:15,103 file: loader.py func: loader line No: 300 Read raw file: /open_explorer/Dataset/cifar-10-batches-py/cali_img_npy/calibration_0017.npy
2025-07-19 12:42:15,104 file: loader.py func: loader line No: 300 Read raw file: /open_explorer/Dataset/cifar-10-batches-py/cali_img_npy/calibration_0018.npy
2025-07-19 12:42:15,105 file: loader.py func: loader line No: 300 Read raw file: /open_explorer/Dataset/cifar-10-batches-py/cali_img_npy/calibration_0019.npy
2025-07-19 12:42:15,105 file: loader.py func: loader line No: 300 Read raw file: /open_explorer/Dataset/cifar-10-batches-py/cali_img_npy/calibration_0020.npy
2025-07-19 12:42:15,106 file: loader.py func: loader line No: 300 Read raw file: /open_explorer/Dataset/cifar-10-batches-py/cali_img_npy/calibration_0021.npy
2025-07-19 12:42:15,107 file: loader.py func: loader line No: 300 Read raw file: /open_explorer/Dataset/cifar-10-batches-py/cali_img_npy/calibration_0022.npy
2025-07-19 12:42:15,107 file: loader.py func: loader line No: 300 Read raw file: /open_explorer/Dataset/cifar-10-batches-py/cali_img_npy/calibration_0023.npy
2025-07-19 12:42:15,108 file: loader.py func: loader line No: 300 Read raw file: /open_explorer/Dataset/cifar-10-batches-py/cali_img_npy/calibration_0024.npy
2025-07-19 12:42:15,109 file: loader.py func: loader line No: 300 Read raw file: /open_explorer/Dataset/cifar-10-batches-py/cali_img_npy/calibration_0025.npy
2025-07-19 12:42:15,109 file: loader.py func: loader line No: 300 Read raw file: /open_explorer/Dataset/cifar-10-batches-py/cali_img_npy/calibration_0026.npy
2025-07-19 12:42:15,110 file: loader.py func: loader line No: 300 Read raw file: /open_explorer/Dataset/cifar-10-batches-py/cali_img_npy/calibration_0027.npy
2025-07-19 12:42:15,111 file: loader.py func: loader line No: 300 Read raw file: /open_explorer/Dataset/cifar-10-batches-py/cali_img_npy/calibration_0028.npy
2025-07-19 12:42:15,111 file: loader.py func: loader line No: 300 Read raw file: /open_explorer/Dataset/cifar-10-batches-py/cali_img_npy/calibration_0029.npy
2025-07-19 12:42:15,112 file: loader.py func: loader line No: 300 Read raw file: /open_explorer/Dataset/cifar-10-batches-py/cali_img_npy/calibration_0030.npy
2025-07-19 12:42:15,113 file: loader.py func: loader line No: 300 Read raw file: /open_explorer/Dataset/cifar-10-batches-py/cali_img_npy/calibration_0031.npy
2025-07-19 12:42:15,113 file: loader.py func: loader line No: 300 Read raw file: /open_explorer/Dataset/cifar-10-batches-py/cali_img_npy/calibration_0032.npy
2025-07-19 12:42:15,114 file: loader.py func: loader line No: 300 Read raw file: /open_explorer/Dataset/cifar-10-batches-py/cali_img_npy/calibration_0033.npy
2025-07-19 12:42:15,115 file: loader.py func: loader line No: 300 Read raw file: /open_explorer/Dataset/cifar-10-batches-py/cali_img_npy/calibration_0034.npy
2025-07-19 12:42:15,115 file: loader.py func: loader line No: 300 Read raw file: /open_explorer/Dataset/cifar-10-batches-py/cali_img_npy/calibration_0035.npy
2025-07-19 12:42:15,116 file: loader.py func: loader line No: 300 Read raw file: /open_explorer/Dataset/cifar-10-batches-py/cali_img_npy/calibration_0036.npy
2025-07-19 12:42:15,117 file: loader.py func: loader line No: 300 Read raw file: /open_explorer/Dataset/cifar-10-batches-py/cali_img_npy/calibration_0037.npy
2025-07-19 12:42:15,117 file: loader.py func: loader line No: 300 Read raw file: /open_explorer/Dataset/cifar-10-batches-py/cali_img_npy/calibration_0038.npy
2025-07-19 12:42:15,118 file: loader.py func: loader line No: 300 Read raw file: /open_explorer/Dataset/cifar-10-batches-py/cali_img_npy/calibration_0039.npy
2025-07-19 12:42:15,119 file: loader.py func: loader line No: 300 Read raw file: /open_explorer/Dataset/cifar-10-batches-py/cali_img_npy/calibration_0040.npy
2025-07-19 12:42:15,119 file: loader.py func: loader line No: 300 Read raw file: /open_explorer/Dataset/cifar-10-batches-py/cali_img_npy/calibration_0041.npy
2025-07-19 12:42:15,120 file: loader.py func: loader line No: 300 Read raw file: /open_explorer/Dataset/cifar-10-batches-py/cali_img_npy/calibration_0042.npy
2025-07-19 12:42:15,121 file: loader.py func: loader line No: 300 Read raw file: /open_explorer/Dataset/cifar-10-batches-py/cali_img_npy/calibration_0043.npy
2025-07-19 12:42:15,121 file: loader.py func: loader line No: 300 Read raw file: /open_explorer/Dataset/cifar-10-batches-py/cali_img_npy/calibration_0044.npy
2025-07-19 12:42:15,122 file: loader.py func: loader line No: 300 Read raw file: /open_explorer/Dataset/cifar-10-batches-py/cali_img_npy/calibration_0045.npy
2025-07-19 12:42:15,123 file: loader.py func: loader line No: 300 Read raw file: /open_explorer/Dataset/cifar-10-batches-py/cali_img_npy/calibration_0046.npy
2025-07-19 12:42:15,123 file: loader.py func: loader line No: 300 Read raw file: /open_explorer/Dataset/cifar-10-batches-py/cali_img_npy/calibration_0047.npy
2025-07-19 12:42:15,124 file: loader.py func: loader line No: 300 Read raw file: /open_explorer/Dataset/cifar-10-batches-py/cali_img_npy/calibration_0048.npy
2025-07-19 12:42:15,125 file: loader.py func: loader line No: 300 Read raw file: /open_explorer/Dataset/cifar-10-batches-py/cali_img_npy/calibration_0049.npy
2025-07-19 12:42:15,125 file: tool_utils.py func: tool_utils line No: 373 The num of calibration data: 50
2025-07-19 12:42:15,125 file: tool_utils.py func: tool_utils line No: 374 The calibration data shape: (1, 3, 224, 224)
2025-07-19 12:42:15,125 file: ptq_model_builder.py func: ptq_model_builder line No: 122 Finished. data num: 50
2025-07-19 12:42:15,126 file: wrap_utils.py func: wrap_utils line No: 40 Start to execute hmct.api.build_model.
2025-07-19 12:42:15,126 file: wrap_utils.py func: wrap_utils line No: 43 hmct.api.build_model input args ()
2025-07-19 12:42:15,139 file: wrap_utils.py func: wrap_utils line No: 46 hmct.api.build_model input kwargs {'params': {'cali_dict': {'calibration_type': 'default'}, 'input_dict': {'input': {'input_shape': [1, 3, 224, 224]}}, 'node_dict': {}, 'debug_methods': [], 'output_nodes': [], 'optimization_methods': None, 'quant_config': {'op_config': {'softmax': {'qtype': 'int32'}}}, 'check_mode': False}}
2025-07-19 12:42:15,139 file: model_builder.py func: model_builder line No: 36 Start to Horizon NN Model Convert.
2025-07-19 12:42:15,236 file: model_debugger.py func: model_debugger line No: 67 Loading horizon_nn debug methods: set().
2025-07-19 12:42:15,237 file: model_builder.py func: model_builder line No: 230 The specified model compilation architecture: nash-e.
2025-07-19 12:42:15,237 file: model_builder.py func: model_builder line No: 244 The specified model compilation optimization parameters: [].
2025-07-19 12:42:15,237 file: model_builder.py func: model_builder line No: 36 Start to prepare the onnx model.
2025-07-19 12:42:15,254 file: display_model.py func: display_model line No: 69 Input ONNX Model Information:
IR Version:               9
Opset Version:            ['ai.onnx v19', 'horizon v1']
Model Producer:           pytorch v2.5.1
Model Domain:             None
Model Version:            None
Graph Input:
    input               : shape=[1, 3, 224, 224], dtype=FLOAT32
Graph Output:
    output              : shape=[1, 10], dtype=FLOAT32
2025-07-19 12:42:15,255 file: preprocess_model.py func: preprocess_model line No: 386 The input model's opset version is 19, skip to convert to the lower or equal opset version of 19.
2025-07-19 12:42:15,612 file: model_builder.py func: model_builder line No: 39 End to prepare the onnx model.
2025-07-19 12:42:15,733 file: model_builder.py func: model_builder line No: 287 Saving model to: /open_explorer/Model/ViT/vit_cifar10_batch1/vit_cifar10_batch1_original_float_model.onnx.
2025-07-19 12:42:15,734 file: model_builder.py func: model_builder line No: 36 Start to optimize the onnx model.
2025-07-19 12:42:16,806 file: constant_folding.py func: constant_folding line No: 71 Summary info for constant folding:
2025-07-19 12:42:16,807 file: constant_folding.py func: constant_folding line No: 72   After constant folding, the number of nodes has changed from 522 to 405.
2025-07-19 12:42:16,807 file: constant_folding.py func: constant_folding line No: 76   After constant_folding, the number of parameters has changed from 21670528 to 21670514.
2025-07-19 12:42:16,807 file: constant_folding.py func: constant_folding line No: 81 Detailed info for constant folding:
2025-07-19 12:42:16,807 file: constant_folding.py func: constant_folding line No: 88
2025-07-19 12:42:17,448 file: constant_folding.py func: constant_folding line No: 71 Summary info for constant folding:
2025-07-19 12:42:17,448 file: constant_folding.py func: constant_folding line No: 72   After constant folding, the number of nodes has changed from 649 to 649.
2025-07-19 12:42:17,448 file: constant_folding.py func: constant_folding line No: 76   After constant_folding, the number of parameters has changed from 21670996 to 21670996.
2025-07-19 12:42:17,448 file: constant_folding.py func: constant_folding line No: 81 Detailed info for constant folding:
2025-07-19 12:42:17,448 file: constant_folding.py func: constant_folding line No: 88
2025-07-19 12:42:17,858 file: constant_folding.py func: constant_folding line No: 71 Summary info for constant folding:
2025-07-19 12:42:17,858 file: constant_folding.py func: constant_folding line No: 72   After constant folding, the number of nodes has changed from 539 to 539.
2025-07-19 12:42:17,858 file: constant_folding.py func: constant_folding line No: 76   After constant_folding, the number of parameters has changed from 21670664 to 21670664.
2025-07-19 12:42:17,859 file: constant_folding.py func: constant_folding line No: 81 Detailed info for constant folding:
2025-07-19 12:42:17,859 file: constant_folding.py func: constant_folding line No: 88
2025-07-19 12:42:18,374 file: constant_folding.py func: constant_folding line No: 71 Summary info for constant folding:
2025-07-19 12:42:18,374 file: constant_folding.py func: constant_folding line No: 72   After constant folding, the number of nodes has changed from 443 to 443.
2025-07-19 12:42:18,374 file: constant_folding.py func: constant_folding line No: 76   After constant_folding, the number of parameters has changed from 21670664 to 21670664.
2025-07-19 12:42:18,374 file: constant_folding.py func: constant_folding line No: 81 Detailed info for constant folding:
2025-07-19 12:42:18,374 file: constant_folding.py func: constant_folding line No: 88
2025-07-19 12:42:18,757 file: constant_folding.py func: constant_folding line No: 71 Summary info for constant folding:
2025-07-19 12:42:18,757 file: constant_folding.py func: constant_folding line No: 72   After constant folding, the number of nodes has changed from 431 to 431.
2025-07-19 12:42:18,757 file: constant_folding.py func: constant_folding line No: 76   After constant_folding, the number of parameters has changed from 21670664 to 21670664.
2025-07-19 12:42:18,757 file: constant_folding.py func: constant_folding line No: 81 Detailed info for constant folding:
2025-07-19 12:42:18,757 file: constant_folding.py func: constant_folding line No: 88
2025-07-19 12:42:19,999 file: model_builder.py func: model_builder line No: 39 End to optimize the onnx model.
2025-07-19 12:42:20,082 file: model_builder.py func: model_builder line No: 287 Saving model to: /open_explorer/Model/ViT/vit_cifar10_batch1/vit_cifar10_batch1_optimized_float_model.onnx.
2025-07-19 12:42:20,082 file: quant_config.py func: quant_config line No: 295 The activation calibration configuration:
    calibration_type:     ['max', 'kl']
    max_percentile:       [0.99995, 1.0]
    per_channel:          [True, False]
    asymmetric:           [True, False]
The modelwise search configuration:
    similarity:           0.995
    metric:               cosine-similarity
2025-07-19 12:42:20,082 file: info_dict.py func: info_dict line No: 146 The quantization type configuration of the model:
================
Name     qtype
----------------
softmax  int32
2025-07-19 12:42:20,082 file: model_builder.py func: model_builder line No: 36 Start to calibrate the model.
2025-07-19 12:42:20,114 file: dataset.py func: dataset line No: 128 input name: input, number_of_samples: 50
2025-07-19 12:42:20,114 file: calibrate.py func: calibrate line No: 47 There are 50 samples in the dataset.
2025-07-19 12:42:20,172 file: calibrate.py func: calibrate line No: 50 Provided calibration data md5: 3148a460d7e1e50a7a268273ea2b3faf
2025-07-19 12:42:21,278 file: infer_thresholds.py func: infer_thresholds line No: 93 Run calibration model with modelwise search method.
2025-07-19 12:42:22,677 file: base.py func: base line No: 141 Calibration using batch 8
2025-07-19 12:42:23,971 file: ort.py func: ort line No: 190 Reset batch_size=1 and execute forward again...
2025-07-19 12:45:26,861 file: base.py func: base line No: 141 Calibration using batch 8
2025-07-19 12:45:27,507 file: ort.py func: ort line No: 190 Reset batch_size=1 and execute forward again...
2025-07-19 12:45:30,930 file: base.py func: base line No: 141 Calibration using batch 8
2025-07-19 12:45:32,368 file: ort.py func: ort line No: 190 Reset batch_size=1 and execute forward again...
2025-07-19 12:48:52,680 file: modelwise_search.py func: modelwise_search line No: 79 Select max-percentile:percentile=0.99995 method.
2025-07-19 12:48:54,904 file: model_builder.py func: model_builder line No: 39 End to calibrate the model.
2025-07-19 12:48:55,131 file: model_builder.py func: model_builder line No: 287 Saving model to: /open_explorer/Model/ViT/vit_cifar10_batch1/vit_cifar10_batch1_calibrated_model.onnx.
2025-07-19 12:48:55,132 file: model_builder.py func: model_builder line No: 36 Start to quantize the model.
2025-07-19 12:48:58,460 file: model_builder.py func: model_builder line No: 39 End to quantize the model.
2025-07-19 12:48:58,722 file: model_builder.py func: model_builder line No: 287 Saving model to: /open_explorer/Model/ViT/vit_cifar10_batch1/vit_cifar10_batch1_ptq_model.onnx.
2025-07-19 12:49:03,368 file: model_builder.py func: model_builder line No: 39 End to Horizon NN Model Convert.
2025-07-19 12:49:03,369 file: wrap_utils.py func: wrap_utils line No: 50 End to execute hmct.api.build_model.
2025-07-19 12:49:03,369 file: hbm_builder.py func: hbm_builder line No: 275 Start to export model.
2025-07-19 12:49:03,369 file: wrap_utils.py func: wrap_utils line No: 40 Start to execute hbdk.export.
2025-07-19 12:49:03,369 file: wrap_utils.py func: wrap_utils line No: 43 hbdk.export input args ()
2025-07-19 12:49:03,369 file: wrap_utils.py func: wrap_utils line No: 46 hbdk.export input kwargs {'output_prefix_name': 'vit_cifar10_batch1'}
2025-07-19 12:49:03,938 file: wrap_utils.py func: wrap_utils line No: 50 End to execute hbdk.export.
2025-07-19 12:49:03,954 file: wrap_utils.py func: wrap_utils line No: 40 Start to execute hbdk.set_func_desc.
2025-07-19 12:49:03,954 file: wrap_utils.py func: wrap_utils line No: 43 hbdk.set_func_desc input args ()
2025-07-19 12:49:03,956 file: wrap_utils.py func: wrap_utils line No: 46 hbdk.set_func_desc input kwargs {'config_info': ConfigInfo(model=<horizon_tc_ui.parser.onnx_parser.OnnxModel object at 0x7f7c6ccd2890>, onnx_model='/open_explorer/Model/ViT/vit_cifar10_batch1.onnx', caffemodel_file=None, load_model=None, prototxt_file=None, model_type='onnx', march='nash-e', input_num=1, working_dir='/open_explorer/Model/ViT/vit_cifar10_batch1', output_model_file_prefix_full='/open_explorer/Model/ViT/vit_cifar10_batch1/vit_cifar10_batch1', output_model_file_prefix='vit_cifar10_batch1', output_nodes=[], model_debug_mode=[], node_dict={}, layer_out_dump=False, input_names=['input'], input_shapes=[[1, 3, 224, 224]], input_batches=[], separate_batch=False, separate_names=[], input_type_rt=['nv12'], input_type_train=['rgb'], input_space_and_range=['regular'], input_layout_train=['NCHW'], input_layout_rt=[], from_color=['RGB'], to_color=['YUV_BT601_FULL_RANGE'], norm_type=['data_mean_and_scale'], mean=[[125.307, 122.961, 113.8575]], scale=[[0.01938, 0.01967, 0.01951]], std=[[]], calibration_type='default', per_channel=False, max_percentile=None, run_on_cpu=[], run_on_bpu=[], calibration_optimization=None, cal_data_type=['float32'], cal_data_dir=['/open_explorer/Dataset/cifar-10-batches-py/cali_img_npy'], quant_config={'op_config': {'softmax': {'qtype': 'int32'}}}, compile_mode='latency', balance_factor=100, optimize_level='O2', compile_debug_mode=False, hbdk3_compatible_mode=False, ability_entry=None, core_num=1, max_time_per_fc=0, jobs=8, advice=1.0, custom_op=False, custom_op_method=None, cop_register_files=[], custom_op_dir=None, remove_node_name=[], remove_node_type=[], input_source={'input': 'pyramid'}, first_cali_data={'input': array([[[[-0.02532964, -0.02532964, -0.02532964, ..., -0.23850964,
          -0.23850964, -0.23850964],
         [-0.02532964, -0.02532964, -0.02532964, ..., -0.23850964,
          -0.23850964, -0.23850964],
         [-0.02532964, -0.02532964, -0.02532964, ..., -0.23850964,
          -0.23850964, -0.23850964],
         ...,
         [-0.16098964, -0.16098964, -0.16098964, ..., -0.23850964,
          -0.23850964, -0.23850964],
         [-0.16098964, -0.16098964, -0.16098964, ..., -0.23850964,
          -0.23850964, -0.23850964],
         [-0.16098964, -0.16098964, -0.16098964, ..., -0.23850964,
          -0.23850964, -0.23850964]],

        [[-0.05824284, -0.05824284, -0.05824284, ..., -0.37296283,
          -0.37296283, -0.37296283],
         [-0.05824284, -0.05824284, -0.05824284, ..., -0.37296283,
          -0.37296283, -0.37296283],
         [-0.05824284, -0.05824284, -0.05824284, ..., -0.37296283,
          -0.37296283, -0.37296283],
         ...,
         [-0.21560284, -0.21560284, -0.21560284, ..., -0.47131285,
          -0.47131285, -0.47131285],
         [-0.21560284, -0.21560284, -0.21560284, ..., -0.47131285,
          -0.47131285, -0.47131285],
         [-0.21560284, -0.21560284, -0.21560284, ..., -0.47131285,
          -0.47131285, -0.47131285]],

        [[-0.01672979, -0.01672979, -0.01672979, ..., -0.17280978,
          -0.17280978, -0.17280978],
         [-0.01672979, -0.01672979, -0.01672979, ..., -0.17280978,
          -0.17280978, -0.17280978],
         [-0.01672979, -0.01672979, -0.01672979, ..., -0.17280978,
          -0.17280978, -0.17280978],
         ...,
         [ 0.08082021,  0.08082021,  0.08082021, ..., -0.21182978,
          -0.21182978, -0.21182978],
         [ 0.08082021,  0.08082021,  0.08082021, ..., -0.21182978,
          -0.21182978, -0.21182978],
         [ 0.08082021,  0.08082021,  0.08082021, ..., -0.21182978,
          -0.21182978, -0.21182978]]]], dtype=float32)}, cali_extra_param={}, compile_extra_params={}, enable_vpu=True, cache_mode='disable', cache_path='')}
2025-07-19 12:49:03,958 file: wrap_utils.py func: wrap_utils line No: 50 End to execute hbdk.set_func_desc.
2025-07-19 12:49:03,958 file: hbm_builder.py func: hbm_builder line No: 283 Successfully export model.
2025-07-19 12:49:03,958 file: hbm_builder.py func: hbm_builder line No: 171 Current input_names: ['input']
2025-07-19 12:49:03,958 file: hbm_builder.py func: hbm_builder line No: 177 input's input_source is pyramid
2025-07-19 12:49:03,958 file: hbm_builder.py func: hbm_builder line No: 141 Insert transpose op for input at input 0
2025-07-19 12:49:03,958 file: wrap_utils.py func: wrap_utils line No: 40 Start to execute hbdk.insert_transpose.
2025-07-19 12:49:03,958 file: wrap_utils.py func: wrap_utils line No: 43 hbdk.insert_transpose input args ()
2025-07-19 12:49:03,958 file: wrap_utils.py func: wrap_utils line No: 46 hbdk.insert_transpose input kwargs {'index': 0, 'permutes': [0, 3, 1, 2]}
2025-07-19 12:49:03,958 file: wrap_utils.py func: wrap_utils line No: 50 End to execute hbdk.insert_transpose.
2025-07-19 12:49:03,958 file: hbm_builder.py func: hbm_builder line No: 104 Insert image preprocess op for input at input 0
2025-07-19 12:49:03,958 file: wrap_utils.py func: wrap_utils line No: 40 Start to execute hbdk.insert_image_preprocess.
2025-07-19 12:49:03,959 file: wrap_utils.py func: wrap_utils line No: 43 hbdk.insert_image_preprocess input args ()
2025-07-19 12:49:03,959 file: wrap_utils.py func: wrap_utils line No: 46 hbdk.insert_image_preprocess input kwargs {'index': 0, 'mode': 'yuvbt601full2rgb', 'divisor': 1, 'mean': [125.307, 122.961, 113.8575], 'std': [51.59958720330237, 50.838840874428065, 51.255766273705795], 'is_signed': True}
2025-07-19 12:49:03,959 file: hbir_handle.py func: hbir_handle line No: 104 Before insert_image_preprocess func @vit_cifar10_batch1(tensor<1x224x224x3xf32> input) -> tensor<1x10xf32> output
2025-07-19 12:49:04,006 file: hbir_handle.py func: hbir_handle line No: 111 After insert_image_preprocess func @vit_cifar10_batch1(tensor<1x224x224x3xsi8> input) -> tensor<1x10xf32> output
2025-07-19 12:49:04,052 file: wrap_utils.py func: wrap_utils line No: 50 End to execute hbdk.insert_image_preprocess.
2025-07-19 12:49:04,052 file: hbm_builder.py func: hbm_builder line No: 152 Insert image convert op for input at input 0
2025-07-19 12:49:04,052 file: wrap_utils.py func: wrap_utils line No: 40 Start to execute hbdk.insert_image_convert.
2025-07-19 12:49:04,052 file: wrap_utils.py func: wrap_utils line No: 43 hbdk.insert_image_convert input args ()
2025-07-19 12:49:04,052 file: wrap_utils.py func: wrap_utils line No: 46 hbdk.insert_image_convert input kwargs {'index': 0, 'mode': 'nv12'}
2025-07-19 12:49:04,052 file: wrap_utils.py func: wrap_utils line No: 50 End to execute hbdk.insert_image_convert.
2025-07-19 12:49:04,052 file: hbm_builder.py func: hbm_builder line No: 290 Start to convert model.
2025-07-19 12:49:04,053 file: wrap_utils.py func: wrap_utils line No: 40 Start to execute hbdk.convert.
2025-07-19 12:49:04,053 file: wrap_utils.py func: wrap_utils line No: 43 hbdk.convert input args ('nash-e',)
2025-07-19 12:49:04,053 file: wrap_utils.py func: wrap_utils line No: 46 hbdk.convert input kwargs {'advice': True, 'advice_path': '/open_explorer/Model/ViT/vit_cifar10_batch1/', 'enable_vpu': True}
2025-07-19 12:49:09,320 file: wrap_utils.py func: wrap_utils line No: 50 End to execute hbdk.convert.
2025-07-19 12:49:09,321 file: wrap_utils.py func: wrap_utils line No: 40 Start to execute hbdk.save.
2025-07-19 12:49:09,321 file: wrap_utils.py func: wrap_utils line No: 43 hbdk.save input args (<hbdk4.compiler.overlay.Module object at 0x7f7c6ccd2650>,)
2025-07-19 12:49:09,321 file: wrap_utils.py func: wrap_utils line No: 46 hbdk.save input kwargs {'suffix': '_quantized_model.bc'}
2025-07-19 12:49:09,568 file: wrap_utils.py func: wrap_utils line No: 50 End to execute hbdk.save.
2025-07-19 12:49:09,568 file: hbm_builder.py func: hbm_builder line No: 297 Successfully convert model.
2025-07-19 12:49:09,573 file: node_info.py func: node_info line No: 79 /patch_embed/norm/LayerNormalization_mean2_output_calibrated_/patch_embed/norm/LayerNormalization_hzrsqrt_quantized_input skips printing the advice info since the backend is null
2025-07-19 12:49:09,573 file: node_info.py func: node_info line No: 79 /patch_embed/norm/LayerNormalization_hzrsqrt_output skips printing the advice info since the backend is null
2025-07-19 12:49:09,573 file: node_info.py func: node_info line No: 79 /patch_embed/norm/LayerNormalization_output_0_calibrated skips printing the advice info since the backend is null
2025-07-19 12:49:09,573 file: node_info.py func: node_info line No: 79 /blocks/blocks.0/norm_1/LayerNormalization_mean2_output_calibrated_/blocks/blocks.0/norm_1/LayerNormalization_hzrsqrt_quantized_input skips printing the advice info since the backend is null
2025-07-19 12:49:09,573 file: node_info.py func: node_info line No: 79 /blocks/blocks.0/norm_1/LayerNormalization_hzrsqrt_output skips printing the advice info since the backend is null
2025-07-19 12:49:09,573 file: node_info.py func: node_info line No: 79 /blocks/blocks.0/attn/Softmax_output_0_sub_calibrated_/blocks/blocks.0/attn/Softmax_exp_FROM_QUANTIZED_SOFTMAX_quantized_input skips printing the advice info since the backend is null
2025-07-19 12:49:09,573 file: node_info.py func: node_info line No: 79 /blocks/blocks.0/attn/Softmax_output_0_exp skips printing the advice info since the backend is null
2025-07-19 12:49:09,573 file: node_info.py func: node_info line No: 79 /blocks/blocks.0/attn/Softmax_output_0_reducesum_calibrated_/blocks/blocks.0/attn/Softmax_reciprocal_FROM_QUANTIZED_SOFTMAX_quantized_input skips printing the advice info since the backend is null
2025-07-19 12:49:09,573 file: node_info.py func: node_info line No: 79 /blocks/blocks.0/attn/Softmax_output_0_reciprocal skips printing the advice info since the backend is null
2025-07-19 12:49:09,573 file: node_info.py func: node_info line No: 79 /blocks/blocks.0/norm_2/LayerNormalization_mean2_output_calibrated_/blocks/blocks.0/norm_2/LayerNormalization_hzrsqrt_quantized_input skips printing the advice info since the backend is null
2025-07-19 12:49:09,573 file: node_info.py func: node_info line No: 79 /blocks/blocks.0/norm_2/LayerNormalization_hzrsqrt_output skips printing the advice info since the backend is null
2025-07-19 12:49:09,573 file: node_info.py func: node_info line No: 79 /blocks/blocks.0/mlp/fc1/Add_output_0_reshape_transpose_calibrated_/blocks/blocks.0/mlp/act/Mul_1_quantized_input skips printing the advice info since the backend is null
2025-07-19 12:49:09,574 file: node_info.py func: node_info line No: 79 /blocks/blocks.0/mlp/act/Mul_1_output_0_reshape_transpose skips printing the advice info since the backend is null
2025-07-19 12:49:09,574 file: node_info.py func: node_info line No: 79 /blocks/blocks.1/norm_1/LayerNormalization_mean2_output_calibrated_/blocks/blocks.1/norm_1/LayerNormalization_hzrsqrt_quantized_input skips printing the advice info since the backend is null
2025-07-19 12:49:09,574 file: node_info.py func: node_info line No: 79 /blocks/blocks.1/norm_1/LayerNormalization_hzrsqrt_output skips printing the advice info since the backend is null
2025-07-19 12:49:09,574 file: node_info.py func: node_info line No: 79 /blocks/blocks.1/attn/Softmax_output_0_sub_calibrated_/blocks/blocks.1/attn/Softmax_exp_FROM_QUANTIZED_SOFTMAX_quantized_input skips printing the advice info since the backend is null
2025-07-19 12:49:09,574 file: node_info.py func: node_info line No: 79 /blocks/blocks.1/attn/Softmax_output_0_exp skips printing the advice info since the backend is null
2025-07-19 12:49:09,574 file: node_info.py func: node_info line No: 79 /blocks/blocks.1/attn/Softmax_output_0_reducesum_calibrated_/blocks/blocks.1/attn/Softmax_reciprocal_FROM_QUANTIZED_SOFTMAX_quantized_input skips printing the advice info since the backend is null
2025-07-19 12:49:09,574 file: node_info.py func: node_info line No: 79 /blocks/blocks.1/attn/Softmax_output_0_reciprocal skips printing the advice info since the backend is null
2025-07-19 12:49:09,574 file: node_info.py func: node_info line No: 79 /blocks/blocks.1/norm_2/LayerNormalization_mean2_output_calibrated_/blocks/blocks.1/norm_2/LayerNormalization_hzrsqrt_quantized_input skips printing the advice info since the backend is null
2025-07-19 12:49:09,574 file: node_info.py func: node_info line No: 79 /blocks/blocks.1/norm_2/LayerNormalization_hzrsqrt_output skips printing the advice info since the backend is null
2025-07-19 12:49:09,574 file: node_info.py func: node_info line No: 79 /blocks/blocks.1/mlp/fc1/Add_output_0_reshape_transpose_calibrated_/blocks/blocks.1/mlp/act/Mul_1_quantized_input skips printing the advice info since the backend is null
2025-07-19 12:49:09,574 file: node_info.py func: node_info line No: 79 /blocks/blocks.1/mlp/act/Mul_1_output_0_reshape_transpose skips printing the advice info since the backend is null
2025-07-19 12:49:09,574 file: node_info.py func: node_info line No: 79 /blocks/blocks.2/norm_1/LayerNormalization_mean2_output_calibrated_/blocks/blocks.2/norm_1/LayerNormalization_hzrsqrt_quantized_input skips printing the advice info since the backend is null
2025-07-19 12:49:09,574 file: node_info.py func: node_info line No: 79 /blocks/blocks.2/norm_1/LayerNormalization_hzrsqrt_output skips printing the advice info since the backend is null
2025-07-19 12:49:09,574 file: node_info.py func: node_info line No: 79 /blocks/blocks.2/attn/Softmax_output_0_sub_calibrated_/blocks/blocks.2/attn/Softmax_exp_FROM_QUANTIZED_SOFTMAX_quantized_input skips printing the advice info since the backend is null
2025-07-19 12:49:09,574 file: node_info.py func: node_info line No: 79 /blocks/blocks.2/attn/Softmax_output_0_exp skips printing the advice info since the backend is null
2025-07-19 12:49:09,574 file: node_info.py func: node_info line No: 79 /blocks/blocks.2/attn/Softmax_output_0_reducesum_calibrated_/blocks/blocks.2/attn/Softmax_reciprocal_FROM_QUANTIZED_SOFTMAX_quantized_input skips printing the advice info since the backend is null
2025-07-19 12:49:09,574 file: node_info.py func: node_info line No: 79 /blocks/blocks.2/attn/Softmax_output_0_reciprocal skips printing the advice info since the backend is null
2025-07-19 12:49:09,574 file: node_info.py func: node_info line No: 79 /blocks/blocks.2/norm_2/LayerNormalization_mean2_output_calibrated_/blocks/blocks.2/norm_2/LayerNormalization_hzrsqrt_quantized_input skips printing the advice info since the backend is null
2025-07-19 12:49:09,574 file: node_info.py func: node_info line No: 79 /blocks/blocks.2/norm_2/LayerNormalization_hzrsqrt_output skips printing the advice info since the backend is null
2025-07-19 12:49:09,574 file: node_info.py func: node_info line No: 79 /blocks/blocks.2/mlp/fc1/Add_output_0_reshape_transpose_calibrated_/blocks/blocks.2/mlp/act/Mul_1_quantized_input skips printing the advice info since the backend is null
2025-07-19 12:49:09,574 file: node_info.py func: node_info line No: 79 /blocks/blocks.2/mlp/act/Mul_1_output_0_reshape_transpose skips printing the advice info since the backend is null
2025-07-19 12:49:09,574 file: node_info.py func: node_info line No: 79 /blocks/blocks.3/norm_1/LayerNormalization_mean2_output_calibrated_/blocks/blocks.3/norm_1/LayerNormalization_hzrsqrt_quantized_input skips printing the advice info since the backend is null
2025-07-19 12:49:09,574 file: node_info.py func: node_info line No: 79 /blocks/blocks.3/norm_1/LayerNormalization_hzrsqrt_output skips printing the advice info since the backend is null
2025-07-19 12:49:09,574 file: node_info.py func: node_info line No: 79 /blocks/blocks.3/attn/Softmax_output_0_sub_calibrated_/blocks/blocks.3/attn/Softmax_exp_FROM_QUANTIZED_SOFTMAX_quantized_input skips printing the advice info since the backend is null
2025-07-19 12:49:09,574 file: node_info.py func: node_info line No: 79 /blocks/blocks.3/attn/Softmax_output_0_exp skips printing the advice info since the backend is null
2025-07-19 12:49:09,574 file: node_info.py func: node_info line No: 79 /blocks/blocks.3/attn/Softmax_output_0_reducesum_calibrated_/blocks/blocks.3/attn/Softmax_reciprocal_FROM_QUANTIZED_SOFTMAX_quantized_input skips printing the advice info since the backend is null
2025-07-19 12:49:09,574 file: node_info.py func: node_info line No: 79 /blocks/blocks.3/attn/Softmax_output_0_reciprocal skips printing the advice info since the backend is null
2025-07-19 12:49:09,574 file: node_info.py func: node_info line No: 79 /blocks/blocks.3/norm_2/LayerNormalization_mean2_output_calibrated_/blocks/blocks.3/norm_2/LayerNormalization_hzrsqrt_quantized_input skips printing the advice info since the backend is null
2025-07-19 12:49:09,574 file: node_info.py func: node_info line No: 79 /blocks/blocks.3/norm_2/LayerNormalization_hzrsqrt_output skips printing the advice info since the backend is null
2025-07-19 12:49:09,574 file: node_info.py func: node_info line No: 79 /blocks/blocks.3/mlp/fc1/Add_output_0_reshape_transpose_calibrated_/blocks/blocks.3/mlp/act/Mul_1_quantized_input skips printing the advice info since the backend is null
2025-07-19 12:49:09,574 file: node_info.py func: node_info line No: 79 /blocks/blocks.3/mlp/act/Mul_1_output_0_reshape_transpose skips printing the advice info since the backend is null
2025-07-19 12:49:09,574 file: node_info.py func: node_info line No: 79 /blocks/blocks.4/norm_1/LayerNormalization_mean2_output_calibrated_/blocks/blocks.4/norm_1/LayerNormalization_hzrsqrt_quantized_input skips printing the advice info since the backend is null
2025-07-19 12:49:09,574 file: node_info.py func: node_info line No: 79 /blocks/blocks.4/norm_1/LayerNormalization_hzrsqrt_output skips printing the advice info since the backend is null
2025-07-19 12:49:09,574 file: node_info.py func: node_info line No: 79 /blocks/blocks.4/attn/Softmax_output_0_sub_calibrated_/blocks/blocks.4/attn/Softmax_exp_FROM_QUANTIZED_SOFTMAX_quantized_input skips printing the advice info since the backend is null
2025-07-19 12:49:09,575 file: node_info.py func: node_info line No: 79 /blocks/blocks.4/attn/Softmax_output_0_exp skips printing the advice info since the backend is null
2025-07-19 12:49:09,575 file: node_info.py func: node_info line No: 79 /blocks/blocks.4/attn/Softmax_output_0_reducesum_calibrated_/blocks/blocks.4/attn/Softmax_reciprocal_FROM_QUANTIZED_SOFTMAX_quantized_input skips printing the advice info since the backend is null
2025-07-19 12:49:09,575 file: node_info.py func: node_info line No: 79 /blocks/blocks.4/attn/Softmax_output_0_reciprocal skips printing the advice info since the backend is null
2025-07-19 12:49:09,575 file: node_info.py func: node_info line No: 79 /blocks/blocks.4/norm_2/LayerNormalization_mean2_output_calibrated_/blocks/blocks.4/norm_2/LayerNormalization_hzrsqrt_quantized_input skips printing the advice info since the backend is null
2025-07-19 12:49:09,575 file: node_info.py func: node_info line No: 79 /blocks/blocks.4/norm_2/LayerNormalization_hzrsqrt_output skips printing the advice info since the backend is null
2025-07-19 12:49:09,575 file: node_info.py func: node_info line No: 79 /blocks/blocks.4/mlp/fc1/Add_output_0_reshape_transpose_calibrated_/blocks/blocks.4/mlp/act/Mul_1_quantized_input skips printing the advice info since the backend is null
2025-07-19 12:49:09,575 file: node_info.py func: node_info line No: 79 /blocks/blocks.4/mlp/act/Mul_1_output_0_reshape_transpose skips printing the advice info since the backend is null
2025-07-19 12:49:09,575 file: node_info.py func: node_info line No: 79 /blocks/blocks.5/norm_1/LayerNormalization_mean2_output_calibrated_/blocks/blocks.5/norm_1/LayerNormalization_hzrsqrt_quantized_input skips printing the advice info since the backend is null
2025-07-19 12:49:09,575 file: node_info.py func: node_info line No: 79 /blocks/blocks.5/norm_1/LayerNormalization_hzrsqrt_output skips printing the advice info since the backend is null
2025-07-19 12:49:09,575 file: node_info.py func: node_info line No: 79 /blocks/blocks.5/attn/Softmax_output_0_sub_calibrated_/blocks/blocks.5/attn/Softmax_exp_FROM_QUANTIZED_SOFTMAX_quantized_input skips printing the advice info since the backend is null
2025-07-19 12:49:09,575 file: node_info.py func: node_info line No: 79 /blocks/blocks.5/attn/Softmax_output_0_exp skips printing the advice info since the backend is null
2025-07-19 12:49:09,575 file: node_info.py func: node_info line No: 79 /blocks/blocks.5/attn/Softmax_output_0_reducesum_calibrated_/blocks/blocks.5/attn/Softmax_reciprocal_FROM_QUANTIZED_SOFTMAX_quantized_input skips printing the advice info since the backend is null
2025-07-19 12:49:09,575 file: node_info.py func: node_info line No: 79 /blocks/blocks.5/attn/Softmax_output_0_reciprocal skips printing the advice info since the backend is null
2025-07-19 12:49:09,575 file: node_info.py func: node_info line No: 79 /blocks/blocks.5/norm_2/LayerNormalization_mean2_output_calibrated_/blocks/blocks.5/norm_2/LayerNormalization_hzrsqrt_quantized_input skips printing the advice info since the backend is null
2025-07-19 12:49:09,575 file: node_info.py func: node_info line No: 79 /blocks/blocks.5/norm_2/LayerNormalization_hzrsqrt_output skips printing the advice info since the backend is null
2025-07-19 12:49:09,575 file: node_info.py func: node_info line No: 79 /blocks/blocks.5/mlp/fc1/Add_output_0_reshape_transpose_calibrated_/blocks/blocks.5/mlp/act/Mul_1_quantized_input skips printing the advice info since the backend is null
2025-07-19 12:49:09,575 file: node_info.py func: node_info line No: 79 /blocks/blocks.5/mlp/act/Mul_1_output_0_reshape_transpose skips printing the advice info since the backend is null
2025-07-19 12:49:09,575 file: node_info.py func: node_info line No: 79 /blocks/blocks.6/norm_1/LayerNormalization_mean2_output_calibrated_/blocks/blocks.6/norm_1/LayerNormalization_hzrsqrt_quantized_input skips printing the advice info since the backend is null
2025-07-19 12:49:09,575 file: node_info.py func: node_info line No: 79 /blocks/blocks.6/norm_1/LayerNormalization_hzrsqrt_output skips printing the advice info since the backend is null
2025-07-19 12:49:09,575 file: node_info.py func: node_info line No: 79 /blocks/blocks.6/attn/Softmax_output_0_sub_calibrated_/blocks/blocks.6/attn/Softmax_exp_FROM_QUANTIZED_SOFTMAX_quantized_input skips printing the advice info since the backend is null
2025-07-19 12:49:09,575 file: node_info.py func: node_info line No: 79 /blocks/blocks.6/attn/Softmax_output_0_exp skips printing the advice info since the backend is null
2025-07-19 12:49:09,575 file: node_info.py func: node_info line No: 79 /blocks/blocks.6/attn/Softmax_output_0_reducesum_calibrated_/blocks/blocks.6/attn/Softmax_reciprocal_FROM_QUANTIZED_SOFTMAX_quantized_input skips printing the advice info since the backend is null
2025-07-19 12:49:09,575 file: node_info.py func: node_info line No: 79 /blocks/blocks.6/attn/Softmax_output_0_reciprocal skips printing the advice info since the backend is null
2025-07-19 12:49:09,575 file: node_info.py func: node_info line No: 79 /blocks/blocks.6/norm_2/LayerNormalization_mean2_output_calibrated_/blocks/blocks.6/norm_2/LayerNormalization_hzrsqrt_quantized_input skips printing the advice info since the backend is null
2025-07-19 12:49:09,575 file: node_info.py func: node_info line No: 79 /blocks/blocks.6/norm_2/LayerNormalization_hzrsqrt_output skips printing the advice info since the backend is null
2025-07-19 12:49:09,575 file: node_info.py func: node_info line No: 79 /blocks/blocks.6/mlp/fc1/Add_output_0_reshape_transpose_calibrated_/blocks/blocks.6/mlp/act/Mul_1_quantized_input skips printing the advice info since the backend is null
2025-07-19 12:49:09,575 file: node_info.py func: node_info line No: 79 /blocks/blocks.6/mlp/act/Mul_1_output_0_reshape_transpose skips printing the advice info since the backend is null
2025-07-19 12:49:09,575 file: node_info.py func: node_info line No: 79 /blocks/blocks.7/norm_1/LayerNormalization_mean2_output_calibrated_/blocks/blocks.7/norm_1/LayerNormalization_hzrsqrt_quantized_input skips printing the advice info since the backend is null
2025-07-19 12:49:09,575 file: node_info.py func: node_info line No: 79 /blocks/blocks.7/norm_1/LayerNormalization_hzrsqrt_output skips printing the advice info since the backend is null
2025-07-19 12:49:09,575 file: node_info.py func: node_info line No: 79 /blocks/blocks.7/attn/Softmax_output_0_sub_calibrated_/blocks/blocks.7/attn/Softmax_exp_FROM_QUANTIZED_SOFTMAX_quantized_input skips printing the advice info since the backend is null
2025-07-19 12:49:09,575 file: node_info.py func: node_info line No: 79 /blocks/blocks.7/attn/Softmax_output_0_exp skips printing the advice info since the backend is null
2025-07-19 12:49:09,575 file: node_info.py func: node_info line No: 79 /blocks/blocks.7/attn/Softmax_output_0_reducesum_calibrated_/blocks/blocks.7/attn/Softmax_reciprocal_FROM_QUANTIZED_SOFTMAX_quantized_input skips printing the advice info since the backend is null
2025-07-19 12:49:09,575 file: node_info.py func: node_info line No: 79 /blocks/blocks.7/attn/Softmax_output_0_reciprocal skips printing the advice info since the backend is null
2025-07-19 12:49:09,575 file: node_info.py func: node_info line No: 79 /blocks/blocks.7/norm_2/LayerNormalization_mean2_output_calibrated_/blocks/blocks.7/norm_2/LayerNormalization_hzrsqrt_quantized_input skips printing the advice info since the backend is null
2025-07-19 12:49:09,575 file: node_info.py func: node_info line No: 79 /blocks/blocks.7/norm_2/LayerNormalization_hzrsqrt_output skips printing the advice info since the backend is null
2025-07-19 12:49:09,575 file: node_info.py func: node_info line No: 79 /blocks/blocks.7/mlp/fc1/Add_output_0_reshape_transpose_calibrated_/blocks/blocks.7/mlp/act/Mul_1_quantized_input skips printing the advice info since the backend is null
2025-07-19 12:49:09,576 file: node_info.py func: node_info line No: 79 /blocks/blocks.7/mlp/act/Mul_1_output_0_reshape_transpose skips printing the advice info since the backend is null
2025-07-19 12:49:09,576 file: node_info.py func: node_info line No: 79 /blocks/blocks.8/norm_1/LayerNormalization_mean2_output_calibrated_/blocks/blocks.8/norm_1/LayerNormalization_hzrsqrt_quantized_input skips printing the advice info since the backend is null
2025-07-19 12:49:09,576 file: node_info.py func: node_info line No: 79 /blocks/blocks.8/norm_1/LayerNormalization_hzrsqrt_output skips printing the advice info since the backend is null
2025-07-19 12:49:09,576 file: node_info.py func: node_info line No: 79 /blocks/blocks.8/attn/Softmax_output_0_sub_calibrated_/blocks/blocks.8/attn/Softmax_exp_FROM_QUANTIZED_SOFTMAX_quantized_input skips printing the advice info since the backend is null
2025-07-19 12:49:09,576 file: node_info.py func: node_info line No: 79 /blocks/blocks.8/attn/Softmax_output_0_exp skips printing the advice info since the backend is null
2025-07-19 12:49:09,576 file: node_info.py func: node_info line No: 79 /blocks/blocks.8/attn/Softmax_output_0_reducesum_calibrated_/blocks/blocks.8/attn/Softmax_reciprocal_FROM_QUANTIZED_SOFTMAX_quantized_input skips printing the advice info since the backend is null
2025-07-19 12:49:09,576 file: node_info.py func: node_info line No: 79 /blocks/blocks.8/attn/Softmax_output_0_reciprocal skips printing the advice info since the backend is null
2025-07-19 12:49:09,576 file: node_info.py func: node_info line No: 79 /blocks/blocks.8/norm_2/LayerNormalization_mean2_output_calibrated_/blocks/blocks.8/norm_2/LayerNormalization_hzrsqrt_quantized_input skips printing the advice info since the backend is null
2025-07-19 12:49:09,576 file: node_info.py func: node_info line No: 79 /blocks/blocks.8/norm_2/LayerNormalization_hzrsqrt_output skips printing the advice info since the backend is null
2025-07-19 12:49:09,576 file: node_info.py func: node_info line No: 79 /blocks/blocks.8/mlp/fc1/Add_output_0_reshape_transpose_calibrated_/blocks/blocks.8/mlp/act/Mul_1_quantized_input skips printing the advice info since the backend is null
2025-07-19 12:49:09,576 file: node_info.py func: node_info line No: 79 /blocks/blocks.8/mlp/act/Mul_1_output_0_reshape_transpose skips printing the advice info since the backend is null
2025-07-19 12:49:09,576 file: node_info.py func: node_info line No: 79 /blocks/blocks.9/norm_1/LayerNormalization_mean2_output_calibrated_/blocks/blocks.9/norm_1/LayerNormalization_hzrsqrt_quantized_input skips printing the advice info since the backend is null
2025-07-19 12:49:09,576 file: node_info.py func: node_info line No: 79 /blocks/blocks.9/norm_1/LayerNormalization_hzrsqrt_output skips printing the advice info since the backend is null
2025-07-19 12:49:09,576 file: node_info.py func: node_info line No: 79 /blocks/blocks.9/attn/Softmax_output_0_sub_calibrated_/blocks/blocks.9/attn/Softmax_exp_FROM_QUANTIZED_SOFTMAX_quantized_input skips printing the advice info since the backend is null
2025-07-19 12:49:09,576 file: node_info.py func: node_info line No: 79 /blocks/blocks.9/attn/Softmax_output_0_exp skips printing the advice info since the backend is null
2025-07-19 12:49:09,576 file: node_info.py func: node_info line No: 79 /blocks/blocks.9/attn/Softmax_output_0_reducesum_calibrated_/blocks/blocks.9/attn/Softmax_reciprocal_FROM_QUANTIZED_SOFTMAX_quantized_input skips printing the advice info since the backend is null
2025-07-19 12:49:09,576 file: node_info.py func: node_info line No: 79 /blocks/blocks.9/attn/Softmax_output_0_reciprocal skips printing the advice info since the backend is null
2025-07-19 12:49:09,576 file: node_info.py func: node_info line No: 79 /blocks/blocks.9/norm_2/LayerNormalization_mean2_output_calibrated_/blocks/blocks.9/norm_2/LayerNormalization_hzrsqrt_quantized_input skips printing the advice info since the backend is null
2025-07-19 12:49:09,576 file: node_info.py func: node_info line No: 79 /blocks/blocks.9/norm_2/LayerNormalization_hzrsqrt_output skips printing the advice info since the backend is null
2025-07-19 12:49:09,576 file: node_info.py func: node_info line No: 79 /blocks/blocks.9/mlp/fc1/Add_output_0_reshape_transpose_calibrated_/blocks/blocks.9/mlp/act/Mul_1_quantized_input skips printing the advice info since the backend is null
2025-07-19 12:49:09,576 file: node_info.py func: node_info line No: 79 /blocks/blocks.9/mlp/act/Mul_1_output_0_reshape_transpose skips printing the advice info since the backend is null
2025-07-19 12:49:09,576 file: node_info.py func: node_info line No: 79 /blocks/blocks.10/norm_1/LayerNormalization_mean2_output_calibrated_/blocks/blocks.10/norm_1/LayerNormalization_hzrsqrt_quantized_input skips printing the advice info since the backend is null
2025-07-19 12:49:09,576 file: node_info.py func: node_info line No: 79 /blocks/blocks.10/norm_1/LayerNormalization_hzrsqrt_output skips printing the advice info since the backend is null
2025-07-19 12:49:09,576 file: node_info.py func: node_info line No: 79 /blocks/blocks.10/attn/Softmax_output_0_sub_calibrated_/blocks/blocks.10/attn/Softmax_exp_FROM_QUANTIZED_SOFTMAX_quantized_input skips printing the advice info since the backend is null
2025-07-19 12:49:09,576 file: node_info.py func: node_info line No: 79 /blocks/blocks.10/attn/Softmax_output_0_exp skips printing the advice info since the backend is null
2025-07-19 12:49:09,576 file: node_info.py func: node_info line No: 79 /blocks/blocks.10/attn/Softmax_output_0_reducesum_calibrated_/blocks/blocks.10/attn/Softmax_reciprocal_FROM_QUANTIZED_SOFTMAX_quantized_input skips printing the advice info since the backend is null
2025-07-19 12:49:09,576 file: node_info.py func: node_info line No: 79 /blocks/blocks.10/attn/Softmax_output_0_reciprocal skips printing the advice info since the backend is null
2025-07-19 12:49:09,576 file: node_info.py func: node_info line No: 79 /blocks/blocks.10/norm_2/LayerNormalization_mean2_output_calibrated_/blocks/blocks.10/norm_2/LayerNormalization_hzrsqrt_quantized_input skips printing the advice info since the backend is null
2025-07-19 12:49:09,576 file: node_info.py func: node_info line No: 79 /blocks/blocks.10/norm_2/LayerNormalization_hzrsqrt_output skips printing the advice info since the backend is null
2025-07-19 12:49:09,576 file: node_info.py func: node_info line No: 79 /blocks/blocks.10/mlp/fc1/Add_output_0_reshape_transpose_calibrated_/blocks/blocks.10/mlp/act/Mul_1_quantized_input skips printing the advice info since the backend is null
2025-07-19 12:49:09,576 file: node_info.py func: node_info line No: 79 /blocks/blocks.10/mlp/act/Mul_1_output_0_reshape_transpose skips printing the advice info since the backend is null
2025-07-19 12:49:09,576 file: node_info.py func: node_info line No: 79 /blocks/blocks.11/norm_1/LayerNormalization_mean2_output_calibrated_/blocks/blocks.11/norm_1/LayerNormalization_hzrsqrt_quantized_input skips printing the advice info since the backend is null
2025-07-19 12:49:09,576 file: node_info.py func: node_info line No: 79 /blocks/blocks.11/norm_1/LayerNormalization_hzrsqrt_output skips printing the advice info since the backend is null
2025-07-19 12:49:09,576 file: node_info.py func: node_info line No: 79 /blocks/blocks.11/attn/Softmax_output_0_sub_calibrated_/blocks/blocks.11/attn/Softmax_exp_FROM_QUANTIZED_SOFTMAX_quantized_input skips printing the advice info since the backend is null
2025-07-19 12:49:09,576 file: node_info.py func: node_info line No: 79 /blocks/blocks.11/attn/Softmax_output_0_exp skips printing the advice info since the backend is null
2025-07-19 12:49:09,576 file: node_info.py func: node_info line No: 79 /blocks/blocks.11/attn/Softmax_output_0_reducesum_calibrated_/blocks/blocks.11/attn/Softmax_reciprocal_FROM_QUANTIZED_SOFTMAX_quantized_input skips printing the advice info since the backend is null
2025-07-19 12:49:09,577 file: node_info.py func: node_info line No: 79 /blocks/blocks.11/attn/Softmax_output_0_reciprocal skips printing the advice info since the backend is null
2025-07-19 12:49:09,577 file: node_info.py func: node_info line No: 79 /blocks/blocks.11/norm_2/LayerNormalization_mean2_output_calibrated_/blocks/blocks.11/norm_2/LayerNormalization_hzrsqrt_quantized_input skips printing the advice info since the backend is null
2025-07-19 12:49:09,577 file: node_info.py func: node_info line No: 79 /blocks/blocks.11/norm_2/LayerNormalization_hzrsqrt_output skips printing the advice info since the backend is null
2025-07-19 12:49:09,577 file: node_info.py func: node_info line No: 79 /blocks/blocks.11/mlp/fc1/Add_output_0_reshape_transpose_calibrated_/blocks/blocks.11/mlp/act/Mul_1_quantized_input skips printing the advice info since the backend is null
2025-07-19 12:49:09,577 file: node_info.py func: node_info line No: 79 /blocks/blocks.11/mlp/act/Mul_1_output_0_reshape_transpose skips printing the advice info since the backend is null
2025-07-19 12:49:09,577 file: node_info.py func: node_info line No: 79 /norm/LayerNormalization_mean2_output_calibrated_/norm/LayerNormalization_hzrsqrt_quantized_input skips printing the advice info since the backend is null
2025-07-19 12:49:09,577 file: node_info.py func: node_info line No: 79 /norm/LayerNormalization_hzrsqrt_output skips printing the advice info since the backend is null
2025-07-19 12:49:09,577 file: node_info.py func: node_info line No: 284 hb_verifier -m /open_explorer/Model/ViT/vit_cifar10_batch1/vit_cifar10_batch1_optimized_float_model.onnx,/open_explorer/Model/ViT/vit_cifar10_batch1/vit_cifar10_batch1_quantized_model.bc -i input:/open_explorer/Model/ViT/vit_cifar10_batch1/.hb_compile_tmp/input.npy
2025-07-19 12:49:09,577 file: params_check.py func: params_check line No: 44 Start to check params ...
2025-07-19 12:49:10,823 file: params_check.py func: params_check line No: 51 End to check params.
2025-07-19 12:49:10,831 file: inference.py func: inference line No: 22 Start to inference onnx model vit_cifar10_batch1_optimized_float_model
2025-07-19 12:49:10,940 file: inference.py func: inference line No: 22 Start to inference bc model vit_cifar10_batch1_quantized_model
2025-07-19 12:49:12,331 file: comparator.py func: comparator line No: 149 The model [/patch_embed/Transpose_output_0] has different shapes, skip this tensor calculation. Model shape is different: (1, 196, 384) vs (1, 384, 196)
2025-07-19 12:49:12,332 file: comparator.py func: comparator line No: 149 The model [/blocks/blocks.0/norm_1/LayerNormalization_output_0] has different shapes, skip this tensor calculation. Model shape is different: (1, 197, 384) vs (1, 384, 197)
2025-07-19 12:49:12,338 file: comparator.py func: comparator line No: 149 The model [/blocks/blocks.0/attn/MatMul_1_output_0] has different shapes, skip this tensor calculation. Model shape is different: (1, 12, 197, 32) vs (1, 12, 32, 197)
2025-07-19 12:49:12,339 file: comparator.py func: comparator line No: 149 The model [/blocks/blocks.0/norm_2/LayerNormalization_output_0] has different shapes, skip this tensor calculation. Model shape is different: (1, 197, 384) vs (1, 384, 197)
2025-07-19 12:49:12,341 file: comparator.py func: comparator line No: 149 The model [/blocks/blocks.1/norm_1/LayerNormalization_output_0] has different shapes, skip this tensor calculation. Model shape is different: (1, 197, 384) vs (1, 384, 197)
2025-07-19 12:49:12,347 file: comparator.py func: comparator line No: 149 The model [/blocks/blocks.1/attn/MatMul_1_output_0] has different shapes, skip this tensor calculation. Model shape is different: (1, 12, 197, 32) vs (1, 12, 32, 197)
2025-07-19 12:49:12,348 file: comparator.py func: comparator line No: 149 The model [/blocks/blocks.1/norm_2/LayerNormalization_output_0] has different shapes, skip this tensor calculation. Model shape is different: (1, 197, 384) vs (1, 384, 197)
2025-07-19 12:49:12,350 file: comparator.py func: comparator line No: 149 The model [/blocks/blocks.2/norm_1/LayerNormalization_output_0] has different shapes, skip this tensor calculation. Model shape is different: (1, 197, 384) vs (1, 384, 197)
2025-07-19 12:49:12,356 file: comparator.py func: comparator line No: 149 The model [/blocks/blocks.2/attn/MatMul_1_output_0] has different shapes, skip this tensor calculation. Model shape is different: (1, 12, 197, 32) vs (1, 12, 32, 197)
2025-07-19 12:49:12,357 file: comparator.py func: comparator line No: 149 The model [/blocks/blocks.2/norm_2/LayerNormalization_output_0] has different shapes, skip this tensor calculation. Model shape is different: (1, 197, 384) vs (1, 384, 197)
2025-07-19 12:49:12,359 file: comparator.py func: comparator line No: 149 The model [/blocks/blocks.3/norm_1/LayerNormalization_output_0] has different shapes, skip this tensor calculation. Model shape is different: (1, 197, 384) vs (1, 384, 197)
2025-07-19 12:49:12,365 file: comparator.py func: comparator line No: 149 The model [/blocks/blocks.3/attn/MatMul_1_output_0] has different shapes, skip this tensor calculation. Model shape is different: (1, 12, 197, 32) vs (1, 12, 32, 197)
2025-07-19 12:49:12,366 file: comparator.py func: comparator line No: 149 The model [/blocks/blocks.3/norm_2/LayerNormalization_output_0] has different shapes, skip this tensor calculation. Model shape is different: (1, 197, 384) vs (1, 384, 197)
2025-07-19 12:49:12,368 file: comparator.py func: comparator line No: 149 The model [/blocks/blocks.4/norm_1/LayerNormalization_output_0] has different shapes, skip this tensor calculation. Model shape is different: (1, 197, 384) vs (1, 384, 197)
2025-07-19 12:49:12,374 file: comparator.py func: comparator line No: 149 The model [/blocks/blocks.4/attn/MatMul_1_output_0] has different shapes, skip this tensor calculation. Model shape is different: (1, 12, 197, 32) vs (1, 12, 32, 197)
2025-07-19 12:49:12,375 file: comparator.py func: comparator line No: 149 The model [/blocks/blocks.4/norm_2/LayerNormalization_output_0] has different shapes, skip this tensor calculation. Model shape is different: (1, 197, 384) vs (1, 384, 197)
2025-07-19 12:49:12,377 file: comparator.py func: comparator line No: 149 The model [/blocks/blocks.5/norm_1/LayerNormalization_output_0] has different shapes, skip this tensor calculation. Model shape is different: (1, 197, 384) vs (1, 384, 197)
2025-07-19 12:49:12,383 file: comparator.py func: comparator line No: 149 The model [/blocks/blocks.5/attn/MatMul_1_output_0] has different shapes, skip this tensor calculation. Model shape is different: (1, 12, 197, 32) vs (1, 12, 32, 197)
2025-07-19 12:49:12,384 file: comparator.py func: comparator line No: 149 The model [/blocks/blocks.5/norm_2/LayerNormalization_output_0] has different shapes, skip this tensor calculation. Model shape is different: (1, 197, 384) vs (1, 384, 197)
2025-07-19 12:49:12,386 file: comparator.py func: comparator line No: 149 The model [/blocks/blocks.6/norm_1/LayerNormalization_output_0] has different shapes, skip this tensor calculation. Model shape is different: (1, 197, 384) vs (1, 384, 197)
2025-07-19 12:49:12,392 file: comparator.py func: comparator line No: 149 The model [/blocks/blocks.6/attn/MatMul_1_output_0] has different shapes, skip this tensor calculation. Model shape is different: (1, 12, 197, 32) vs (1, 12, 32, 197)
2025-07-19 12:49:12,393 file: comparator.py func: comparator line No: 149 The model [/blocks/blocks.6/norm_2/LayerNormalization_output_0] has different shapes, skip this tensor calculation. Model shape is different: (1, 197, 384) vs (1, 384, 197)
2025-07-19 12:49:12,395 file: comparator.py func: comparator line No: 149 The model [/blocks/blocks.7/norm_1/LayerNormalization_output_0] has different shapes, skip this tensor calculation. Model shape is different: (1, 197, 384) vs (1, 384, 197)
2025-07-19 12:49:12,401 file: comparator.py func: comparator line No: 149 The model [/blocks/blocks.7/attn/MatMul_1_output_0] has different shapes, skip this tensor calculation. Model shape is different: (1, 12, 197, 32) vs (1, 12, 32, 197)
2025-07-19 12:49:12,402 file: comparator.py func: comparator line No: 149 The model [/blocks/blocks.7/norm_2/LayerNormalization_output_0] has different shapes, skip this tensor calculation. Model shape is different: (1, 197, 384) vs (1, 384, 197)
2025-07-19 12:49:12,405 file: comparator.py func: comparator line No: 149 The model [/blocks/blocks.8/norm_1/LayerNormalization_output_0] has different shapes, skip this tensor calculation. Model shape is different: (1, 197, 384) vs (1, 384, 197)
2025-07-19 12:49:12,411 file: comparator.py func: comparator line No: 149 The model [/blocks/blocks.8/attn/MatMul_1_output_0] has different shapes, skip this tensor calculation. Model shape is different: (1, 12, 197, 32) vs (1, 12, 32, 197)
2025-07-19 12:49:12,412 file: comparator.py func: comparator line No: 149 The model [/blocks/blocks.8/norm_2/LayerNormalization_output_0] has different shapes, skip this tensor calculation. Model shape is different: (1, 197, 384) vs (1, 384, 197)
2025-07-19 12:49:12,414 file: comparator.py func: comparator line No: 149 The model [/blocks/blocks.9/norm_1/LayerNormalization_output_0] has different shapes, skip this tensor calculation. Model shape is different: (1, 197, 384) vs (1, 384, 197)
2025-07-19 12:49:12,420 file: comparator.py func: comparator line No: 149 The model [/blocks/blocks.9/attn/MatMul_1_output_0] has different shapes, skip this tensor calculation. Model shape is different: (1, 12, 197, 32) vs (1, 12, 32, 197)
2025-07-19 12:49:12,421 file: comparator.py func: comparator line No: 149 The model [/blocks/blocks.9/norm_2/LayerNormalization_output_0] has different shapes, skip this tensor calculation. Model shape is different: (1, 197, 384) vs (1, 384, 197)
2025-07-19 12:49:12,423 file: comparator.py func: comparator line No: 149 The model [/blocks/blocks.10/norm_1/LayerNormalization_output_0] has different shapes, skip this tensor calculation. Model shape is different: (1, 197, 384) vs (1, 384, 197)
2025-07-19 12:49:12,429 file: comparator.py func: comparator line No: 149 The model [/blocks/blocks.10/attn/MatMul_1_output_0] has different shapes, skip this tensor calculation. Model shape is different: (1, 12, 197, 32) vs (1, 12, 32, 197)
2025-07-19 12:49:12,430 file: comparator.py func: comparator line No: 149 The model [/blocks/blocks.10/norm_2/LayerNormalization_output_0] has different shapes, skip this tensor calculation. Model shape is different: (1, 197, 384) vs (1, 384, 197)
2025-07-19 12:49:12,433 file: comparator.py func: comparator line No: 149 The model [/blocks/blocks.11/norm_1/LayerNormalization_output_0] has different shapes, skip this tensor calculation. Model shape is different: (1, 197, 384) vs (1, 384, 197)
2025-07-19 12:49:12,439 file: comparator.py func: comparator line No: 149 The model [/blocks/blocks.11/attn/MatMul_1_output_0] has different shapes, skip this tensor calculation. Model shape is different: (1, 12, 197, 32) vs (1, 12, 32, 197)
2025-07-19 12:49:12,440 file: comparator.py func: comparator line No: 149 The model [/blocks/blocks.11/norm_2/LayerNormalization_output_0] has different shapes, skip this tensor calculation. Model shape is different: (1, 197, 384) vs (1, 384, 197)
2025-07-19 12:49:12,444 file: node_info.py func: node_info line No: 232 /patch_embed/norm/LayerNormalization_hzrsqrt_output_calibrated is not found in advice_info
2025-07-19 12:49:12,446 file: node_info.py func: node_info line No: 232 /blocks/blocks.0/norm_1/LayerNormalization_hzrsqrt_output_calibrated is not found in advice_info
2025-07-19 12:49:12,450 file: node_info.py func: node_info line No: 232 /blocks/blocks.0/attn/Softmax_output_0_exp_calibrated is not found in advice_info
2025-07-19 12:49:12,451 file: node_info.py func: node_info line No: 232 /blocks/blocks.0/attn/Softmax_output_0_reciprocal_calibrated is not found in advice_info
2025-07-19 12:49:12,454 file: node_info.py func: node_info line No: 232 /blocks/blocks.0/norm_2/LayerNormalization_hzrsqrt_output_calibrated is not found in advice_info
2025-07-19 12:49:12,455 file: node_info.py func: node_info line No: 232 /blocks/blocks.0/mlp/act/Mul_1_output_0_reshape_transpose_calibrated is not found in advice_info
2025-07-19 12:49:12,457 file: node_info.py func: node_info line No: 232 /blocks/blocks.1/norm_1/LayerNormalization_hzrsqrt_output_calibrated is not found in advice_info
2025-07-19 12:49:12,461 file: node_info.py func: node_info line No: 232 /blocks/blocks.1/attn/Softmax_output_0_exp_calibrated is not found in advice_info
2025-07-19 12:49:12,461 file: node_info.py func: node_info line No: 232 /blocks/blocks.1/attn/Softmax_output_0_reciprocal_calibrated is not found in advice_info
2025-07-19 12:49:12,464 file: node_info.py func: node_info line No: 232 /blocks/blocks.1/norm_2/LayerNormalization_hzrsqrt_output_calibrated is not found in advice_info
2025-07-19 12:49:12,466 file: node_info.py func: node_info line No: 232 /blocks/blocks.1/mlp/act/Mul_1_output_0_reshape_transpose_calibrated is not found in advice_info
2025-07-19 12:49:12,467 file: node_info.py func: node_info line No: 232 /blocks/blocks.2/norm_1/LayerNormalization_hzrsqrt_output_calibrated is not found in advice_info
2025-07-19 12:49:12,472 file: node_info.py func: node_info line No: 232 /blocks/blocks.2/attn/Softmax_output_0_exp_calibrated is not found in advice_info
2025-07-19 12:49:12,472 file: node_info.py func: node_info line No: 232 /blocks/blocks.2/attn/Softmax_output_0_reciprocal_calibrated is not found in advice_info
2025-07-19 12:49:12,475 file: node_info.py func: node_info line No: 232 /blocks/blocks.2/norm_2/LayerNormalization_hzrsqrt_output_calibrated is not found in advice_info
2025-07-19 12:49:12,476 file: node_info.py func: node_info line No: 232 /blocks/blocks.2/mlp/act/Mul_1_output_0_reshape_transpose_calibrated is not found in advice_info
2025-07-19 12:49:12,478 file: node_info.py func: node_info line No: 232 /blocks/blocks.3/norm_1/LayerNormalization_hzrsqrt_output_calibrated is not found in advice_info
2025-07-19 12:49:12,482 file: node_info.py func: node_info line No: 232 /blocks/blocks.3/attn/Softmax_output_0_exp_calibrated is not found in advice_info
2025-07-19 12:49:12,483 file: node_info.py func: node_info line No: 232 /blocks/blocks.3/attn/Softmax_output_0_reciprocal_calibrated is not found in advice_info
2025-07-19 12:49:12,485 file: node_info.py func: node_info line No: 232 /blocks/blocks.3/norm_2/LayerNormalization_hzrsqrt_output_calibrated is not found in advice_info
2025-07-19 12:49:12,487 file: node_info.py func: node_info line No: 232 /blocks/blocks.3/mlp/act/Mul_1_output_0_reshape_transpose_calibrated is not found in advice_info
2025-07-19 12:49:12,488 file: node_info.py func: node_info line No: 232 /blocks/blocks.4/norm_1/LayerNormalization_hzrsqrt_output_calibrated is not found in advice_info
2025-07-19 12:49:12,493 file: node_info.py func: node_info line No: 232 /blocks/blocks.4/attn/Softmax_output_0_exp_calibrated is not found in advice_info
2025-07-19 12:49:12,493 file: node_info.py func: node_info line No: 232 /blocks/blocks.4/attn/Softmax_output_0_reciprocal_calibrated is not found in advice_info
2025-07-19 12:49:12,496 file: node_info.py func: node_info line No: 232 /blocks/blocks.4/norm_2/LayerNormalization_hzrsqrt_output_calibrated is not found in advice_info
2025-07-19 12:49:12,497 file: node_info.py func: node_info line No: 232 /blocks/blocks.4/mlp/act/Mul_1_output_0_reshape_transpose_calibrated is not found in advice_info
2025-07-19 12:49:12,499 file: node_info.py func: node_info line No: 232 /blocks/blocks.5/norm_1/LayerNormalization_hzrsqrt_output_calibrated is not found in advice_info
2025-07-19 12:49:12,503 file: node_info.py func: node_info line No: 232 /blocks/blocks.5/attn/Softmax_output_0_exp_calibrated is not found in advice_info
2025-07-19 12:49:12,504 file: node_info.py func: node_info line No: 232 /blocks/blocks.5/attn/Softmax_output_0_reciprocal_calibrated is not found in advice_info
2025-07-19 12:49:12,506 file: node_info.py func: node_info line No: 232 /blocks/blocks.5/norm_2/LayerNormalization_hzrsqrt_output_calibrated is not found in advice_info
2025-07-19 12:49:12,508 file: node_info.py func: node_info line No: 232 /blocks/blocks.5/mlp/act/Mul_1_output_0_reshape_transpose_calibrated is not found in advice_info
2025-07-19 12:49:12,510 file: node_info.py func: node_info line No: 232 /blocks/blocks.6/norm_1/LayerNormalization_hzrsqrt_output_calibrated is not found in advice_info
2025-07-19 12:49:12,514 file: node_info.py func: node_info line No: 232 /blocks/blocks.6/attn/Softmax_output_0_exp_calibrated is not found in advice_info
2025-07-19 12:49:12,514 file: node_info.py func: node_info line No: 232 /blocks/blocks.6/attn/Softmax_output_0_reciprocal_calibrated is not found in advice_info
2025-07-19 12:49:12,517 file: node_info.py func: node_info line No: 232 /blocks/blocks.6/norm_2/LayerNormalization_hzrsqrt_output_calibrated is not found in advice_info
2025-07-19 12:49:12,518 file: node_info.py func: node_info line No: 232 /blocks/blocks.6/mlp/act/Mul_1_output_0_reshape_transpose_calibrated is not found in advice_info
2025-07-19 12:49:12,520 file: node_info.py func: node_info line No: 232 /blocks/blocks.7/norm_1/LayerNormalization_hzrsqrt_output_calibrated is not found in advice_info
2025-07-19 12:49:12,524 file: node_info.py func: node_info line No: 232 /blocks/blocks.7/attn/Softmax_output_0_exp_calibrated is not found in advice_info
2025-07-19 12:49:12,525 file: node_info.py func: node_info line No: 232 /blocks/blocks.7/attn/Softmax_output_0_reciprocal_calibrated is not found in advice_info
2025-07-19 12:49:12,528 file: node_info.py func: node_info line No: 232 /blocks/blocks.7/norm_2/LayerNormalization_hzrsqrt_output_calibrated is not found in advice_info
2025-07-19 12:49:12,529 file: node_info.py func: node_info line No: 232 /blocks/blocks.7/mlp/act/Mul_1_output_0_reshape_transpose_calibrated is not found in advice_info
2025-07-19 12:49:12,531 file: node_info.py func: node_info line No: 232 /blocks/blocks.8/norm_1/LayerNormalization_hzrsqrt_output_calibrated is not found in advice_info
2025-07-19 12:49:12,535 file: node_info.py func: node_info line No: 232 /blocks/blocks.8/attn/Softmax_output_0_exp_calibrated is not found in advice_info
2025-07-19 12:49:12,535 file: node_info.py func: node_info line No: 232 /blocks/blocks.8/attn/Softmax_output_0_reciprocal_calibrated is not found in advice_info
2025-07-19 12:49:12,538 file: node_info.py func: node_info line No: 232 /blocks/blocks.8/norm_2/LayerNormalization_hzrsqrt_output_calibrated is not found in advice_info
2025-07-19 12:49:12,540 file: node_info.py func: node_info line No: 232 /blocks/blocks.8/mlp/act/Mul_1_output_0_reshape_transpose_calibrated is not found in advice_info
2025-07-19 12:49:12,541 file: node_info.py func: node_info line No: 232 /blocks/blocks.9/norm_1/LayerNormalization_hzrsqrt_output_calibrated is not found in advice_info
2025-07-19 12:49:12,546 file: node_info.py func: node_info line No: 232 /blocks/blocks.9/attn/Softmax_output_0_exp_calibrated is not found in advice_info
2025-07-19 12:49:12,546 file: node_info.py func: node_info line No: 232 /blocks/blocks.9/attn/Softmax_output_0_reciprocal_calibrated is not found in advice_info
2025-07-19 12:49:12,549 file: node_info.py func: node_info line No: 232 /blocks/blocks.9/norm_2/LayerNormalization_hzrsqrt_output_calibrated is not found in advice_info
2025-07-19 12:49:12,550 file: node_info.py func: node_info line No: 232 /blocks/blocks.9/mlp/act/Mul_1_output_0_reshape_transpose_calibrated is not found in advice_info
2025-07-19 12:49:12,552 file: node_info.py func: node_info line No: 232 /blocks/blocks.10/norm_1/LayerNormalization_hzrsqrt_output_calibrated is not found in advice_info
2025-07-19 12:49:12,556 file: node_info.py func: node_info line No: 232 /blocks/blocks.10/attn/Softmax_output_0_exp_calibrated is not found in advice_info
2025-07-19 12:49:12,556 file: node_info.py func: node_info line No: 232 /blocks/blocks.10/attn/Softmax_output_0_reciprocal_calibrated is not found in advice_info
2025-07-19 12:49:12,559 file: node_info.py func: node_info line No: 232 /blocks/blocks.10/norm_2/LayerNormalization_hzrsqrt_output_calibrated is not found in advice_info
2025-07-19 12:49:12,560 file: node_info.py func: node_info line No: 232 /blocks/blocks.10/mlp/act/Mul_1_output_0_reshape_transpose_calibrated is not found in advice_info
2025-07-19 12:49:12,562 file: node_info.py func: node_info line No: 232 /blocks/blocks.11/norm_1/LayerNormalization_hzrsqrt_output_calibrated is not found in advice_info
2025-07-19 12:49:12,567 file: node_info.py func: node_info line No: 232 /blocks/blocks.11/attn/Softmax_output_0_exp_calibrated is not found in advice_info
2025-07-19 12:49:12,567 file: node_info.py func: node_info line No: 232 /blocks/blocks.11/attn/Softmax_output_0_reciprocal_calibrated is not found in advice_info
2025-07-19 12:49:12,570 file: node_info.py func: node_info line No: 232 /blocks/blocks.11/norm_2/LayerNormalization_hzrsqrt_output_calibrated is not found in advice_info
2025-07-19 12:49:12,571 file: node_info.py func: node_info line No: 232 /blocks/blocks.11/mlp/act/Mul_1_output_0_reshape_transpose_calibrated is not found in advice_info
2025-07-19 12:49:12,573 file: node_info.py func: node_info line No: 232 /norm/LayerNormalization_hzrsqrt_output_calibrated is not found in advice_info
2025-07-19 12:49:12,575 file: tool_utils.py func: tool_utils line No: 571 +------------------------------------------+------------+---------+------------+-------------------+------------------+------------------+
2025-07-19 12:49:12,575 file: tool_utils.py func: tool_utils line No: 566 | Node                                     | NodeType   | ON      | Threshold  | Calibrated Cosine | Quantized Cosine | Output Data Type |
2025-07-19 12:49:12,575 file: tool_utils.py func: tool_utils line No: 571 +------------------------------------------+------------+---------+------------+-------------------+------------------+------------------+
2025-07-19 12:49:12,575 file: tool_utils.py func: tool_utils line No: 566 | /patch_embed/proj/Conv                   | Conv       | BPU     | 2.75369    | 0.999725          | --               | si16             |
2025-07-19 12:49:12,575 file: tool_utils.py func: tool_utils line No: 566 | /patch_embed/Reshape                     | Reshape    | BPU     | 3.522259   | 0.999725          | --               | si16             |
2025-07-19 12:49:12,575 file: tool_utils.py func: tool_utils line No: 566 | /patch_embed/Transpose                   | Transpose  | BPU     | 3.522259   | 0.999725          | --               | si16             |
2025-07-19 12:49:12,575 file: tool_utils.py func: tool_utils line No: 566 | ...h_embed/norm/LayerNormalization_mean1 | ReduceMean | BPU     | 3.522259   | 0.999784          | --               | si16             |
2025-07-19 12:49:12,575 file: tool_utils.py func: tool_utils line No: 566 | ...ch_embed/norm/LayerNormalization_sub1 | Sub        | BPU     | 3.522259   | 0.999725          | --               | si16             |
2025-07-19 12:49:12,575 file: tool_utils.py func: tool_utils line No: 566 | ...ch_embed/norm/LayerNormalization_mul1 | Mul        | BPU     | 3.516509   | 0.999876          | --               | si16             |
2025-07-19 12:49:12,575 file: tool_utils.py func: tool_utils line No: 566 | ...h_embed/norm/LayerNormalization_mean2 | ReduceMean | BPU     | 12.365834  | 0.999995          | --               | si16             |
2025-07-19 12:49:12,575 file: tool_utils.py func: tool_utils line No: 566 | ...embed/norm/LayerNormalization_hzrsqrt | HzRsqrt    | --      | 1.985044   | 0.999877          | --               | --               |
2025-07-19 12:49:12,575 file: tool_utils.py func: tool_utils line No: 566 | ...ch_embed/norm/LayerNormalization_mul2 | Mul        | BPU     | 3.516509   | 0.998885          | --               | si16             |
2025-07-19 12:49:12,575 file: tool_utils.py func: tool_utils line No: 566 | ...ch_embed/norm/LayerNormalization_mul3 | Mul        | BPU     | 3.82473    | 0.998885          | --               | si16             |
2025-07-19 12:49:12,575 file: tool_utils.py func: tool_utils line No: 566 | /patch_embed/norm/LayerNormalization_add | Add        | BPU     | 3.784864   | 0.998849          | --               | si8              |
2025-07-19 12:49:12,575 file: tool_utils.py func: tool_utils line No: 566 | /Concat                                  | Concat     | BPU     | 3.780667   | 0.998848          | --               | si8              |
2025-07-19 12:49:12,576 file: tool_utils.py func: tool_utils line No: 566 | /Add                                     | Add        | BPU     | 3.780667   | 0.998858          | --               | si16             |
2025-07-19 12:49:12,576 file: tool_utils.py func: tool_utils line No: 566 | ...cks.0/norm_1/LayerNormalization_mean1 | ReduceMean | BPU     | 3.794089   | 0.537047          | --               | si16             |
2025-07-19 12:49:12,576 file: tool_utils.py func: tool_utils line No: 566 | ...ocks.0/norm_1/LayerNormalization_sub1 | Sub        | BPU     | 3.794089   | 0.998859          | --               | si16             |
2025-07-19 12:49:12,576 file: tool_utils.py func: tool_utils line No: 566 | ...ocks.0/norm_1/LayerNormalization_mul1 | Mul        | BPU     | 3.794583   | 0.998345          | --               | si16             |
2025-07-19 12:49:12,576 file: tool_utils.py func: tool_utils line No: 566 | ...cks.0/norm_1/LayerNormalization_mean2 | ReduceMean | BPU     | 14.398861  | 0.999995          | --               | si16             |
2025-07-19 12:49:12,576 file: tool_utils.py func: tool_utils line No: 566 | ...s.0/norm_1/LayerNormalization_hzrsqrt | HzRsqrt    | --      | 1.060122   | 1.000000          | --               | --               |
2025-07-19 12:49:12,576 file: tool_utils.py func: tool_utils line No: 566 | ...ocks.0/norm_1/LayerNormalization_mul2 | Mul        | BPU     | 3.794583   | 0.998339          | --               | si16             |
2025-07-19 12:49:12,576 file: tool_utils.py func: tool_utils line No: 566 | ...ocks.0/norm_1/LayerNormalization_mul3 | Mul        | BPU     | 3.823673   | 0.998340          | --               | si16             |
2025-07-19 12:49:12,576 file: tool_utils.py func: tool_utils line No: 566 | ...locks.0/norm_1/LayerNormalization_add | Add        | BPU     | 3.805441   | 0.998301          | --               | si8              |
2025-07-19 12:49:12,576 file: tool_utils.py func: tool_utils line No: 566 | .../attn/q_linear/MatMul_reshape_to_4dim | Reshape    | BPU     | 3.804996   | 0.998301          | --               | si8              |
2025-07-19 12:49:12,576 file: tool_utils.py func: tool_utils line No: 566 | ...s.0/attn/q_linear/MatMul_transpose_in | Transpose  | BPU     | 3.804996   | 0.998301          | --               | si8              |
2025-07-19 12:49:12,576 file: tool_utils.py func: tool_utils line No: 566 | /blocks/blocks.0/attn/q_linear/MatMul    | Conv       | BPU     | 3.804996   | 0.998094          | --               | si8              |
2025-07-19 12:49:12,576 file: tool_utils.py func: tool_utils line No: 566 | ...linear/Add_output_0_reshape_Transpose | Transpose  | BPU     | 4.504372   | 0.998093          | --               | si8              |
2025-07-19 12:49:12,576 file: tool_utils.py func: tool_utils line No: 566 | /blocks/blocks.0/attn/Reshape            | Reshape    | BPU     | 4.504372   | 0.998093          | --               | si8              |
2025-07-19 12:49:12,576 file: tool_utils.py func: tool_utils line No: 566 | /blocks/blocks.0/attn/Transpose          | Transpose  | BPU     | 4.504372   | 0.998094          | --               | si8              |
2025-07-19 12:49:12,576 file: tool_utils.py func: tool_utils line No: 566 | /blocks/blocks.0/attn/k_linear/MatMul    | Conv       | BPU     | 3.804996   | 0.998781          | --               | si8              |
2025-07-19 12:49:12,576 file: tool_utils.py func: tool_utils line No: 566 | ...linear/Add_output_0_reshape_Transpose | Transpose  | BPU     | 3.200435   | 0.998781          | --               | si8              |
2025-07-19 12:49:12,576 file: tool_utils.py func: tool_utils line No: 566 | /blocks/blocks.0/attn/Reshape_1          | Reshape    | BPU     | 3.200435   | 0.998781          | --               | si8              |
2025-07-19 12:49:12,576 file: tool_utils.py func: tool_utils line No: 566 | /blocks/blocks.0/attn/v_linear/MatMul    | Conv       | BPU     | 3.804996   | 0.998843          | --               | si8              |
2025-07-19 12:49:12,576 file: tool_utils.py func: tool_utils line No: 566 | ...linear/Add_output_0_reshape_Transpose | Transpose  | BPU     | 3.608159   | 0.998843          | --               | si8              |
2025-07-19 12:49:12,576 file: tool_utils.py func: tool_utils line No: 566 | /blocks/blocks.0/attn/Reshape_2          | Reshape    | BPU     | 3.608159   | 0.998843          | --               | si8              |
2025-07-19 12:49:12,576 file: tool_utils.py func: tool_utils line No: 566 | /blocks/blocks.0/attn/Transpose_1        | Transpose  | BPU     | 3.608159   | 0.998843          | --               | si8              |
2025-07-19 12:49:12,576 file: tool_utils.py func: tool_utils line No: 566 | /blocks/blocks.0/attn/Transpose_2        | Transpose  | BPU     | 3.200435   | 0.998781          | --               | si8              |
2025-07-19 12:49:12,576 file: tool_utils.py func: tool_utils line No: 566 | /blocks/blocks.0/attn/MatMul             | MatMul     | BPU     | 4.504372   | 0.995768          | --               | si8              |
2025-07-19 12:49:12,576 file: tool_utils.py func: tool_utils line No: 566 | /blocks/blocks.0/attn/Mul                | Mul        | BPU     | 78.333519  | 0.995774          | --               | si16             |
2025-07-19 12:49:12,576 file: tool_utils.py func: tool_utils line No: 566 | ...tmax_reducemax_FROM_QUANTIZED_SOFTMAX | ReduceMax  | BPU     | 13.847541  | 0.997410          | --               | si16             |
2025-07-19 12:49:12,577 file: tool_utils.py func: tool_utils line No: 566 | ...tn/Softmax_sub_FROM_QUANTIZED_SOFTMAX | Sub        | BPU     | 13.847541  | 0.994747          | --               | si16             |
2025-07-19 12:49:12,577 file: tool_utils.py func: tool_utils line No: 566 | ...tn/Softmax_exp_FROM_QUANTIZED_SOFTMAX | Exp        | --      | 11.090324  | 0.996609          | --               | --               |
2025-07-19 12:49:12,577 file: tool_utils.py func: tool_utils line No: 566 | ...tmax_reducesum_FROM_QUANTIZED_SOFTMAX | ReduceSum  | BPU     | 1.0        | 0.997666          | --               | si16             |
2025-07-19 12:49:12,577 file: tool_utils.py func: tool_utils line No: 566 | ...max_reciprocal_FROM_QUANTIZED_SOFTMAX | Reciprocal | --      | 162.891296 | 0.980972          | --               | --               |
2025-07-19 12:49:12,577 file: tool_utils.py func: tool_utils line No: 566 | ...tn/Softmax_mul_FROM_QUANTIZED_SOFTMAX | Mul        | BPU     | 1.0        | 0.969086          | --               | si8              |
2025-07-19 12:49:12,577 file: tool_utils.py func: tool_utils line No: 566 | /blocks/blocks.0/attn/MatMul_1           | MatMul     | BPU     | 1.0        | 0.986664          | --               | si8              |
2025-07-19 12:49:12,577 file: tool_utils.py func: tool_utils line No: 566 | /blocks/blocks.0/attn/Transpose_3        | Transpose  | BPU     | 2.797396   | 0.986664          | --               | si8              |
2025-07-19 12:49:12,577 file: tool_utils.py func: tool_utils line No: 566 | ...ks.0/attn/proj/MatMul_reshape_to_4dim | Reshape    | BPU     | 2.797396   | 0.986664          | --               | si8              |
2025-07-19 12:49:12,577 file: tool_utils.py func: tool_utils line No: 566 | ...locks.0/attn/proj/MatMul_transpose_in | Transpose  | BPU     | 2.797396   | 0.986665          | --               | si8              |
2025-07-19 12:49:12,577 file: tool_utils.py func: tool_utils line No: 566 | /blocks/blocks.0/attn/proj/MatMul        | Conv       | BPU     | 2.797396   | 0.987855          | --               | si8              |
2025-07-19 12:49:12,577 file: tool_utils.py func: tool_utils line No: 566 | ...n/proj/Add_output_0_reshape_Transpose | Transpose  | BPU     | 1.767014   | 0.987856          | --               | si8              |
2025-07-19 12:49:12,577 file: tool_utils.py func: tool_utils line No: 566 | ...ocks.0/attn/proj/Add_output_0_Reshape | Reshape    | BPU     | 1.767014   | 0.987856          | --               | si8              |
2025-07-19 12:49:12,577 file: tool_utils.py func: tool_utils line No: 566 | /blocks/blocks.0/Add                     | Add        | BPU     | 3.794089   | 0.996582          | --               | si16             |
2025-07-19 12:49:12,577 file: tool_utils.py func: tool_utils line No: 566 | ...cks.0/norm_2/LayerNormalization_mean1 | ReduceMean | BPU     | 3.749502   | 0.835923          | --               | si16             |
2025-07-19 12:49:12,577 file: tool_utils.py func: tool_utils line No: 566 | ...ocks.0/norm_2/LayerNormalization_sub1 | Sub        | BPU     | 3.749502   | 0.996586          | --               | si16             |
2025-07-19 12:49:12,577 file: tool_utils.py func: tool_utils line No: 566 | ...ocks.0/norm_2/LayerNormalization_mul1 | Mul        | BPU     | 3.74917    | 0.994918          | --               | si16             |
2025-07-19 12:49:12,577 file: tool_utils.py func: tool_utils line No: 566 | ...cks.0/norm_2/LayerNormalization_mean2 | ReduceMean | BPU     | 14.056273  | 0.999911          | --               | si16             |
2025-07-19 12:49:12,577 file: tool_utils.py func: tool_utils line No: 566 | ...s.0/norm_2/LayerNormalization_hzrsqrt | HzRsqrt    | --      | 1.393418   | 0.999855          | --               | --               |
2025-07-19 12:49:12,577 file: tool_utils.py func: tool_utils line No: 566 | ...ocks.0/norm_2/LayerNormalization_mul2 | Mul        | BPU     | 3.74917    | 0.996328          | --               | si16             |
2025-07-19 12:49:12,577 file: tool_utils.py func: tool_utils line No: 566 | ...ocks.0/norm_2/LayerNormalization_mul3 | Mul        | BPU     | 3.797321   | 0.996324          | --               | si16             |
2025-07-19 12:49:12,577 file: tool_utils.py func: tool_utils line No: 566 | ...locks.0/norm_2/LayerNormalization_add | Add        | BPU     | 3.773887   | 0.996277          | --               | si8              |
2025-07-19 12:49:12,577 file: tool_utils.py func: tool_utils line No: 566 | ...ocks.0/mlp/fc1/MatMul_reshape_to_4dim | Reshape    | BPU     | 3.776651   | 0.996277          | --               | si8              |
2025-07-19 12:49:12,577 file: tool_utils.py func: tool_utils line No: 566 | .../blocks.0/mlp/fc1/MatMul_transpose_in | Transpose  | BPU     | 3.776651   | 0.996277          | --               | si8              |
2025-07-19 12:49:12,577 file: tool_utils.py func: tool_utils line No: 566 | /blocks/blocks.0/mlp/fc1/MatMul          | Conv       | BPU     | 3.776651   | 0.997236          | --               | si8              |
2025-07-19 12:49:12,577 file: tool_utils.py func: tool_utils line No: 566 | /blocks/blocks.0/mlp/act/Mul_1           | HzGelu     | --      | 3.28796    | 0.996798          | --               | --               |
2025-07-19 12:49:12,577 file: tool_utils.py func: tool_utils line No: 566 | /blocks/blocks.0/mlp/fc2/MatMul          | Conv       | BPU     | 2.905008   | 0.998462          | --               | si8              |
2025-07-19 12:49:12,577 file: tool_utils.py func: tool_utils line No: 566 | ...lp/fc2/Add_output_0_reshape_Transpose | Transpose  | BPU     | 2.174916   | 0.998462          | --               | si8              |
2025-07-19 12:49:12,577 file: tool_utils.py func: tool_utils line No: 566 | ...blocks.0/mlp/fc2/Add_output_0_Reshape | Reshape    | BPU     | 2.174916   | 0.998462          | --               | si8              |
2025-07-19 12:49:12,578 file: tool_utils.py func: tool_utils line No: 566 | /blocks/blocks.0/Add_1                   | Add        | BPU     | 3.749502   | 0.997573          | --               | si16             |
2025-07-19 12:49:12,578 file: tool_utils.py func: tool_utils line No: 566 | ...cks.1/norm_1/LayerNormalization_mean1 | ReduceMean | BPU     | 4.66077    | 0.944798          | --               | si16             |
2025-07-19 12:49:12,578 file: tool_utils.py func: tool_utils line No: 566 | ...ocks.1/norm_1/LayerNormalization_sub1 | Sub        | BPU     | 4.66077    | 0.997575          | --               | si16             |
2025-07-19 12:49:12,578 file: tool_utils.py func: tool_utils line No: 566 | ...ocks.1/norm_1/LayerNormalization_mul1 | Mul        | BPU     | 4.654594   | 0.995428          | --               | si16             |
2025-07-19 12:49:12,578 file: tool_utils.py func: tool_utils line No: 566 | ...cks.1/norm_1/LayerNormalization_mean2 | ReduceMean | BPU     | 21.665249  | 0.999850          | --               | si16             |
2025-07-19 12:49:12,578 file: tool_utils.py func: tool_utils line No: 566 | ...s.1/norm_1/LayerNormalization_hzrsqrt | HzRsqrt    | --      | 3.54568    | 0.999972          | --               | --               |
2025-07-19 12:49:12,578 file: tool_utils.py func: tool_utils line No: 566 | ...ocks.1/norm_1/LayerNormalization_mul2 | Mul        | BPU     | 4.654594   | 0.997149          | --               | si16             |
2025-07-19 12:49:12,578 file: tool_utils.py func: tool_utils line No: 566 | ...ocks.1/norm_1/LayerNormalization_mul3 | Mul        | BPU     | 3.858851   | 0.997154          | --               | si16             |
2025-07-19 12:49:12,578 file: tool_utils.py func: tool_utils line No: 566 | ...locks.1/norm_1/LayerNormalization_add | Add        | BPU     | 3.86592    | 0.997108          | --               | si8              |
2025-07-19 12:49:12,578 file: tool_utils.py func: tool_utils line No: 566 | .../attn/q_linear/MatMul_reshape_to_4dim | Reshape    | BPU     | 3.865321   | 0.997108          | --               | si8              |
2025-07-19 12:49:12,578 file: tool_utils.py func: tool_utils line No: 566 | ...s.1/attn/q_linear/MatMul_transpose_in | Transpose  | BPU     | 3.865321   | 0.997108          | --               | si8              |
2025-07-19 12:49:12,578 file: tool_utils.py func: tool_utils line No: 566 | /blocks/blocks.1/attn/q_linear/MatMul    | Conv       | BPU     | 3.865321   | 0.997414          | --               | si8              |
2025-07-19 12:49:12,578 file: tool_utils.py func: tool_utils line No: 566 | ...linear/Add_output_0_reshape_Transpose | Transpose  | BPU     | 3.413934   | 0.997414          | --               | si8              |
2025-07-19 12:49:12,578 file: tool_utils.py func: tool_utils line No: 566 | /blocks/blocks.1/attn/Reshape            | Reshape    | BPU     | 3.413934   | 0.997414          | --               | si8              |
2025-07-19 12:49:12,578 file: tool_utils.py func: tool_utils line No: 566 | /blocks/blocks.1/attn/Transpose          | Transpose  | BPU     | 3.413934   | 0.997414          | --               | si8              |
2025-07-19 12:49:12,578 file: tool_utils.py func: tool_utils line No: 566 | /blocks/blocks.1/attn/k_linear/MatMul    | Conv       | BPU     | 3.865321   | 0.998424          | --               | si8              |
2025-07-19 12:49:12,578 file: tool_utils.py func: tool_utils line No: 566 | ...linear/Add_output_0_reshape_Transpose | Transpose  | BPU     | 3.682911   | 0.998424          | --               | si8              |
2025-07-19 12:49:12,578 file: tool_utils.py func: tool_utils line No: 566 | /blocks/blocks.1/attn/Reshape_1          | Reshape    | BPU     | 3.682911   | 0.998424          | --               | si8              |
2025-07-19 12:49:12,578 file: tool_utils.py func: tool_utils line No: 566 | /blocks/blocks.1/attn/v_linear/MatMul    | Conv       | BPU     | 3.865321   | 0.998528          | --               | si8              |
2025-07-19 12:49:12,578 file: tool_utils.py func: tool_utils line No: 566 | ...linear/Add_output_0_reshape_Transpose | Transpose  | BPU     | 3.964412   | 0.998528          | --               | si8              |
2025-07-19 12:49:12,578 file: tool_utils.py func: tool_utils line No: 566 | /blocks/blocks.1/attn/Reshape_2          | Reshape    | BPU     | 3.964412   | 0.998528          | --               | si8              |
2025-07-19 12:49:12,578 file: tool_utils.py func: tool_utils line No: 566 | /blocks/blocks.1/attn/Transpose_1        | Transpose  | BPU     | 3.964412   | 0.998528          | --               | si8              |
2025-07-19 12:49:12,578 file: tool_utils.py func: tool_utils line No: 566 | /blocks/blocks.1/attn/Transpose_2        | Transpose  | BPU     | 3.682911   | 0.998424          | --               | si8              |
2025-07-19 12:49:12,578 file: tool_utils.py func: tool_utils line No: 566 | /blocks/blocks.1/attn/MatMul             | MatMul     | BPU     | 3.413934   | 0.996812          | --               | si8              |
2025-07-19 12:49:12,578 file: tool_utils.py func: tool_utils line No: 566 | /blocks/blocks.1/attn/Mul                | Mul        | BPU     | 54.401775  | 0.996809          | --               | si16             |
2025-07-19 12:49:12,578 file: tool_utils.py func: tool_utils line No: 566 | ...tmax_reducemax_FROM_QUANTIZED_SOFTMAX | ReduceMax  | BPU     | 9.616966   | 0.998997          | --               | si16             |
2025-07-19 12:49:12,578 file: tool_utils.py func: tool_utils line No: 566 | ...tn/Softmax_sub_FROM_QUANTIZED_SOFTMAX | Sub        | BPU     | 9.616966   | 0.998957          | --               | si16             |
2025-07-19 12:49:12,578 file: tool_utils.py func: tool_utils line No: 566 | ...tn/Softmax_exp_FROM_QUANTIZED_SOFTMAX | Exp        | --      | 11.090324  | 0.996512          | --               | --               |
2025-07-19 12:49:12,579 file: tool_utils.py func: tool_utils line No: 566 | ...tmax_reducesum_FROM_QUANTIZED_SOFTMAX | ReduceSum  | BPU     | 1.0        | 0.997792          | --               | si16             |
2025-07-19 12:49:12,579 file: tool_utils.py func: tool_utils line No: 566 | ...max_reciprocal_FROM_QUANTIZED_SOFTMAX | Reciprocal | --      | 164.430618 | 0.997597          | --               | --               |
2025-07-19 12:49:12,579 file: tool_utils.py func: tool_utils line No: 566 | ...tn/Softmax_mul_FROM_QUANTIZED_SOFTMAX | Mul        | BPU     | 1.0        | 0.956494          | --               | si8              |
2025-07-19 12:49:12,579 file: tool_utils.py func: tool_utils line No: 566 | /blocks/blocks.1/attn/MatMul_1           | MatMul     | BPU     | 1.0        | 0.969281          | --               | si8              |
2025-07-19 12:49:12,579 file: tool_utils.py func: tool_utils line No: 566 | /blocks/blocks.1/attn/Transpose_3        | Transpose  | BPU     | 2.493048   | 0.969281          | --               | si8              |
2025-07-19 12:49:12,579 file: tool_utils.py func: tool_utils line No: 566 | ...ks.1/attn/proj/MatMul_reshape_to_4dim | Reshape    | BPU     | 2.493048   | 0.969281          | --               | si8              |
2025-07-19 12:49:12,579 file: tool_utils.py func: tool_utils line No: 566 | ...locks.1/attn/proj/MatMul_transpose_in | Transpose  | BPU     | 2.493048   | 0.969280          | --               | si8              |
2025-07-19 12:49:12,579 file: tool_utils.py func: tool_utils line No: 566 | /blocks/blocks.1/attn/proj/MatMul        | Conv       | BPU     | 2.493048   | 0.967293          | --               | si8              |
2025-07-19 12:49:12,579 file: tool_utils.py func: tool_utils line No: 566 | ...n/proj/Add_output_0_reshape_Transpose | Transpose  | BPU     | 1.48557    | 0.967293          | --               | si8              |
2025-07-19 12:49:12,579 file: tool_utils.py func: tool_utils line No: 566 | ...ocks.1/attn/proj/Add_output_0_Reshape | Reshape    | BPU     | 1.48557    | 0.967293          | --               | si8              |
2025-07-19 12:49:12,579 file: tool_utils.py func: tool_utils line No: 566 | /blocks/blocks.1/Add                     | Add        | BPU     | 4.66077    | 0.994174          | --               | si16             |
2025-07-19 12:49:12,579 file: tool_utils.py func: tool_utils line No: 566 | ...cks.1/norm_2/LayerNormalization_mean1 | ReduceMean | BPU     | 4.640541   | 0.924804          | --               | si16             |
2025-07-19 12:49:12,579 file: tool_utils.py func: tool_utils line No: 566 | ...ocks.1/norm_2/LayerNormalization_sub1 | Sub        | BPU     | 4.640541   | 0.994184          | --               | si16             |
2025-07-19 12:49:12,579 file: tool_utils.py func: tool_utils line No: 566 | ...ocks.1/norm_2/LayerNormalization_mul1 | Mul        | BPU     | 4.641376   | 0.990815          | --               | si16             |
2025-07-19 12:49:12,579 file: tool_utils.py func: tool_utils line No: 566 | ...cks.1/norm_2/LayerNormalization_mean2 | ReduceMean | BPU     | 21.542376  | 0.999705          | --               | si16             |
2025-07-19 12:49:12,579 file: tool_utils.py func: tool_utils line No: 566 | ...s.1/norm_2/LayerNormalization_hzrsqrt | HzRsqrt    | --      | 3.412702   | 0.999859          | --               | --               |
2025-07-19 12:49:12,579 file: tool_utils.py func: tool_utils line No: 566 | ...ocks.1/norm_2/LayerNormalization_mul2 | Mul        | BPU     | 4.641376   | 0.993290          | --               | si16             |
2025-07-19 12:49:12,579 file: tool_utils.py func: tool_utils line No: 566 | ...ocks.1/norm_2/LayerNormalization_mul3 | Mul        | BPU     | 4.355299   | 0.993286          | --               | si16             |
2025-07-19 12:49:12,579 file: tool_utils.py func: tool_utils line No: 566 | ...locks.1/norm_2/LayerNormalization_add | Add        | BPU     | 4.31856    | 0.993222          | --               | si8              |
2025-07-19 12:49:12,579 file: tool_utils.py func: tool_utils line No: 566 | ...ocks.1/mlp/fc1/MatMul_reshape_to_4dim | Reshape    | BPU     | 4.324454   | 0.993222          | --               | si8              |
2025-07-19 12:49:12,579 file: tool_utils.py func: tool_utils line No: 566 | .../blocks.1/mlp/fc1/MatMul_transpose_in | Transpose  | BPU     | 4.324454   | 0.993222          | --               | si8              |
2025-07-19 12:49:12,579 file: tool_utils.py func: tool_utils line No: 566 | /blocks/blocks.1/mlp/fc1/MatMul          | Conv       | BPU     | 4.324454   | 0.995008          | --               | si8              |
2025-07-19 12:49:12,579 file: tool_utils.py func: tool_utils line No: 566 | /blocks/blocks.1/mlp/act/Mul_1           | HzGelu     | --      | 3.709188   | 0.992754          | --               | --               |
2025-07-19 12:49:12,579 file: tool_utils.py func: tool_utils line No: 566 | /blocks/blocks.1/mlp/fc2/MatMul          | Conv       | BPU     | 3.180131   | 0.996472          | --               | si8              |
2025-07-19 12:49:12,579 file: tool_utils.py func: tool_utils line No: 566 | ...lp/fc2/Add_output_0_reshape_Transpose | Transpose  | BPU     | 1.642835   | 0.996472          | --               | si8              |
2025-07-19 12:49:12,579 file: tool_utils.py func: tool_utils line No: 566 | ...blocks.1/mlp/fc2/Add_output_0_Reshape | Reshape    | BPU     | 1.642835   | 0.996472          | --               | si8              |
2025-07-19 12:49:12,579 file: tool_utils.py func: tool_utils line No: 566 | /blocks/blocks.1/Add_1                   | Add        | BPU     | 4.640541   | 0.995180          | --               | si16             |
2025-07-19 12:49:12,579 file: tool_utils.py func: tool_utils line No: 566 | ...cks.2/norm_1/LayerNormalization_mean1 | ReduceMean | BPU     | 5.421591   | 0.769157          | --               | si16             |
2025-07-19 12:49:12,580 file: tool_utils.py func: tool_utils line No: 566 | ...ocks.2/norm_1/LayerNormalization_sub1 | Sub        | BPU     | 5.421591   | 0.995189          | --               | si16             |
2025-07-19 12:49:12,580 file: tool_utils.py func: tool_utils line No: 566 | ...ocks.2/norm_1/LayerNormalization_mul1 | Mul        | BPU     | 5.425618   | 0.992705          | --               | si16             |
2025-07-19 12:49:12,580 file: tool_utils.py func: tool_utils line No: 566 | ...cks.2/norm_1/LayerNormalization_mean2 | ReduceMean | BPU     | 29.437326  | 0.999783          | --               | si16             |
2025-07-19 12:49:12,580 file: tool_utils.py func: tool_utils line No: 566 | ...s.2/norm_1/LayerNormalization_hzrsqrt | HzRsqrt    | --      | 5.28065    | 0.999909          | --               | --               |
2025-07-19 12:49:12,580 file: tool_utils.py func: tool_utils line No: 566 | ...ocks.2/norm_1/LayerNormalization_mul2 | Mul        | BPU     | 5.425618   | 0.993833          | --               | si16             |
2025-07-19 12:49:12,580 file: tool_utils.py func: tool_utils line No: 566 | ...ocks.2/norm_1/LayerNormalization_mul3 | Mul        | BPU     | 4.390826   | 0.993840          | --               | si16             |
2025-07-19 12:49:12,580 file: tool_utils.py func: tool_utils line No: 566 | ...locks.2/norm_1/LayerNormalization_add | Add        | BPU     | 4.404876   | 0.993775          | --               | si8              |
2025-07-19 12:49:12,580 file: tool_utils.py func: tool_utils line No: 566 | .../attn/q_linear/MatMul_reshape_to_4dim | Reshape    | BPU     | 4.406793   | 0.993775          | --               | si8              |
2025-07-19 12:49:12,580 file: tool_utils.py func: tool_utils line No: 566 | ...s.2/attn/q_linear/MatMul_transpose_in | Transpose  | BPU     | 4.406793   | 0.993775          | --               | si8              |
2025-07-19 12:49:12,580 file: tool_utils.py func: tool_utils line No: 566 | /blocks/blocks.2/attn/q_linear/MatMul    | Conv       | BPU     | 4.406793   | 0.994737          | --               | si8              |
2025-07-19 12:49:12,580 file: tool_utils.py func: tool_utils line No: 566 | ...linear/Add_output_0_reshape_Transpose | Transpose  | BPU     | 3.176343   | 0.994737          | --               | si8              |
2025-07-19 12:49:12,580 file: tool_utils.py func: tool_utils line No: 566 | /blocks/blocks.2/attn/Reshape            | Reshape    | BPU     | 3.176343   | 0.994737          | --               | si8              |
2025-07-19 12:49:12,580 file: tool_utils.py func: tool_utils line No: 566 | /blocks/blocks.2/attn/Transpose          | Transpose  | BPU     | 3.176343   | 0.994737          | --               | si8              |
2025-07-19 12:49:12,580 file: tool_utils.py func: tool_utils line No: 566 | /blocks/blocks.2/attn/k_linear/MatMul    | Conv       | BPU     | 4.406793   | 0.997182          | --               | si8              |
2025-07-19 12:49:12,580 file: tool_utils.py func: tool_utils line No: 566 | ...linear/Add_output_0_reshape_Transpose | Transpose  | BPU     | 3.69845    | 0.997182          | --               | si8              |
2025-07-19 12:49:12,580 file: tool_utils.py func: tool_utils line No: 566 | /blocks/blocks.2/attn/Reshape_1          | Reshape    | BPU     | 3.69845    | 0.997182          | --               | si8              |
2025-07-19 12:49:12,580 file: tool_utils.py func: tool_utils line No: 566 | /blocks/blocks.2/attn/v_linear/MatMul    | Conv       | BPU     | 4.406793   | 0.996626          | --               | si8              |
2025-07-19 12:49:12,580 file: tool_utils.py func: tool_utils line No: 566 | ...linear/Add_output_0_reshape_Transpose | Transpose  | BPU     | 3.928437   | 0.996626          | --               | si8              |
2025-07-19 12:49:12,580 file: tool_utils.py func: tool_utils line No: 566 | /blocks/blocks.2/attn/Reshape_2          | Reshape    | BPU     | 3.928437   | 0.996626          | --               | si8              |
2025-07-19 12:49:12,580 file: tool_utils.py func: tool_utils line No: 566 | /blocks/blocks.2/attn/Transpose_1        | Transpose  | BPU     | 3.928437   | 0.996626          | --               | si8              |
2025-07-19 12:49:12,580 file: tool_utils.py func: tool_utils line No: 566 | /blocks/blocks.2/attn/Transpose_2        | Transpose  | BPU     | 3.69845    | 0.997182          | --               | si8              |
2025-07-19 12:49:12,580 file: tool_utils.py func: tool_utils line No: 566 | /blocks/blocks.2/attn/MatMul             | MatMul     | BPU     | 3.176343   | 0.995310          | --               | si8              |
2025-07-19 12:49:12,580 file: tool_utils.py func: tool_utils line No: 566 | /blocks/blocks.2/attn/Mul                | Mul        | BPU     | 62.080631  | 0.995306          | --               | si16             |
2025-07-19 12:49:12,580 file: tool_utils.py func: tool_utils line No: 566 | ...tmax_reducemax_FROM_QUANTIZED_SOFTMAX | ReduceMax  | BPU     | 10.974409  | 0.997955          | --               | si16             |
2025-07-19 12:49:12,580 file: tool_utils.py func: tool_utils line No: 566 | ...tn/Softmax_sub_FROM_QUANTIZED_SOFTMAX | Sub        | BPU     | 10.974409  | 0.997091          | --               | si16             |
2025-07-19 12:49:12,580 file: tool_utils.py func: tool_utils line No: 566 | ...tn/Softmax_exp_FROM_QUANTIZED_SOFTMAX | Exp        | --      | 11.090324  | 0.990953          | --               | --               |
2025-07-19 12:49:12,580 file: tool_utils.py func: tool_utils line No: 566 | ...tmax_reducesum_FROM_QUANTIZED_SOFTMAX | ReduceSum  | BPU     | 1.0        | 0.993880          | --               | si16             |
2025-07-19 12:49:12,580 file: tool_utils.py func: tool_utils line No: 566 | ...max_reciprocal_FROM_QUANTIZED_SOFTMAX | Reciprocal | --      | 147.898926 | 0.992434          | --               | --               |
2025-07-19 12:49:12,581 file: tool_utils.py func: tool_utils line No: 566 | ...tn/Softmax_mul_FROM_QUANTIZED_SOFTMAX | Mul        | BPU     | 1.0        | 0.966014          | --               | si8              |
2025-07-19 12:49:12,581 file: tool_utils.py func: tool_utils line No: 566 | /blocks/blocks.2/attn/MatMul_1           | MatMul     | BPU     | 1.0        | 0.984804          | --               | si8              |
2025-07-19 12:49:12,581 file: tool_utils.py func: tool_utils line No: 566 | /blocks/blocks.2/attn/Transpose_3        | Transpose  | BPU     | 2.54501    | 0.984804          | --               | si8              |
2025-07-19 12:49:12,581 file: tool_utils.py func: tool_utils line No: 566 | ...ks.2/attn/proj/MatMul_reshape_to_4dim | Reshape    | BPU     | 2.54501    | 0.984804          | --               | si8              |
2025-07-19 12:49:12,581 file: tool_utils.py func: tool_utils line No: 566 | ...locks.2/attn/proj/MatMul_transpose_in | Transpose  | BPU     | 2.54501    | 0.984804          | --               | si8              |
2025-07-19 12:49:12,581 file: tool_utils.py func: tool_utils line No: 566 | /blocks/blocks.2/attn/proj/MatMul        | Conv       | BPU     | 2.54501    | 0.986381          | --               | si8              |
2025-07-19 12:49:12,581 file: tool_utils.py func: tool_utils line No: 566 | ...n/proj/Add_output_0_reshape_Transpose | Transpose  | BPU     | 1.371582   | 0.986381          | --               | si8              |
2025-07-19 12:49:12,581 file: tool_utils.py func: tool_utils line No: 566 | ...ocks.2/attn/proj/Add_output_0_Reshape | Reshape    | BPU     | 1.371582   | 0.986381          | --               | si8              |
2025-07-19 12:49:12,581 file: tool_utils.py func: tool_utils line No: 566 | /blocks/blocks.2/Add                     | Add        | BPU     | 5.421591   | 0.994108          | --               | si16             |
2025-07-19 12:49:12,581 file: tool_utils.py func: tool_utils line No: 566 | ...cks.2/norm_2/LayerNormalization_mean1 | ReduceMean | BPU     | 5.494852   | 0.963882          | --               | si16             |
2025-07-19 12:49:12,581 file: tool_utils.py func: tool_utils line No: 566 | ...ocks.2/norm_2/LayerNormalization_sub1 | Sub        | BPU     | 5.494852   | 0.994111          | --               | si16             |
2025-07-19 12:49:12,581 file: tool_utils.py func: tool_utils line No: 566 | ...ocks.2/norm_2/LayerNormalization_mul1 | Mul        | BPU     | 5.495877   | 0.991625          | --               | si16             |
2025-07-19 12:49:12,581 file: tool_utils.py func: tool_utils line No: 566 | ...cks.2/norm_2/LayerNormalization_mean2 | ReduceMean | BPU     | 30.204662  | 0.999721          | --               | si16             |
2025-07-19 12:49:12,581 file: tool_utils.py func: tool_utils line No: 566 | ...s.2/norm_2/LayerNormalization_hzrsqrt | HzRsqrt    | --      | 5.125996   | 0.999840          | --               | --               |
2025-07-19 12:49:12,581 file: tool_utils.py func: tool_utils line No: 566 | ...ocks.2/norm_2/LayerNormalization_mul2 | Mul        | BPU     | 5.495877   | 0.992511          | --               | si16             |
2025-07-19 12:49:12,581 file: tool_utils.py func: tool_utils line No: 566 | ...ocks.2/norm_2/LayerNormalization_mul3 | Mul        | BPU     | 4.538384   | 0.992517          | --               | si16             |
2025-07-19 12:49:12,581 file: tool_utils.py func: tool_utils line No: 566 | ...locks.2/norm_2/LayerNormalization_add | Add        | BPU     | 4.515396   | 0.992470          | --               | si8              |
2025-07-19 12:49:12,581 file: tool_utils.py func: tool_utils line No: 566 | ...ocks.2/mlp/fc1/MatMul_reshape_to_4dim | Reshape    | BPU     | 4.520444   | 0.992470          | --               | si8              |
2025-07-19 12:49:12,581 file: tool_utils.py func: tool_utils line No: 566 | .../blocks.2/mlp/fc1/MatMul_transpose_in | Transpose  | BPU     | 4.520444   | 0.992470          | --               | si8              |
2025-07-19 12:49:12,581 file: tool_utils.py func: tool_utils line No: 566 | /blocks/blocks.2/mlp/fc1/MatMul          | Conv       | BPU     | 4.520444   | 0.994578          | --               | si8              |
2025-07-19 12:49:12,581 file: tool_utils.py func: tool_utils line No: 566 | /blocks/blocks.2/mlp/act/Mul_1           | HzGelu     | --      | 3.137713   | 0.989760          | --               | --               |
2025-07-19 12:49:12,581 file: tool_utils.py func: tool_utils line No: 566 | /blocks/blocks.2/mlp/fc2/MatMul          | Conv       | BPU     | 2.61187    | 0.993605          | --               | si8              |
2025-07-19 12:49:12,581 file: tool_utils.py func: tool_utils line No: 566 | ...lp/fc2/Add_output_0_reshape_Transpose | Transpose  | BPU     | 1.564378   | 0.993605          | --               | si8              |
2025-07-19 12:49:12,581 file: tool_utils.py func: tool_utils line No: 566 | ...blocks.2/mlp/fc2/Add_output_0_Reshape | Reshape    | BPU     | 1.564378   | 0.993605          | --               | si8              |
2025-07-19 12:49:12,581 file: tool_utils.py func: tool_utils line No: 566 | /blocks/blocks.2/Add_1                   | Add        | BPU     | 5.494852   | 0.994376          | --               | si16             |
2025-07-19 12:49:12,581 file: tool_utils.py func: tool_utils line No: 566 | ...cks.3/norm_1/LayerNormalization_mean1 | ReduceMean | BPU     | 5.999339   | 0.984404          | --               | si16             |
2025-07-19 12:49:12,581 file: tool_utils.py func: tool_utils line No: 566 | ...ocks.3/norm_1/LayerNormalization_sub1 | Sub        | BPU     | 5.999339   | 0.994380          | --               | si16             |
2025-07-19 12:49:12,581 file: tool_utils.py func: tool_utils line No: 566 | ...ocks.3/norm_1/LayerNormalization_mul1 | Mul        | BPU     | 6.00888    | 0.992036          | --               | si16             |
2025-07-19 12:49:12,581 file: tool_utils.py func: tool_utils line No: 566 | ...cks.3/norm_1/LayerNormalization_mean2 | ReduceMean | BPU     | 36.10664   | 0.999765          | --               | si16             |
2025-07-19 12:49:12,582 file: tool_utils.py func: tool_utils line No: 566 | ...s.3/norm_1/LayerNormalization_hzrsqrt | HzRsqrt    | --      | 5.906914   | 0.999867          | --               | --               |
2025-07-19 12:49:12,582 file: tool_utils.py func: tool_utils line No: 566 | ...ocks.3/norm_1/LayerNormalization_mul2 | Mul        | BPU     | 6.00888    | 0.992576          | --               | si16             |
2025-07-19 12:49:12,582 file: tool_utils.py func: tool_utils line No: 566 | ...ocks.3/norm_1/LayerNormalization_mul3 | Mul        | BPU     | 4.162909   | 0.992583          | --               | si16             |
2025-07-19 12:49:12,582 file: tool_utils.py func: tool_utils line No: 566 | ...locks.3/norm_1/LayerNormalization_add | Add        | BPU     | 4.183424   | 0.992536          | --               | si8              |
2025-07-19 12:49:12,582 file: tool_utils.py func: tool_utils line No: 566 | .../attn/q_linear/MatMul_reshape_to_4dim | Reshape    | BPU     | 4.184567   | 0.992536          | --               | si8              |
2025-07-19 12:49:12,582 file: tool_utils.py func: tool_utils line No: 566 | ...s.3/attn/q_linear/MatMul_transpose_in | Transpose  | BPU     | 4.184567   | 0.992536          | --               | si8              |
2025-07-19 12:49:12,582 file: tool_utils.py func: tool_utils line No: 566 | /blocks/blocks.3/attn/q_linear/MatMul    | Conv       | BPU     | 4.184567   | 0.993486          | --               | si8              |
2025-07-19 12:49:12,582 file: tool_utils.py func: tool_utils line No: 566 | ...linear/Add_output_0_reshape_Transpose | Transpose  | BPU     | 3.488019   | 0.993486          | --               | si8              |
2025-07-19 12:49:12,582 file: tool_utils.py func: tool_utils line No: 566 | /blocks/blocks.3/attn/Reshape            | Reshape    | BPU     | 3.488019   | 0.993486          | --               | si8              |
2025-07-19 12:49:12,582 file: tool_utils.py func: tool_utils line No: 566 | /blocks/blocks.3/attn/Transpose          | Transpose  | BPU     | 3.488019   | 0.993486          | --               | si8              |
2025-07-19 12:49:12,582 file: tool_utils.py func: tool_utils line No: 566 | /blocks/blocks.3/attn/k_linear/MatMul    | Conv       | BPU     | 4.184567   | 0.996304          | --               | si8              |
2025-07-19 12:49:12,582 file: tool_utils.py func: tool_utils line No: 566 | ...linear/Add_output_0_reshape_Transpose | Transpose  | BPU     | 3.977103   | 0.996304          | --               | si8              |
2025-07-19 12:49:12,582 file: tool_utils.py func: tool_utils line No: 566 | /blocks/blocks.3/attn/Reshape_1          | Reshape    | BPU     | 3.977103   | 0.996304          | --               | si8              |
2025-07-19 12:49:12,582 file: tool_utils.py func: tool_utils line No: 566 | /blocks/blocks.3/attn/v_linear/MatMul    | Conv       | BPU     | 4.184567   | 0.995291          | --               | si8              |
2025-07-19 12:49:12,582 file: tool_utils.py func: tool_utils line No: 566 | ...linear/Add_output_0_reshape_Transpose | Transpose  | BPU     | 3.693463   | 0.995291          | --               | si8              |
2025-07-19 12:49:12,582 file: tool_utils.py func: tool_utils line No: 566 | /blocks/blocks.3/attn/Reshape_2          | Reshape    | BPU     | 3.693463   | 0.995291          | --               | si8              |
2025-07-19 12:49:12,582 file: tool_utils.py func: tool_utils line No: 566 | /blocks/blocks.3/attn/Transpose_1        | Transpose  | BPU     | 3.693463   | 0.995291          | --               | si8              |
2025-07-19 12:49:12,582 file: tool_utils.py func: tool_utils line No: 566 | /blocks/blocks.3/attn/Transpose_2        | Transpose  | BPU     | 3.977103   | 0.996304          | --               | si8              |
2025-07-19 12:49:12,582 file: tool_utils.py func: tool_utils line No: 566 | /blocks/blocks.3/attn/MatMul             | MatMul     | BPU     | 3.488019   | 0.992322          | --               | si8              |
2025-07-19 12:49:12,582 file: tool_utils.py func: tool_utils line No: 566 | /blocks/blocks.3/attn/Mul                | Mul        | BPU     | 66.747566  | 0.992324          | --               | si16             |
2025-07-19 12:49:12,582 file: tool_utils.py func: tool_utils line No: 566 | ...tmax_reducemax_FROM_QUANTIZED_SOFTMAX | ReduceMax  | BPU     | 11.799414  | 0.998032          | --               | si16             |
2025-07-19 12:49:12,582 file: tool_utils.py func: tool_utils line No: 566 | ...tn/Softmax_sub_FROM_QUANTIZED_SOFTMAX | Sub        | BPU     | 11.799414  | 0.997042          | --               | si16             |
2025-07-19 12:49:12,582 file: tool_utils.py func: tool_utils line No: 566 | ...tn/Softmax_exp_FROM_QUANTIZED_SOFTMAX | Exp        | --      | 11.090324  | 0.991009          | --               | --               |
2025-07-19 12:49:12,582 file: tool_utils.py func: tool_utils line No: 566 | ...tmax_reducesum_FROM_QUANTIZED_SOFTMAX | ReduceSum  | BPU     | 1.0        | 0.994237          | --               | si16             |
2025-07-19 12:49:12,582 file: tool_utils.py func: tool_utils line No: 566 | ...max_reciprocal_FROM_QUANTIZED_SOFTMAX | Reciprocal | --      | 148.55777  | 0.990034          | --               | --               |
2025-07-19 12:49:12,582 file: tool_utils.py func: tool_utils line No: 566 | ...tn/Softmax_mul_FROM_QUANTIZED_SOFTMAX | Mul        | BPU     | 1.0        | 0.960600          | --               | si8              |
2025-07-19 12:49:12,582 file: tool_utils.py func: tool_utils line No: 566 | /blocks/blocks.3/attn/MatMul_1           | MatMul     | BPU     | 1.0        | 0.978676          | --               | si8              |
2025-07-19 12:49:12,582 file: tool_utils.py func: tool_utils line No: 566 | /blocks/blocks.3/attn/Transpose_3        | Transpose  | BPU     | 2.196752   | 0.978676          | --               | si8              |
2025-07-19 12:49:12,582 file: tool_utils.py func: tool_utils line No: 566 | ...ks.3/attn/proj/MatMul_reshape_to_4dim | Reshape    | BPU     | 2.196752   | 0.978676          | --               | si8              |
2025-07-19 12:49:12,582 file: tool_utils.py func: tool_utils line No: 566 | ...locks.3/attn/proj/MatMul_transpose_in | Transpose  | BPU     | 2.196752   | 0.978677          | --               | si8              |
2025-07-19 12:49:12,583 file: tool_utils.py func: tool_utils line No: 566 | /blocks/blocks.3/attn/proj/MatMul        | Conv       | BPU     | 2.196752   | 0.981244          | --               | si8              |
2025-07-19 12:49:12,583 file: tool_utils.py func: tool_utils line No: 566 | ...n/proj/Add_output_0_reshape_Transpose | Transpose  | BPU     | 1.383233   | 0.981244          | --               | si8              |
2025-07-19 12:49:12,583 file: tool_utils.py func: tool_utils line No: 566 | ...ocks.3/attn/proj/Add_output_0_Reshape | Reshape    | BPU     | 1.383233   | 0.981244          | --               | si8              |
2025-07-19 12:49:12,583 file: tool_utils.py func: tool_utils line No: 566 | /blocks/blocks.3/Add                     | Add        | BPU     | 5.999339   | 0.993222          | --               | si16             |
2025-07-19 12:49:12,583 file: tool_utils.py func: tool_utils line No: 566 | ...cks.3/norm_2/LayerNormalization_mean1 | ReduceMean | BPU     | 6.186052   | 0.976650          | --               | si16             |
2025-07-19 12:49:12,583 file: tool_utils.py func: tool_utils line No: 566 | ...ocks.3/norm_2/LayerNormalization_sub1 | Sub        | BPU     | 6.186052   | 0.993226          | --               | si16             |
2025-07-19 12:49:12,583 file: tool_utils.py func: tool_utils line No: 566 | ...ocks.3/norm_2/LayerNormalization_mul1 | Mul        | BPU     | 6.182355   | 0.990722          | --               | si16             |
2025-07-19 12:49:12,583 file: tool_utils.py func: tool_utils line No: 566 | ...cks.3/norm_2/LayerNormalization_mean2 | ReduceMean | BPU     | 38.221519  | 0.999720          | --               | si16             |
2025-07-19 12:49:12,583 file: tool_utils.py func: tool_utils line No: 566 | ...s.3/norm_2/LayerNormalization_hzrsqrt | HzRsqrt    | --      | 5.797319   | 0.999793          | --               | --               |
2025-07-19 12:49:12,583 file: tool_utils.py func: tool_utils line No: 566 | ...ocks.3/norm_2/LayerNormalization_mul2 | Mul        | BPU     | 6.182355   | 0.991339          | --               | si16             |
2025-07-19 12:49:12,583 file: tool_utils.py func: tool_utils line No: 566 | ...ocks.3/norm_2/LayerNormalization_mul3 | Mul        | BPU     | 3.942064   | 0.991341          | --               | si16             |
2025-07-19 12:49:12,583 file: tool_utils.py func: tool_utils line No: 566 | ...locks.3/norm_2/LayerNormalization_add | Add        | BPU     | 3.928794   | 0.991310          | --               | si8              |
2025-07-19 12:49:12,583 file: tool_utils.py func: tool_utils line No: 566 | ...ocks.3/mlp/fc1/MatMul_reshape_to_4dim | Reshape    | BPU     | 3.929174   | 0.991310          | --               | si8              |
2025-07-19 12:49:12,583 file: tool_utils.py func: tool_utils line No: 566 | .../blocks.3/mlp/fc1/MatMul_transpose_in | Transpose  | BPU     | 3.929174   | 0.991310          | --               | si8              |
2025-07-19 12:49:12,583 file: tool_utils.py func: tool_utils line No: 566 | /blocks/blocks.3/mlp/fc1/MatMul          | Conv       | BPU     | 3.929174   | 0.993172          | --               | si8              |
2025-07-19 12:49:12,583 file: tool_utils.py func: tool_utils line No: 566 | /blocks/blocks.3/mlp/act/Mul_1           | HzGelu     | --      | 3.109869   | 0.987915          | --               | --               |
2025-07-19 12:49:12,583 file: tool_utils.py func: tool_utils line No: 566 | /blocks/blocks.3/mlp/fc2/MatMul          | Conv       | BPU     | 2.504993   | 0.991005          | --               | si8              |
2025-07-19 12:49:12,583 file: tool_utils.py func: tool_utils line No: 566 | ...lp/fc2/Add_output_0_reshape_Transpose | Transpose  | BPU     | 1.362309   | 0.991005          | --               | si8              |
2025-07-19 12:49:12,583 file: tool_utils.py func: tool_utils line No: 566 | ...blocks.3/mlp/fc2/Add_output_0_Reshape | Reshape    | BPU     | 1.362309   | 0.991005          | --               | si8              |
2025-07-19 12:49:12,583 file: tool_utils.py func: tool_utils line No: 566 | /blocks/blocks.3/Add_1                   | Add        | BPU     | 6.186052   | 0.993405          | --               | si16             |
2025-07-19 12:49:12,583 file: tool_utils.py func: tool_utils line No: 566 | ...cks.4/norm_1/LayerNormalization_mean1 | ReduceMean | BPU     | 6.712707   | 0.982102          | --               | si16             |
2025-07-19 12:49:12,583 file: tool_utils.py func: tool_utils line No: 566 | ...ocks.4/norm_1/LayerNormalization_sub1 | Sub        | BPU     | 6.712707   | 0.993410          | --               | si16             |
2025-07-19 12:49:12,583 file: tool_utils.py func: tool_utils line No: 566 | ...ocks.4/norm_1/LayerNormalization_mul1 | Mul        | BPU     | 6.707753   | 0.991103          | --               | si16             |
2025-07-19 12:49:12,583 file: tool_utils.py func: tool_utils line No: 566 | ...cks.4/norm_1/LayerNormalization_mean2 | ReduceMean | BPU     | 44.993946  | 0.999767          | --               | si16             |
2025-07-19 12:49:12,583 file: tool_utils.py func: tool_utils line No: 566 | ...s.4/norm_1/LayerNormalization_hzrsqrt | HzRsqrt    | --      | 6.433178   | 0.999850          | --               | --               |
2025-07-19 12:49:12,583 file: tool_utils.py func: tool_utils line No: 566 | ...ocks.4/norm_1/LayerNormalization_mul2 | Mul        | BPU     | 6.707753   | 0.991465          | --               | si16             |
2025-07-19 12:49:12,583 file: tool_utils.py func: tool_utils line No: 566 | ...ocks.4/norm_1/LayerNormalization_mul3 | Mul        | BPU     | 3.906554   | 0.991467          | --               | si16             |
2025-07-19 12:49:12,583 file: tool_utils.py func: tool_utils line No: 566 | ...locks.4/norm_1/LayerNormalization_add | Add        | BPU     | 3.950455   | 0.991411          | --               | si8              |
2025-07-19 12:49:12,583 file: tool_utils.py func: tool_utils line No: 566 | .../attn/q_linear/MatMul_reshape_to_4dim | Reshape    | BPU     | 3.951881   | 0.991411          | --               | si8              |
2025-07-19 12:49:12,583 file: tool_utils.py func: tool_utils line No: 566 | ...s.4/attn/q_linear/MatMul_transpose_in | Transpose  | BPU     | 3.951881   | 0.991411          | --               | si8              |
2025-07-19 12:49:12,584 file: tool_utils.py func: tool_utils line No: 566 | /blocks/blocks.4/attn/q_linear/MatMul    | Conv       | BPU     | 3.951881   | 0.991920          | --               | si8              |
2025-07-19 12:49:12,584 file: tool_utils.py func: tool_utils line No: 566 | ...linear/Add_output_0_reshape_Transpose | Transpose  | BPU     | 3.604367   | 0.991920          | --               | si8              |
2025-07-19 12:49:12,584 file: tool_utils.py func: tool_utils line No: 566 | /blocks/blocks.4/attn/Reshape            | Reshape    | BPU     | 3.604367   | 0.991920          | --               | si8              |
2025-07-19 12:49:12,584 file: tool_utils.py func: tool_utils line No: 566 | /blocks/blocks.4/attn/Transpose          | Transpose  | BPU     | 3.604367   | 0.991920          | --               | si8              |
2025-07-19 12:49:12,584 file: tool_utils.py func: tool_utils line No: 566 | /blocks/blocks.4/attn/k_linear/MatMul    | Conv       | BPU     | 3.951881   | 0.994760          | --               | si8              |
2025-07-19 12:49:12,584 file: tool_utils.py func: tool_utils line No: 566 | ...linear/Add_output_0_reshape_Transpose | Transpose  | BPU     | 3.841352   | 0.994760          | --               | si8              |
2025-07-19 12:49:12,584 file: tool_utils.py func: tool_utils line No: 566 | /blocks/blocks.4/attn/Reshape_1          | Reshape    | BPU     | 3.841352   | 0.994760          | --               | si8              |
2025-07-19 12:49:12,584 file: tool_utils.py func: tool_utils line No: 566 | /blocks/blocks.4/attn/v_linear/MatMul    | Conv       | BPU     | 3.951881   | 0.994012          | --               | si8              |
2025-07-19 12:49:12,584 file: tool_utils.py func: tool_utils line No: 566 | ...linear/Add_output_0_reshape_Transpose | Transpose  | BPU     | 3.584614   | 0.994011          | --               | si8              |
2025-07-19 12:49:12,584 file: tool_utils.py func: tool_utils line No: 566 | /blocks/blocks.4/attn/Reshape_2          | Reshape    | BPU     | 3.584614   | 0.994011          | --               | si8              |
2025-07-19 12:49:12,584 file: tool_utils.py func: tool_utils line No: 566 | /blocks/blocks.4/attn/Transpose_1        | Transpose  | BPU     | 3.584614   | 0.994012          | --               | si8              |
2025-07-19 12:49:12,584 file: tool_utils.py func: tool_utils line No: 566 | /blocks/blocks.4/attn/Transpose_2        | Transpose  | BPU     | 3.841352   | 0.994760          | --               | si8              |
2025-07-19 12:49:12,584 file: tool_utils.py func: tool_utils line No: 566 | /blocks/blocks.4/attn/MatMul             | MatMul     | BPU     | 3.604367   | 0.987810          | --               | si8              |
2025-07-19 12:49:12,584 file: tool_utils.py func: tool_utils line No: 566 | /blocks/blocks.4/attn/Mul                | Mul        | BPU     | 61.690029  | 0.987808          | --               | si16             |
2025-07-19 12:49:12,584 file: tool_utils.py func: tool_utils line No: 566 | ...tmax_reducemax_FROM_QUANTIZED_SOFTMAX | ReduceMax  | BPU     | 10.905359  | 0.997107          | --               | si16             |
2025-07-19 12:49:12,584 file: tool_utils.py func: tool_utils line No: 566 | ...tn/Softmax_sub_FROM_QUANTIZED_SOFTMAX | Sub        | BPU     | 10.905359  | 0.995438          | --               | si16             |
2025-07-19 12:49:12,584 file: tool_utils.py func: tool_utils line No: 566 | ...tn/Softmax_exp_FROM_QUANTIZED_SOFTMAX | Exp        | --      | 11.090324  | 0.987776          | --               | --               |
2025-07-19 12:49:12,584 file: tool_utils.py func: tool_utils line No: 566 | ...tmax_reducesum_FROM_QUANTIZED_SOFTMAX | ReduceSum  | BPU     | 1.0        | 0.992526          | --               | si16             |
2025-07-19 12:49:12,584 file: tool_utils.py func: tool_utils line No: 566 | ...max_reciprocal_FROM_QUANTIZED_SOFTMAX | Reciprocal | --      | 139.489868 | 0.990168          | --               | --               |
2025-07-19 12:49:12,584 file: tool_utils.py func: tool_utils line No: 566 | ...tn/Softmax_mul_FROM_QUANTIZED_SOFTMAX | Mul        | BPU     | 1.0        | 0.953616          | --               | si8              |
2025-07-19 12:49:12,584 file: tool_utils.py func: tool_utils line No: 566 | /blocks/blocks.4/attn/MatMul_1           | MatMul     | BPU     | 1.0        | 0.974856          | --               | si8              |
2025-07-19 12:49:12,584 file: tool_utils.py func: tool_utils line No: 566 | /blocks/blocks.4/attn/Transpose_3        | Transpose  | BPU     | 2.065436   | 0.974856          | --               | si8              |
2025-07-19 12:49:12,584 file: tool_utils.py func: tool_utils line No: 566 | ...ks.4/attn/proj/MatMul_reshape_to_4dim | Reshape    | BPU     | 2.065436   | 0.974856          | --               | si8              |
2025-07-19 12:49:12,584 file: tool_utils.py func: tool_utils line No: 566 | ...locks.4/attn/proj/MatMul_transpose_in | Transpose  | BPU     | 2.065436   | 0.974855          | --               | si8              |
2025-07-19 12:49:12,584 file: tool_utils.py func: tool_utils line No: 566 | /blocks/blocks.4/attn/proj/MatMul        | Conv       | BPU     | 2.065436   | 0.978580          | --               | si8              |
2025-07-19 12:49:12,584 file: tool_utils.py func: tool_utils line No: 566 | ...n/proj/Add_output_0_reshape_Transpose | Transpose  | BPU     | 1.282041   | 0.978580          | --               | si8              |
2025-07-19 12:49:12,584 file: tool_utils.py func: tool_utils line No: 566 | ...ocks.4/attn/proj/Add_output_0_Reshape | Reshape    | BPU     | 1.282041   | 0.978580          | --               | si8              |
2025-07-19 12:49:12,584 file: tool_utils.py func: tool_utils line No: 566 | /blocks/blocks.4/Add                     | Add        | BPU     | 6.712707   | 0.992565          | --               | si16             |
2025-07-19 12:49:12,585 file: tool_utils.py func: tool_utils line No: 566 | ...cks.4/norm_2/LayerNormalization_mean1 | ReduceMean | BPU     | 6.761045   | 0.989940          | --               | si16             |
2025-07-19 12:49:12,585 file: tool_utils.py func: tool_utils line No: 566 | ...ocks.4/norm_2/LayerNormalization_sub1 | Sub        | BPU     | 6.761045   | 0.992569          | --               | si16             |
2025-07-19 12:49:12,585 file: tool_utils.py func: tool_utils line No: 566 | ...ocks.4/norm_2/LayerNormalization_mul1 | Mul        | BPU     | 6.759623   | 0.990173          | --               | si16             |
2025-07-19 12:49:12,585 file: tool_utils.py func: tool_utils line No: 566 | ...cks.4/norm_2/LayerNormalization_mean2 | ReduceMean | BPU     | 45.692505  | 0.999751          | --               | si16             |
2025-07-19 12:49:12,585 file: tool_utils.py func: tool_utils line No: 566 | ...s.4/norm_2/LayerNormalization_hzrsqrt | HzRsqrt    | --      | 6.024825   | 0.999850          | --               | --               |
2025-07-19 12:49:12,585 file: tool_utils.py func: tool_utils line No: 566 | ...ocks.4/norm_2/LayerNormalization_mul2 | Mul        | BPU     | 6.759623   | 0.990735          | --               | si16             |
2025-07-19 12:49:12,585 file: tool_utils.py func: tool_utils line No: 566 | ...ocks.4/norm_2/LayerNormalization_mul3 | Mul        | BPU     | 3.92766    | 0.990739          | --               | si16             |
2025-07-19 12:49:12,585 file: tool_utils.py func: tool_utils line No: 566 | ...locks.4/norm_2/LayerNormalization_add | Add        | BPU     | 3.917998   | 0.990706          | --               | si8              |
2025-07-19 12:49:12,585 file: tool_utils.py func: tool_utils line No: 566 | ...ocks.4/mlp/fc1/MatMul_reshape_to_4dim | Reshape    | BPU     | 3.923197   | 0.990706          | --               | si8              |
2025-07-19 12:49:12,585 file: tool_utils.py func: tool_utils line No: 566 | .../blocks.4/mlp/fc1/MatMul_transpose_in | Transpose  | BPU     | 3.923197   | 0.990706          | --               | si8              |
2025-07-19 12:49:12,585 file: tool_utils.py func: tool_utils line No: 566 | /blocks/blocks.4/mlp/fc1/MatMul          | Conv       | BPU     | 3.923197   | 0.992091          | --               | si8              |
2025-07-19 12:49:12,585 file: tool_utils.py func: tool_utils line No: 566 | /blocks/blocks.4/mlp/act/Mul_1           | HzGelu     | --      | 2.859777   | 0.987077          | --               | --               |
2025-07-19 12:49:12,585 file: tool_utils.py func: tool_utils line No: 566 | /blocks/blocks.4/mlp/fc2/MatMul          | Conv       | BPU     | 2.479475   | 0.990998          | --               | si8              |
2025-07-19 12:49:12,585 file: tool_utils.py func: tool_utils line No: 566 | ...lp/fc2/Add_output_0_reshape_Transpose | Transpose  | BPU     | 1.390559   | 0.990998          | --               | si8              |
2025-07-19 12:49:12,585 file: tool_utils.py func: tool_utils line No: 566 | ...blocks.4/mlp/fc2/Add_output_0_Reshape | Reshape    | BPU     | 1.390559   | 0.990998          | --               | si8              |
2025-07-19 12:49:12,585 file: tool_utils.py func: tool_utils line No: 566 | /blocks/blocks.4/Add_1                   | Add        | BPU     | 6.761045   | 0.992539          | --               | si16             |
2025-07-19 12:49:12,585 file: tool_utils.py func: tool_utils line No: 566 | ...cks.5/norm_1/LayerNormalization_mean1 | ReduceMean | BPU     | 7.312927   | 0.993212          | --               | si16             |
2025-07-19 12:49:12,585 file: tool_utils.py func: tool_utils line No: 566 | ...ocks.5/norm_1/LayerNormalization_sub1 | Sub        | BPU     | 7.312927   | 0.992541          | --               | si16             |
2025-07-19 12:49:12,585 file: tool_utils.py func: tool_utils line No: 566 | ...ocks.5/norm_1/LayerNormalization_mul1 | Mul        | BPU     | 7.311274   | 0.990156          | --               | si16             |
2025-07-19 12:49:12,585 file: tool_utils.py func: tool_utils line No: 566 | ...cks.5/norm_1/LayerNormalization_mean2 | ReduceMean | BPU     | 53.45472   | 0.999755          | --               | si16             |
2025-07-19 12:49:12,585 file: tool_utils.py func: tool_utils line No: 566 | ...s.5/norm_1/LayerNormalization_hzrsqrt | HzRsqrt    | --      | 6.499819   | 0.999867          | --               | --               |
2025-07-19 12:49:12,585 file: tool_utils.py func: tool_utils line No: 566 | ...ocks.5/norm_1/LayerNormalization_mul2 | Mul        | BPU     | 7.311274   | 0.990811          | --               | si16             |
2025-07-19 12:49:12,585 file: tool_utils.py func: tool_utils line No: 566 | ...ocks.5/norm_1/LayerNormalization_mul3 | Mul        | BPU     | 3.948928   | 0.990821          | --               | si16             |
2025-07-19 12:49:12,585 file: tool_utils.py func: tool_utils line No: 566 | ...locks.5/norm_1/LayerNormalization_add | Add        | BPU     | 3.990794   | 0.990784          | --               | si8              |
2025-07-19 12:49:12,585 file: tool_utils.py func: tool_utils line No: 566 | .../attn/q_linear/MatMul_reshape_to_4dim | Reshape    | BPU     | 3.992251   | 0.990784          | --               | si8              |
2025-07-19 12:49:12,585 file: tool_utils.py func: tool_utils line No: 566 | ...s.5/attn/q_linear/MatMul_transpose_in | Transpose  | BPU     | 3.992251   | 0.990784          | --               | si8              |
2025-07-19 12:49:12,585 file: tool_utils.py func: tool_utils line No: 566 | /blocks/blocks.5/attn/q_linear/MatMul    | Conv       | BPU     | 3.992251   | 0.992825          | --               | si8              |
2025-07-19 12:49:12,585 file: tool_utils.py func: tool_utils line No: 566 | ...linear/Add_output_0_reshape_Transpose | Transpose  | BPU     | 3.444593   | 0.992825          | --               | si8              |
2025-07-19 12:49:12,586 file: tool_utils.py func: tool_utils line No: 566 | /blocks/blocks.5/attn/Reshape            | Reshape    | BPU     | 3.444593   | 0.992825          | --               | si8              |
2025-07-19 12:49:12,586 file: tool_utils.py func: tool_utils line No: 566 | /blocks/blocks.5/attn/Transpose          | Transpose  | BPU     | 3.444593   | 0.992825          | --               | si8              |
2025-07-19 12:49:12,586 file: tool_utils.py func: tool_utils line No: 566 | /blocks/blocks.5/attn/k_linear/MatMul    | Conv       | BPU     | 3.992251   | 0.994255          | --               | si8              |
2025-07-19 12:49:12,586 file: tool_utils.py func: tool_utils line No: 566 | ...linear/Add_output_0_reshape_Transpose | Transpose  | BPU     | 3.671354   | 0.994255          | --               | si8              |
2025-07-19 12:49:12,586 file: tool_utils.py func: tool_utils line No: 566 | /blocks/blocks.5/attn/Reshape_1          | Reshape    | BPU     | 3.671354   | 0.994255          | --               | si8              |
2025-07-19 12:49:12,586 file: tool_utils.py func: tool_utils line No: 566 | /blocks/blocks.5/attn/v_linear/MatMul    | Conv       | BPU     | 3.992251   | 0.993186          | --               | si8              |
2025-07-19 12:49:12,586 file: tool_utils.py func: tool_utils line No: 566 | ...linear/Add_output_0_reshape_Transpose | Transpose  | BPU     | 3.73597    | 0.993186          | --               | si8              |
2025-07-19 12:49:12,586 file: tool_utils.py func: tool_utils line No: 566 | /blocks/blocks.5/attn/Reshape_2          | Reshape    | BPU     | 3.73597    | 0.993186          | --               | si8              |
2025-07-19 12:49:12,586 file: tool_utils.py func: tool_utils line No: 566 | /blocks/blocks.5/attn/Transpose_1        | Transpose  | BPU     | 3.73597    | 0.993186          | --               | si8              |
2025-07-19 12:49:12,586 file: tool_utils.py func: tool_utils line No: 566 | /blocks/blocks.5/attn/Transpose_2        | Transpose  | BPU     | 3.671354   | 0.994255          | --               | si8              |
2025-07-19 12:49:12,586 file: tool_utils.py func: tool_utils line No: 566 | /blocks/blocks.5/attn/MatMul             | MatMul     | BPU     | 3.444593   | 0.993361          | --               | si8              |
2025-07-19 12:49:12,586 file: tool_utils.py func: tool_utils line No: 566 | /blocks/blocks.5/attn/Mul                | Mul        | BPU     | 67.432304  | 0.993358          | --               | si16             |
2025-07-19 12:49:12,586 file: tool_utils.py func: tool_utils line No: 566 | ...tmax_reducemax_FROM_QUANTIZED_SOFTMAX | ReduceMax  | BPU     | 11.92046   | 0.996495          | --               | si16             |
2025-07-19 12:49:12,586 file: tool_utils.py func: tool_utils line No: 566 | ...tn/Softmax_sub_FROM_QUANTIZED_SOFTMAX | Sub        | BPU     | 11.92046   | 0.995897          | --               | si16             |
2025-07-19 12:49:12,586 file: tool_utils.py func: tool_utils line No: 566 | ...tn/Softmax_exp_FROM_QUANTIZED_SOFTMAX | Exp        | --      | 11.090324  | 0.983568          | --               | --               |
2025-07-19 12:49:12,586 file: tool_utils.py func: tool_utils line No: 566 | ...tmax_reducesum_FROM_QUANTIZED_SOFTMAX | ReduceSum  | BPU     | 1.0        | 0.989351          | --               | si16             |
2025-07-19 12:49:12,586 file: tool_utils.py func: tool_utils line No: 566 | ...max_reciprocal_FROM_QUANTIZED_SOFTMAX | Reciprocal | --      | 147.734039 | 0.985350          | --               | --               |
2025-07-19 12:49:12,586 file: tool_utils.py func: tool_utils line No: 566 | ...tn/Softmax_mul_FROM_QUANTIZED_SOFTMAX | Mul        | BPU     | 1.0        | 0.963671          | --               | si8              |
2025-07-19 12:49:12,586 file: tool_utils.py func: tool_utils line No: 566 | /blocks/blocks.5/attn/MatMul_1           | MatMul     | BPU     | 1.0        | 0.978089          | --               | si8              |
2025-07-19 12:49:12,586 file: tool_utils.py func: tool_utils line No: 566 | /blocks/blocks.5/attn/Transpose_3        | Transpose  | BPU     | 2.58144    | 0.978089          | --               | si8              |
2025-07-19 12:49:12,586 file: tool_utils.py func: tool_utils line No: 566 | ...ks.5/attn/proj/MatMul_reshape_to_4dim | Reshape    | BPU     | 2.58144    | 0.978089          | --               | si8              |
2025-07-19 12:49:12,586 file: tool_utils.py func: tool_utils line No: 566 | ...locks.5/attn/proj/MatMul_transpose_in | Transpose  | BPU     | 2.58144    | 0.978089          | --               | si8              |
2025-07-19 12:49:12,586 file: tool_utils.py func: tool_utils line No: 566 | /blocks/blocks.5/attn/proj/MatMul        | Conv       | BPU     | 2.58144    | 0.983548          | --               | si8              |
2025-07-19 12:49:12,586 file: tool_utils.py func: tool_utils line No: 566 | ...n/proj/Add_output_0_reshape_Transpose | Transpose  | BPU     | 1.468339   | 0.983548          | --               | si8              |
2025-07-19 12:49:12,586 file: tool_utils.py func: tool_utils line No: 566 | ...ocks.5/attn/proj/Add_output_0_Reshape | Reshape    | BPU     | 1.468339   | 0.983548          | --               | si8              |
2025-07-19 12:49:12,586 file: tool_utils.py func: tool_utils line No: 566 | /blocks/blocks.5/Add                     | Add        | BPU     | 7.312927   | 0.991474          | --               | si16             |
2025-07-19 12:49:12,586 file: tool_utils.py func: tool_utils line No: 566 | ...cks.5/norm_2/LayerNormalization_mean1 | ReduceMean | BPU     | 7.410583   | 0.957948          | --               | si16             |
2025-07-19 12:49:12,586 file: tool_utils.py func: tool_utils line No: 566 | ...ocks.5/norm_2/LayerNormalization_sub1 | Sub        | BPU     | 7.410583   | 0.991480          | --               | si16             |
2025-07-19 12:49:12,586 file: tool_utils.py func: tool_utils line No: 566 | ...ocks.5/norm_2/LayerNormalization_mul1 | Mul        | BPU     | 7.416653   | 0.989180          | --               | si16             |
2025-07-19 12:49:12,587 file: tool_utils.py func: tool_utils line No: 566 | ...cks.5/norm_2/LayerNormalization_mean2 | ReduceMean | BPU     | 55.006737  | 0.999704          | --               | si16             |
2025-07-19 12:49:12,587 file: tool_utils.py func: tool_utils line No: 566 | ...s.5/norm_2/LayerNormalization_hzrsqrt | HzRsqrt    | --      | 6.438545   | 0.999842          | --               | --               |
2025-07-19 12:49:12,587 file: tool_utils.py func: tool_utils line No: 566 | ...ocks.5/norm_2/LayerNormalization_mul2 | Mul        | BPU     | 7.416653   | 0.989957          | --               | si16             |
2025-07-19 12:49:12,587 file: tool_utils.py func: tool_utils line No: 566 | ...ocks.5/norm_2/LayerNormalization_mul3 | Mul        | BPU     | 3.954596   | 0.989958          | --               | si16             |
2025-07-19 12:49:12,587 file: tool_utils.py func: tool_utils line No: 566 | ...locks.5/norm_2/LayerNormalization_add | Add        | BPU     | 3.944175   | 0.989923          | --               | si8              |
2025-07-19 12:49:12,587 file: tool_utils.py func: tool_utils line No: 566 | ...ocks.5/mlp/fc1/MatMul_reshape_to_4dim | Reshape    | BPU     | 3.94722    | 0.989923          | --               | si8              |
2025-07-19 12:49:12,587 file: tool_utils.py func: tool_utils line No: 566 | .../blocks.5/mlp/fc1/MatMul_transpose_in | Transpose  | BPU     | 3.94722    | 0.989923          | --               | si8              |
2025-07-19 12:49:12,587 file: tool_utils.py func: tool_utils line No: 566 | /blocks/blocks.5/mlp/fc1/MatMul          | Conv       | BPU     | 3.94722    | 0.990824          | --               | si8              |
2025-07-19 12:49:12,587 file: tool_utils.py func: tool_utils line No: 566 | /blocks/blocks.5/mlp/act/Mul_1           | HzGelu     | --      | 2.759965   | 0.986827          | --               | --               |
2025-07-19 12:49:12,587 file: tool_utils.py func: tool_utils line No: 566 | /blocks/blocks.5/mlp/fc2/MatMul          | Conv       | BPU     | 2.391381   | 0.991291          | --               | si8              |
2025-07-19 12:49:12,587 file: tool_utils.py func: tool_utils line No: 566 | ...lp/fc2/Add_output_0_reshape_Transpose | Transpose  | BPU     | 1.325312   | 0.991291          | --               | si8              |
2025-07-19 12:49:12,587 file: tool_utils.py func: tool_utils line No: 566 | ...blocks.5/mlp/fc2/Add_output_0_Reshape | Reshape    | BPU     | 1.325312   | 0.991291          | --               | si8              |
2025-07-19 12:49:12,587 file: tool_utils.py func: tool_utils line No: 566 | /blocks/blocks.5/Add_1                   | Add        | BPU     | 7.410583   | 0.991415          | --               | si16             |
2025-07-19 12:49:12,587 file: tool_utils.py func: tool_utils line No: 566 | ...cks.6/norm_1/LayerNormalization_mean1 | ReduceMean | BPU     | 7.835753   | 0.947054          | --               | si16             |
2025-07-19 12:49:12,587 file: tool_utils.py func: tool_utils line No: 566 | ...ocks.6/norm_1/LayerNormalization_sub1 | Sub        | BPU     | 7.835753   | 0.991422          | --               | si16             |
2025-07-19 12:49:12,587 file: tool_utils.py func: tool_utils line No: 566 | ...ocks.6/norm_1/LayerNormalization_mul1 | Mul        | BPU     | 7.842337   | 0.989021          | --               | si16             |
2025-07-19 12:49:12,587 file: tool_utils.py func: tool_utils line No: 566 | ...cks.6/norm_1/LayerNormalization_mean2 | ReduceMean | BPU     | 61.502243  | 0.999718          | --               | si16             |
2025-07-19 12:49:12,587 file: tool_utils.py func: tool_utils line No: 566 | ...s.6/norm_1/LayerNormalization_hzrsqrt | HzRsqrt    | --      | 7.382613   | 0.999862          | --               | --               |
2025-07-19 12:49:12,587 file: tool_utils.py func: tool_utils line No: 566 | ...ocks.6/norm_1/LayerNormalization_mul2 | Mul        | BPU     | 7.842337   | 0.989991          | --               | si16             |
2025-07-19 12:49:12,587 file: tool_utils.py func: tool_utils line No: 566 | ...ocks.6/norm_1/LayerNormalization_mul3 | Mul        | BPU     | 3.954042   | 0.989995          | --               | si16             |
2025-07-19 12:49:12,587 file: tool_utils.py func: tool_utils line No: 566 | ...locks.6/norm_1/LayerNormalization_add | Add        | BPU     | 3.979433   | 0.989938          | --               | si8              |
2025-07-19 12:49:12,587 file: tool_utils.py func: tool_utils line No: 566 | .../attn/q_linear/MatMul_reshape_to_4dim | Reshape    | BPU     | 3.980122   | 0.989938          | --               | si8              |
2025-07-19 12:49:12,587 file: tool_utils.py func: tool_utils line No: 566 | ...s.6/attn/q_linear/MatMul_transpose_in | Transpose  | BPU     | 3.980122   | 0.989938          | --               | si8              |
2025-07-19 12:49:12,587 file: tool_utils.py func: tool_utils line No: 566 | /blocks/blocks.6/attn/q_linear/MatMul    | Conv       | BPU     | 3.980122   | 0.991265          | --               | si8              |
2025-07-19 12:49:12,587 file: tool_utils.py func: tool_utils line No: 566 | ...linear/Add_output_0_reshape_Transpose | Transpose  | BPU     | 3.147797   | 0.991265          | --               | si8              |
2025-07-19 12:49:12,587 file: tool_utils.py func: tool_utils line No: 566 | /blocks/blocks.6/attn/Reshape            | Reshape    | BPU     | 3.147797   | 0.991265          | --               | si8              |
2025-07-19 12:49:12,587 file: tool_utils.py func: tool_utils line No: 566 | /blocks/blocks.6/attn/Transpose          | Transpose  | BPU     | 3.147797   | 0.991265          | --               | si8              |
2025-07-19 12:49:12,587 file: tool_utils.py func: tool_utils line No: 566 | /blocks/blocks.6/attn/k_linear/MatMul    | Conv       | BPU     | 3.980122   | 0.993885          | --               | si8              |
2025-07-19 12:49:12,587 file: tool_utils.py func: tool_utils line No: 566 | ...linear/Add_output_0_reshape_Transpose | Transpose  | BPU     | 3.671093   | 0.993886          | --               | si8              |
2025-07-19 12:49:12,587 file: tool_utils.py func: tool_utils line No: 566 | /blocks/blocks.6/attn/Reshape_1          | Reshape    | BPU     | 3.671093   | 0.993886          | --               | si8              |
2025-07-19 12:49:12,588 file: tool_utils.py func: tool_utils line No: 566 | /blocks/blocks.6/attn/v_linear/MatMul    | Conv       | BPU     | 3.980122   | 0.992738          | --               | si8              |
2025-07-19 12:49:12,588 file: tool_utils.py func: tool_utils line No: 566 | ...linear/Add_output_0_reshape_Transpose | Transpose  | BPU     | 3.887607   | 0.992738          | --               | si8              |
2025-07-19 12:49:12,588 file: tool_utils.py func: tool_utils line No: 566 | /blocks/blocks.6/attn/Reshape_2          | Reshape    | BPU     | 3.887607   | 0.992738          | --               | si8              |
2025-07-19 12:49:12,588 file: tool_utils.py func: tool_utils line No: 566 | /blocks/blocks.6/attn/Transpose_1        | Transpose  | BPU     | 3.887607   | 0.992738          | --               | si8              |
2025-07-19 12:49:12,588 file: tool_utils.py func: tool_utils line No: 566 | /blocks/blocks.6/attn/Transpose_2        | Transpose  | BPU     | 3.671093   | 0.993885          | --               | si8              |
2025-07-19 12:49:12,588 file: tool_utils.py func: tool_utils line No: 566 | /blocks/blocks.6/attn/MatMul             | MatMul     | BPU     | 3.147797   | 0.991272          | --               | si8              |
2025-07-19 12:49:12,588 file: tool_utils.py func: tool_utils line No: 566 | /blocks/blocks.6/attn/Mul                | Mul        | BPU     | 51.809002  | 0.991271          | --               | si16             |
2025-07-19 12:49:12,588 file: tool_utils.py func: tool_utils line No: 566 | ...tmax_reducemax_FROM_QUANTIZED_SOFTMAX | ReduceMax  | BPU     | 9.158624   | 0.996842          | --               | si16             |
2025-07-19 12:49:12,588 file: tool_utils.py func: tool_utils line No: 566 | ...tn/Softmax_sub_FROM_QUANTIZED_SOFTMAX | Sub        | BPU     | 9.158624   | 0.994806          | --               | si16             |
2025-07-19 12:49:12,588 file: tool_utils.py func: tool_utils line No: 566 | ...tn/Softmax_exp_FROM_QUANTIZED_SOFTMAX | Exp        | --      | 11.090324  | 0.987055          | --               | --               |
2025-07-19 12:49:12,588 file: tool_utils.py func: tool_utils line No: 566 | ...tmax_reducesum_FROM_QUANTIZED_SOFTMAX | ReduceSum  | BPU     | 1.0        | 0.992615          | --               | si16             |
2025-07-19 12:49:12,588 file: tool_utils.py func: tool_utils line No: 566 | ...max_reciprocal_FROM_QUANTIZED_SOFTMAX | Reciprocal | --      | 142.844818 | 0.978228          | --               | --               |
2025-07-19 12:49:12,588 file: tool_utils.py func: tool_utils line No: 566 | ...tn/Softmax_mul_FROM_QUANTIZED_SOFTMAX | Mul        | BPU     | 1.0        | 0.951862          | --               | si8              |
2025-07-19 12:49:12,588 file: tool_utils.py func: tool_utils line No: 566 | /blocks/blocks.6/attn/MatMul_1           | MatMul     | BPU     | 1.0        | 0.975511          | --               | si8              |
2025-07-19 12:49:12,588 file: tool_utils.py func: tool_utils line No: 566 | /blocks/blocks.6/attn/Transpose_3        | Transpose  | BPU     | 2.183214   | 0.975510          | --               | si8              |
2025-07-19 12:49:12,588 file: tool_utils.py func: tool_utils line No: 566 | ...ks.6/attn/proj/MatMul_reshape_to_4dim | Reshape    | BPU     | 2.183214   | 0.975510          | --               | si8              |
2025-07-19 12:49:12,588 file: tool_utils.py func: tool_utils line No: 566 | ...locks.6/attn/proj/MatMul_transpose_in | Transpose  | BPU     | 2.183214   | 0.975510          | --               | si8              |
2025-07-19 12:49:12,588 file: tool_utils.py func: tool_utils line No: 566 | /blocks/blocks.6/attn/proj/MatMul        | Conv       | BPU     | 2.183214   | 0.974481          | --               | si8              |
2025-07-19 12:49:12,588 file: tool_utils.py func: tool_utils line No: 566 | ...n/proj/Add_output_0_reshape_Transpose | Transpose  | BPU     | 1.305444   | 0.974481          | --               | si8              |
2025-07-19 12:49:12,588 file: tool_utils.py func: tool_utils line No: 566 | ...ocks.6/attn/proj/Add_output_0_Reshape | Reshape    | BPU     | 1.305444   | 0.974481          | --               | si8              |
2025-07-19 12:49:12,588 file: tool_utils.py func: tool_utils line No: 566 | /blocks/blocks.6/Add                     | Add        | BPU     | 7.835753   | 0.990704          | --               | si16             |
2025-07-19 12:49:12,588 file: tool_utils.py func: tool_utils line No: 566 | ...cks.6/norm_2/LayerNormalization_mean1 | ReduceMean | BPU     | 7.808037   | 0.981679          | --               | si16             |
2025-07-19 12:49:12,588 file: tool_utils.py func: tool_utils line No: 566 | ...ocks.6/norm_2/LayerNormalization_sub1 | Sub        | BPU     | 7.808037   | 0.990712          | --               | si16             |
2025-07-19 12:49:12,588 file: tool_utils.py func: tool_utils line No: 566 | ...ocks.6/norm_2/LayerNormalization_mul1 | Mul        | BPU     | 7.813155   | 0.988270          | --               | si16             |
2025-07-19 12:49:12,588 file: tool_utils.py func: tool_utils line No: 566 | ...cks.6/norm_2/LayerNormalization_mean2 | ReduceMean | BPU     | 61.045387  | 0.999708          | --               | si16             |
2025-07-19 12:49:12,588 file: tool_utils.py func: tool_utils line No: 566 | ...s.6/norm_2/LayerNormalization_hzrsqrt | HzRsqrt    | --      | 7.53557    | 0.999858          | --               | --               |
2025-07-19 12:49:12,588 file: tool_utils.py func: tool_utils line No: 566 | ...ocks.6/norm_2/LayerNormalization_mul2 | Mul        | BPU     | 7.813155   | 0.989371          | --               | si16             |
2025-07-19 12:49:12,588 file: tool_utils.py func: tool_utils line No: 566 | ...ocks.6/norm_2/LayerNormalization_mul3 | Mul        | BPU     | 3.962189   | 0.989367          | --               | si16             |
2025-07-19 12:49:12,588 file: tool_utils.py func: tool_utils line No: 566 | ...locks.6/norm_2/LayerNormalization_add | Add        | BPU     | 3.937174   | 0.989337          | --               | si8              |
2025-07-19 12:49:12,589 file: tool_utils.py func: tool_utils line No: 566 | ...ocks.6/mlp/fc1/MatMul_reshape_to_4dim | Reshape    | BPU     | 3.938609   | 0.989337          | --               | si8              |
2025-07-19 12:49:12,589 file: tool_utils.py func: tool_utils line No: 566 | .../blocks.6/mlp/fc1/MatMul_transpose_in | Transpose  | BPU     | 3.938609   | 0.989337          | --               | si8              |
2025-07-19 12:49:12,589 file: tool_utils.py func: tool_utils line No: 566 | /blocks/blocks.6/mlp/fc1/MatMul          | Conv       | BPU     | 3.938609   | 0.990714          | --               | si8              |
2025-07-19 12:49:12,589 file: tool_utils.py func: tool_utils line No: 566 | /blocks/blocks.6/mlp/act/Mul_1           | HzGelu     | --      | 2.707057   | 0.986497          | --               | --               |
2025-07-19 12:49:12,589 file: tool_utils.py func: tool_utils line No: 566 | /blocks/blocks.6/mlp/fc2/MatMul          | Conv       | BPU     | 2.36339    | 0.990595          | --               | si8              |
2025-07-19 12:49:12,589 file: tool_utils.py func: tool_utils line No: 566 | ...lp/fc2/Add_output_0_reshape_Transpose | Transpose  | BPU     | 1.361137   | 0.990595          | --               | si8              |
2025-07-19 12:49:12,589 file: tool_utils.py func: tool_utils line No: 566 | ...blocks.6/mlp/fc2/Add_output_0_Reshape | Reshape    | BPU     | 1.361137   | 0.990595          | --               | si8              |
2025-07-19 12:49:12,589 file: tool_utils.py func: tool_utils line No: 566 | /blocks/blocks.6/Add_1                   | Add        | BPU     | 7.808037   | 0.990979          | --               | si16             |
2025-07-19 12:49:12,589 file: tool_utils.py func: tool_utils line No: 566 | ...cks.7/norm_1/LayerNormalization_mean1 | ReduceMean | BPU     | 8.088583   | 0.977637          | --               | si16             |
2025-07-19 12:49:12,589 file: tool_utils.py func: tool_utils line No: 566 | ...ocks.7/norm_1/LayerNormalization_sub1 | Sub        | BPU     | 8.088583   | 0.990987          | --               | si16             |
2025-07-19 12:49:12,589 file: tool_utils.py func: tool_utils line No: 566 | ...ocks.7/norm_1/LayerNormalization_mul1 | Mul        | BPU     | 8.081373   | 0.988857          | --               | si16             |
2025-07-19 12:49:12,589 file: tool_utils.py func: tool_utils line No: 566 | ...cks.7/norm_1/LayerNormalization_mean2 | ReduceMean | BPU     | 65.308594  | 0.999750          | --               | si16             |
2025-07-19 12:49:12,589 file: tool_utils.py func: tool_utils line No: 566 | ...s.7/norm_1/LayerNormalization_hzrsqrt | HzRsqrt    | --      | 8.194913   | 0.999887          | --               | --               |
2025-07-19 12:49:12,589 file: tool_utils.py func: tool_utils line No: 566 | ...ocks.7/norm_1/LayerNormalization_mul2 | Mul        | BPU     | 8.081373   | 0.989588          | --               | si16             |
2025-07-19 12:49:12,589 file: tool_utils.py func: tool_utils line No: 566 | ...ocks.7/norm_1/LayerNormalization_mul3 | Mul        | BPU     | 3.878079   | 0.989586          | --               | si16             |
2025-07-19 12:49:12,589 file: tool_utils.py func: tool_utils line No: 566 | ...locks.7/norm_1/LayerNormalization_add | Add        | BPU     | 3.916385   | 0.989547          | --               | si8              |
2025-07-19 12:49:12,589 file: tool_utils.py func: tool_utils line No: 566 | .../attn/q_linear/MatMul_reshape_to_4dim | Reshape    | BPU     | 3.916915   | 0.989547          | --               | si8              |
2025-07-19 12:49:12,589 file: tool_utils.py func: tool_utils line No: 566 | ...s.7/attn/q_linear/MatMul_transpose_in | Transpose  | BPU     | 3.916915   | 0.989547          | --               | si8              |
2025-07-19 12:49:12,589 file: tool_utils.py func: tool_utils line No: 566 | /blocks/blocks.7/attn/q_linear/MatMul    | Conv       | BPU     | 3.916915   | 0.989693          | --               | si8              |
2025-07-19 12:49:12,589 file: tool_utils.py func: tool_utils line No: 566 | ...linear/Add_output_0_reshape_Transpose | Transpose  | BPU     | 3.175893   | 0.989693          | --               | si8              |
2025-07-19 12:49:12,589 file: tool_utils.py func: tool_utils line No: 566 | /blocks/blocks.7/attn/Reshape            | Reshape    | BPU     | 3.175893   | 0.989693          | --               | si8              |
2025-07-19 12:49:12,589 file: tool_utils.py func: tool_utils line No: 566 | /blocks/blocks.7/attn/Transpose          | Transpose  | BPU     | 3.175893   | 0.989694          | --               | si8              |
2025-07-19 12:49:12,589 file: tool_utils.py func: tool_utils line No: 566 | /blocks/blocks.7/attn/k_linear/MatMul    | Conv       | BPU     | 3.916915   | 0.993335          | --               | si8              |
2025-07-19 12:49:12,589 file: tool_utils.py func: tool_utils line No: 566 | ...linear/Add_output_0_reshape_Transpose | Transpose  | BPU     | 3.74599    | 0.993335          | --               | si8              |
2025-07-19 12:49:12,589 file: tool_utils.py func: tool_utils line No: 566 | /blocks/blocks.7/attn/Reshape_1          | Reshape    | BPU     | 3.74599    | 0.993335          | --               | si8              |
2025-07-19 12:49:12,589 file: tool_utils.py func: tool_utils line No: 566 | /blocks/blocks.7/attn/v_linear/MatMul    | Conv       | BPU     | 3.916915   | 0.991696          | --               | si8              |
2025-07-19 12:49:12,589 file: tool_utils.py func: tool_utils line No: 566 | ...linear/Add_output_0_reshape_Transpose | Transpose  | BPU     | 3.542145   | 0.991696          | --               | si8              |
2025-07-19 12:49:12,589 file: tool_utils.py func: tool_utils line No: 566 | /blocks/blocks.7/attn/Reshape_2          | Reshape    | BPU     | 3.542145   | 0.991696          | --               | si8              |
2025-07-19 12:49:12,589 file: tool_utils.py func: tool_utils line No: 566 | /blocks/blocks.7/attn/Transpose_1        | Transpose  | BPU     | 3.542145   | 0.991696          | --               | si8              |
2025-07-19 12:49:12,589 file: tool_utils.py func: tool_utils line No: 566 | /blocks/blocks.7/attn/Transpose_2        | Transpose  | BPU     | 3.74599    | 0.993335          | --               | si8              |
2025-07-19 12:49:12,590 file: tool_utils.py func: tool_utils line No: 566 | /blocks/blocks.7/attn/MatMul             | MatMul     | BPU     | 3.175893   | 0.990327          | --               | si8              |
2025-07-19 12:49:12,590 file: tool_utils.py func: tool_utils line No: 566 | /blocks/blocks.7/attn/Mul                | Mul        | BPU     | 51.795883  | 0.990330          | --               | si16             |
2025-07-19 12:49:12,590 file: tool_utils.py func: tool_utils line No: 566 | ...tmax_reducemax_FROM_QUANTIZED_SOFTMAX | ReduceMax  | BPU     | 9.156305   | 0.996948          | --               | si16             |
2025-07-19 12:49:12,590 file: tool_utils.py func: tool_utils line No: 566 | ...tn/Softmax_sub_FROM_QUANTIZED_SOFTMAX | Sub        | BPU     | 9.156305   | 0.995258          | --               | si16             |
2025-07-19 12:49:12,590 file: tool_utils.py func: tool_utils line No: 566 | ...tn/Softmax_exp_FROM_QUANTIZED_SOFTMAX | Exp        | --      | 11.090324  | 0.979934          | --               | --               |
2025-07-19 12:49:12,590 file: tool_utils.py func: tool_utils line No: 566 | ...tmax_reducesum_FROM_QUANTIZED_SOFTMAX | ReduceSum  | BPU     | 1.0        | 0.985535          | --               | si16             |
2025-07-19 12:49:12,590 file: tool_utils.py func: tool_utils line No: 566 | ...max_reciprocal_FROM_QUANTIZED_SOFTMAX | Reciprocal | --      | 141.740387 | 0.991758          | --               | --               |
2025-07-19 12:49:12,590 file: tool_utils.py func: tool_utils line No: 566 | ...tn/Softmax_mul_FROM_QUANTIZED_SOFTMAX | Mul        | BPU     | 1.0        | 0.964189          | --               | si8              |
2025-07-19 12:49:12,590 file: tool_utils.py func: tool_utils line No: 566 | /blocks/blocks.7/attn/MatMul_1           | MatMul     | BPU     | 1.0        | 0.963950          | --               | si8              |
2025-07-19 12:49:12,590 file: tool_utils.py func: tool_utils line No: 566 | /blocks/blocks.7/attn/Transpose_3        | Transpose  | BPU     | 1.960738   | 0.963950          | --               | si8              |
2025-07-19 12:49:12,590 file: tool_utils.py func: tool_utils line No: 566 | ...ks.7/attn/proj/MatMul_reshape_to_4dim | Reshape    | BPU     | 1.960738   | 0.963950          | --               | si8              |
2025-07-19 12:49:12,590 file: tool_utils.py func: tool_utils line No: 566 | ...locks.7/attn/proj/MatMul_transpose_in | Transpose  | BPU     | 1.960738   | 0.963950          | --               | si8              |
2025-07-19 12:49:12,590 file: tool_utils.py func: tool_utils line No: 566 | /blocks/blocks.7/attn/proj/MatMul        | Conv       | BPU     | 1.960738   | 0.967003          | --               | si8              |
2025-07-19 12:49:12,590 file: tool_utils.py func: tool_utils line No: 566 | ...n/proj/Add_output_0_reshape_Transpose | Transpose  | BPU     | 1.184626   | 0.967003          | --               | si8              |
2025-07-19 12:49:12,590 file: tool_utils.py func: tool_utils line No: 566 | ...ocks.7/attn/proj/Add_output_0_Reshape | Reshape    | BPU     | 1.184626   | 0.967003          | --               | si8              |
2025-07-19 12:49:12,590 file: tool_utils.py func: tool_utils line No: 566 | /blocks/blocks.7/Add                     | Add        | BPU     | 8.088583   | 0.990026          | --               | si16             |
2025-07-19 12:49:12,590 file: tool_utils.py func: tool_utils line No: 566 | ...cks.7/norm_2/LayerNormalization_mean1 | ReduceMean | BPU     | 8.129851   | 0.965165          | --               | si16             |
2025-07-19 12:49:12,590 file: tool_utils.py func: tool_utils line No: 566 | ...ocks.7/norm_2/LayerNormalization_sub1 | Sub        | BPU     | 8.129851   | 0.990031          | --               | si16             |
2025-07-19 12:49:12,590 file: tool_utils.py func: tool_utils line No: 566 | ...ocks.7/norm_2/LayerNormalization_mul1 | Mul        | BPU     | 8.123167   | 0.987278          | --               | si16             |
2025-07-19 12:49:12,590 file: tool_utils.py func: tool_utils line No: 566 | ...cks.7/norm_2/LayerNormalization_mean2 | ReduceMean | BPU     | 65.98584   | 0.999746          | --               | si16             |
2025-07-19 12:49:12,590 file: tool_utils.py func: tool_utils line No: 566 | ...s.7/norm_2/LayerNormalization_hzrsqrt | HzRsqrt    | --      | 8.362872   | 0.999897          | --               | --               |
2025-07-19 12:49:12,590 file: tool_utils.py func: tool_utils line No: 566 | ...ocks.7/norm_2/LayerNormalization_mul2 | Mul        | BPU     | 8.123167   | 0.988623          | --               | si16             |
2025-07-19 12:49:12,590 file: tool_utils.py func: tool_utils line No: 566 | ...ocks.7/norm_2/LayerNormalization_mul3 | Mul        | BPU     | 3.906536   | 0.988616          | --               | si16             |
2025-07-19 12:49:12,590 file: tool_utils.py func: tool_utils line No: 566 | ...locks.7/norm_2/LayerNormalization_add | Add        | BPU     | 3.889016   | 0.988583          | --               | si8              |
2025-07-19 12:49:12,590 file: tool_utils.py func: tool_utils line No: 566 | ...ocks.7/mlp/fc1/MatMul_reshape_to_4dim | Reshape    | BPU     | 3.890492   | 0.988583          | --               | si8              |
2025-07-19 12:49:12,590 file: tool_utils.py func: tool_utils line No: 566 | .../blocks.7/mlp/fc1/MatMul_transpose_in | Transpose  | BPU     | 3.890492   | 0.988583          | --               | si8              |
2025-07-19 12:49:12,590 file: tool_utils.py func: tool_utils line No: 566 | /blocks/blocks.7/mlp/fc1/MatMul          | Conv       | BPU     | 3.890492   | 0.989534          | --               | si8              |
2025-07-19 12:49:12,590 file: tool_utils.py func: tool_utils line No: 566 | /blocks/blocks.7/mlp/act/Mul_1           | HzGelu     | --      | 2.703957   | 0.984819          | --               | --               |
2025-07-19 12:49:12,590 file: tool_utils.py func: tool_utils line No: 566 | /blocks/blocks.7/mlp/fc2/MatMul          | Conv       | BPU     | 2.275069   | 0.988102          | --               | si8              |
2025-07-19 12:49:12,590 file: tool_utils.py func: tool_utils line No: 566 | ...lp/fc2/Add_output_0_reshape_Transpose | Transpose  | BPU     | 1.32494    | 0.988102          | --               | si8              |
2025-07-19 12:49:12,591 file: tool_utils.py func: tool_utils line No: 566 | ...blocks.7/mlp/fc2/Add_output_0_Reshape | Reshape    | BPU     | 1.32494    | 0.988102          | --               | si8              |
2025-07-19 12:49:12,591 file: tool_utils.py func: tool_utils line No: 566 | /blocks/blocks.7/Add_1                   | Add        | BPU     | 8.129851   | 0.990226          | --               | si16             |
2025-07-19 12:49:12,591 file: tool_utils.py func: tool_utils line No: 566 | ...cks.8/norm_1/LayerNormalization_mean1 | ReduceMean | BPU     | 8.415137   | 0.961091          | --               | si16             |
2025-07-19 12:49:12,591 file: tool_utils.py func: tool_utils line No: 566 | ...ocks.8/norm_1/LayerNormalization_sub1 | Sub        | BPU     | 8.415137   | 0.990231          | --               | si16             |
2025-07-19 12:49:12,591 file: tool_utils.py func: tool_utils line No: 566 | ...ocks.8/norm_1/LayerNormalization_mul1 | Mul        | BPU     | 8.409636   | 0.987377          | --               | si16             |
2025-07-19 12:49:12,591 file: tool_utils.py func: tool_utils line No: 566 | ...cks.8/norm_1/LayerNormalization_mean2 | ReduceMean | BPU     | 70.72197   | 0.999753          | --               | si16             |
2025-07-19 12:49:12,591 file: tool_utils.py func: tool_utils line No: 566 | ...s.8/norm_1/LayerNormalization_hzrsqrt | HzRsqrt    | --      | 9.265663   | 0.999903          | --               | --               |
2025-07-19 12:49:12,591 file: tool_utils.py func: tool_utils line No: 566 | ...ocks.8/norm_1/LayerNormalization_mul2 | Mul        | BPU     | 8.409636   | 0.988863          | --               | si16             |
2025-07-19 12:49:12,591 file: tool_utils.py func: tool_utils line No: 566 | ...ocks.8/norm_1/LayerNormalization_mul3 | Mul        | BPU     | 3.87423    | 0.988863          | --               | si16             |
2025-07-19 12:49:12,591 file: tool_utils.py func: tool_utils line No: 566 | ...locks.8/norm_1/LayerNormalization_add | Add        | BPU     | 3.894051   | 0.988818          | --               | si8              |
2025-07-19 12:49:12,591 file: tool_utils.py func: tool_utils line No: 566 | .../attn/q_linear/MatMul_reshape_to_4dim | Reshape    | BPU     | 3.891947   | 0.988818          | --               | si8              |
2025-07-19 12:49:12,591 file: tool_utils.py func: tool_utils line No: 566 | ...s.8/attn/q_linear/MatMul_transpose_in | Transpose  | BPU     | 3.891947   | 0.988818          | --               | si8              |
2025-07-19 12:49:12,591 file: tool_utils.py func: tool_utils line No: 566 | /blocks/blocks.8/attn/q_linear/MatMul    | Conv       | BPU     | 3.891947   | 0.990049          | --               | si8              |
2025-07-19 12:49:12,591 file: tool_utils.py func: tool_utils line No: 566 | ...linear/Add_output_0_reshape_Transpose | Transpose  | BPU     | 3.498624   | 0.990049          | --               | si8              |
2025-07-19 12:49:12,591 file: tool_utils.py func: tool_utils line No: 566 | /blocks/blocks.8/attn/Reshape            | Reshape    | BPU     | 3.498624   | 0.990049          | --               | si8              |
2025-07-19 12:49:12,591 file: tool_utils.py func: tool_utils line No: 566 | /blocks/blocks.8/attn/Transpose          | Transpose  | BPU     | 3.498624   | 0.990049          | --               | si8              |
2025-07-19 12:49:12,591 file: tool_utils.py func: tool_utils line No: 566 | /blocks/blocks.8/attn/k_linear/MatMul    | Conv       | BPU     | 3.891947   | 0.991888          | --               | si8              |
2025-07-19 12:49:12,591 file: tool_utils.py func: tool_utils line No: 566 | ...linear/Add_output_0_reshape_Transpose | Transpose  | BPU     | 3.770067   | 0.991888          | --               | si8              |
2025-07-19 12:49:12,591 file: tool_utils.py func: tool_utils line No: 566 | /blocks/blocks.8/attn/Reshape_1          | Reshape    | BPU     | 3.770067   | 0.991888          | --               | si8              |
2025-07-19 12:49:12,591 file: tool_utils.py func: tool_utils line No: 566 | /blocks/blocks.8/attn/v_linear/MatMul    | Conv       | BPU     | 3.891947   | 0.991380          | --               | si8              |
2025-07-19 12:49:12,591 file: tool_utils.py func: tool_utils line No: 566 | ...linear/Add_output_0_reshape_Transpose | Transpose  | BPU     | 3.316286   | 0.991381          | --               | si8              |
2025-07-19 12:49:12,591 file: tool_utils.py func: tool_utils line No: 566 | /blocks/blocks.8/attn/Reshape_2          | Reshape    | BPU     | 3.316286   | 0.991381          | --               | si8              |
2025-07-19 12:49:12,591 file: tool_utils.py func: tool_utils line No: 566 | /blocks/blocks.8/attn/Transpose_1        | Transpose  | BPU     | 3.316286   | 0.991380          | --               | si8              |
2025-07-19 12:49:12,591 file: tool_utils.py func: tool_utils line No: 566 | /blocks/blocks.8/attn/Transpose_2        | Transpose  | BPU     | 3.770067   | 0.991888          | --               | si8              |
2025-07-19 12:49:12,591 file: tool_utils.py func: tool_utils line No: 566 | /blocks/blocks.8/attn/MatMul             | MatMul     | BPU     | 3.498624   | 0.986240          | --               | si8              |
2025-07-19 12:49:12,591 file: tool_utils.py func: tool_utils line No: 566 | /blocks/blocks.8/attn/Mul                | Mul        | BPU     | 59.403038  | 0.986240          | --               | si16             |
2025-07-19 12:49:12,591 file: tool_utils.py func: tool_utils line No: 566 | ...tmax_reducemax_FROM_QUANTIZED_SOFTMAX | ReduceMax  | BPU     | 10.501073  | 0.995250          | --               | si16             |
2025-07-19 12:49:12,591 file: tool_utils.py func: tool_utils line No: 566 | ...tn/Softmax_sub_FROM_QUANTIZED_SOFTMAX | Sub        | BPU     | 10.501073  | 0.994467          | --               | si16             |
2025-07-19 12:49:12,591 file: tool_utils.py func: tool_utils line No: 566 | ...tn/Softmax_exp_FROM_QUANTIZED_SOFTMAX | Exp        | --      | 11.090324  | 0.981624          | --               | --               |
2025-07-19 12:49:12,592 file: tool_utils.py func: tool_utils line No: 566 | ...tmax_reducesum_FROM_QUANTIZED_SOFTMAX | ReduceSum  | BPU     | 1.0        | 0.987804          | --               | si16             |
2025-07-19 12:49:12,592 file: tool_utils.py func: tool_utils line No: 566 | ...max_reciprocal_FROM_QUANTIZED_SOFTMAX | Reciprocal | --      | 143.19545  | 0.978784          | --               | --               |
2025-07-19 12:49:12,592 file: tool_utils.py func: tool_utils line No: 566 | ...tn/Softmax_mul_FROM_QUANTIZED_SOFTMAX | Mul        | BPU     | 1.0        | 0.950036          | --               | si8              |
2025-07-19 12:49:12,592 file: tool_utils.py func: tool_utils line No: 566 | /blocks/blocks.8/attn/MatMul_1           | MatMul     | BPU     | 1.0        | 0.968636          | --               | si8              |
2025-07-19 12:49:12,592 file: tool_utils.py func: tool_utils line No: 566 | /blocks/blocks.8/attn/Transpose_3        | Transpose  | BPU     | 2.344058   | 0.968636          | --               | si8              |
2025-07-19 12:49:12,592 file: tool_utils.py func: tool_utils line No: 566 | ...ks.8/attn/proj/MatMul_reshape_to_4dim | Reshape    | BPU     | 2.344058   | 0.968636          | --               | si8              |
2025-07-19 12:49:12,592 file: tool_utils.py func: tool_utils line No: 566 | ...locks.8/attn/proj/MatMul_transpose_in | Transpose  | BPU     | 2.344058   | 0.968636          | --               | si8              |
2025-07-19 12:49:12,592 file: tool_utils.py func: tool_utils line No: 566 | /blocks/blocks.8/attn/proj/MatMul        | Conv       | BPU     | 2.344058   | 0.970215          | --               | si8              |
2025-07-19 12:49:12,592 file: tool_utils.py func: tool_utils line No: 566 | ...n/proj/Add_output_0_reshape_Transpose | Transpose  | BPU     | 1.08118    | 0.970214          | --               | si8              |
2025-07-19 12:49:12,592 file: tool_utils.py func: tool_utils line No: 566 | ...ocks.8/attn/proj/Add_output_0_Reshape | Reshape    | BPU     | 1.08118    | 0.970214          | --               | si8              |
2025-07-19 12:49:12,592 file: tool_utils.py func: tool_utils line No: 566 | /blocks/blocks.8/Add                     | Add        | BPU     | 8.415137   | 0.990035          | --               | si16             |
2025-07-19 12:49:12,592 file: tool_utils.py func: tool_utils line No: 566 | ...cks.8/norm_2/LayerNormalization_mean1 | ReduceMean | BPU     | 8.500674   | 0.961423          | --               | si16             |
2025-07-19 12:49:12,592 file: tool_utils.py func: tool_utils line No: 566 | ...ocks.8/norm_2/LayerNormalization_sub1 | Sub        | BPU     | 8.500674   | 0.990041          | --               | si16             |
2025-07-19 12:49:12,592 file: tool_utils.py func: tool_utils line No: 566 | ...ocks.8/norm_2/LayerNormalization_mul1 | Mul        | BPU     | 8.495334   | 0.986977          | --               | si16             |
2025-07-19 12:49:12,592 file: tool_utils.py func: tool_utils line No: 566 | ...cks.8/norm_2/LayerNormalization_mean2 | ReduceMean | BPU     | 72.170692  | 0.999735          | --               | si16             |
2025-07-19 12:49:12,592 file: tool_utils.py func: tool_utils line No: 566 | ...s.8/norm_2/LayerNormalization_hzrsqrt | HzRsqrt    | --      | 9.259675   | 0.999898          | --               | --               |
2025-07-19 12:49:12,592 file: tool_utils.py func: tool_utils line No: 566 | ...ocks.8/norm_2/LayerNormalization_mul2 | Mul        | BPU     | 8.495334   | 0.988691          | --               | si16             |
2025-07-19 12:49:12,592 file: tool_utils.py func: tool_utils line No: 566 | ...ocks.8/norm_2/LayerNormalization_mul3 | Mul        | BPU     | 3.864034   | 0.988689          | --               | si16             |
2025-07-19 12:49:12,592 file: tool_utils.py func: tool_utils line No: 566 | ...locks.8/norm_2/LayerNormalization_add | Add        | BPU     | 3.845651   | 0.988657          | --               | si8              |
2025-07-19 12:49:12,592 file: tool_utils.py func: tool_utils line No: 566 | ...ocks.8/mlp/fc1/MatMul_reshape_to_4dim | Reshape    | BPU     | 3.850086   | 0.988657          | --               | si8              |
2025-07-19 12:49:12,592 file: tool_utils.py func: tool_utils line No: 566 | .../blocks.8/mlp/fc1/MatMul_transpose_in | Transpose  | BPU     | 3.850086   | 0.988657          | --               | si8              |
2025-07-19 12:49:12,592 file: tool_utils.py func: tool_utils line No: 566 | /blocks/blocks.8/mlp/fc1/MatMul          | Conv       | BPU     | 3.850086   | 0.989071          | --               | si8              |
2025-07-19 12:49:12,592 file: tool_utils.py func: tool_utils line No: 566 | /blocks/blocks.8/mlp/act/Mul_1           | HzGelu     | --      | 2.65487    | 0.984952          | --               | --               |
2025-07-19 12:49:12,592 file: tool_utils.py func: tool_utils line No: 566 | /blocks/blocks.8/mlp/fc2/MatMul          | Conv       | BPU     | 2.279242   | 0.987700          | --               | si8              |
2025-07-19 12:49:12,592 file: tool_utils.py func: tool_utils line No: 566 | ...lp/fc2/Add_output_0_reshape_Transpose | Transpose  | BPU     | 1.213828   | 0.987701          | --               | si8              |
2025-07-19 12:49:12,592 file: tool_utils.py func: tool_utils line No: 566 | ...blocks.8/mlp/fc2/Add_output_0_Reshape | Reshape    | BPU     | 1.213828   | 0.987701          | --               | si8              |
2025-07-19 12:49:12,592 file: tool_utils.py func: tool_utils line No: 566 | /blocks/blocks.8/Add_1                   | Add        | BPU     | 8.500674   | 0.990110          | --               | si16             |
2025-07-19 12:49:12,592 file: tool_utils.py func: tool_utils line No: 566 | ...cks.9/norm_1/LayerNormalization_mean1 | ReduceMean | BPU     | 8.744017   | 0.979195          | --               | si16             |
2025-07-19 12:49:12,592 file: tool_utils.py func: tool_utils line No: 566 | ...ocks.9/norm_1/LayerNormalization_sub1 | Sub        | BPU     | 8.744017   | 0.990114          | --               | si16             |
2025-07-19 12:49:12,592 file: tool_utils.py func: tool_utils line No: 566 | ...ocks.9/norm_1/LayerNormalization_mul1 | Mul        | BPU     | 8.732241   | 0.987079          | --               | si16             |
2025-07-19 12:49:12,593 file: tool_utils.py func: tool_utils line No: 566 | ...cks.9/norm_1/LayerNormalization_mean2 | ReduceMean | BPU     | 76.252029  | 0.999734          | --               | si16             |
2025-07-19 12:49:12,593 file: tool_utils.py func: tool_utils line No: 566 | ...s.9/norm_1/LayerNormalization_hzrsqrt | HzRsqrt    | --      | 9.73203    | 0.999898          | --               | --               |
2025-07-19 12:49:12,593 file: tool_utils.py func: tool_utils line No: 566 | ...ocks.9/norm_1/LayerNormalization_mul2 | Mul        | BPU     | 8.732241   | 0.988782          | --               | si16             |
2025-07-19 12:49:12,593 file: tool_utils.py func: tool_utils line No: 566 | ...ocks.9/norm_1/LayerNormalization_mul3 | Mul        | BPU     | 3.855364   | 0.988784          | --               | si16             |
2025-07-19 12:49:12,593 file: tool_utils.py func: tool_utils line No: 566 | ...locks.9/norm_1/LayerNormalization_add | Add        | BPU     | 3.873058   | 0.988737          | --               | si8              |
2025-07-19 12:49:12,593 file: tool_utils.py func: tool_utils line No: 566 | .../attn/q_linear/MatMul_reshape_to_4dim | Reshape    | BPU     | 3.872332   | 0.988737          | --               | si8              |
2025-07-19 12:49:12,593 file: tool_utils.py func: tool_utils line No: 566 | ...s.9/attn/q_linear/MatMul_transpose_in | Transpose  | BPU     | 3.872332   | 0.988737          | --               | si8              |
2025-07-19 12:49:12,593 file: tool_utils.py func: tool_utils line No: 566 | /blocks/blocks.9/attn/q_linear/MatMul    | Conv       | BPU     | 3.872332   | 0.988847          | --               | si8              |
2025-07-19 12:49:12,593 file: tool_utils.py func: tool_utils line No: 566 | ...linear/Add_output_0_reshape_Transpose | Transpose  | BPU     | 3.468158   | 0.988847          | --               | si8              |
2025-07-19 12:49:12,593 file: tool_utils.py func: tool_utils line No: 566 | /blocks/blocks.9/attn/Reshape            | Reshape    | BPU     | 3.468158   | 0.988847          | --               | si8              |
2025-07-19 12:49:12,593 file: tool_utils.py func: tool_utils line No: 566 | /blocks/blocks.9/attn/Transpose          | Transpose  | BPU     | 3.468158   | 0.988847          | --               | si8              |
2025-07-19 12:49:12,593 file: tool_utils.py func: tool_utils line No: 566 | /blocks/blocks.9/attn/k_linear/MatMul    | Conv       | BPU     | 3.872332   | 0.992431          | --               | si8              |
2025-07-19 12:49:12,593 file: tool_utils.py func: tool_utils line No: 566 | ...linear/Add_output_0_reshape_Transpose | Transpose  | BPU     | 3.531689   | 0.992431          | --               | si8              |
2025-07-19 12:49:12,593 file: tool_utils.py func: tool_utils line No: 566 | /blocks/blocks.9/attn/Reshape_1          | Reshape    | BPU     | 3.531689   | 0.992431          | --               | si8              |
2025-07-19 12:49:12,593 file: tool_utils.py func: tool_utils line No: 566 | /blocks/blocks.9/attn/v_linear/MatMul    | Conv       | BPU     | 3.872332   | 0.990997          | --               | si8              |
2025-07-19 12:49:12,593 file: tool_utils.py func: tool_utils line No: 566 | ...linear/Add_output_0_reshape_Transpose | Transpose  | BPU     | 3.189165   | 0.990997          | --               | si8              |
2025-07-19 12:49:12,593 file: tool_utils.py func: tool_utils line No: 566 | /blocks/blocks.9/attn/Reshape_2          | Reshape    | BPU     | 3.189165   | 0.990997          | --               | si8              |
2025-07-19 12:49:12,593 file: tool_utils.py func: tool_utils line No: 566 | /blocks/blocks.9/attn/Transpose_1        | Transpose  | BPU     | 3.189165   | 0.990997          | --               | si8              |
2025-07-19 12:49:12,593 file: tool_utils.py func: tool_utils line No: 566 | /blocks/blocks.9/attn/Transpose_2        | Transpose  | BPU     | 3.531689   | 0.992431          | --               | si8              |
2025-07-19 12:49:12,593 file: tool_utils.py func: tool_utils line No: 566 | /blocks/blocks.9/attn/MatMul             | MatMul     | BPU     | 3.468158   | 0.986831          | --               | si8              |
2025-07-19 12:49:12,593 file: tool_utils.py func: tool_utils line No: 566 | /blocks/blocks.9/attn/Mul                | Mul        | BPU     | 53.208923  | 0.986827          | --               | si16             |
2025-07-19 12:49:12,593 file: tool_utils.py func: tool_utils line No: 566 | ...tmax_reducemax_FROM_QUANTIZED_SOFTMAX | ReduceMax  | BPU     | 9.406097   | 0.995340          | --               | si16             |
2025-07-19 12:49:12,593 file: tool_utils.py func: tool_utils line No: 566 | ...tn/Softmax_sub_FROM_QUANTIZED_SOFTMAX | Sub        | BPU     | 9.406097   | 0.993843          | --               | si16             |
2025-07-19 12:49:12,593 file: tool_utils.py func: tool_utils line No: 566 | ...tn/Softmax_exp_FROM_QUANTIZED_SOFTMAX | Exp        | --      | 11.090324  | 0.978279          | --               | --               |
2025-07-19 12:49:12,593 file: tool_utils.py func: tool_utils line No: 566 | ...tmax_reducesum_FROM_QUANTIZED_SOFTMAX | ReduceSum  | BPU     | 1.0        | 0.984186          | --               | si16             |
2025-07-19 12:49:12,593 file: tool_utils.py func: tool_utils line No: 566 | ...max_reciprocal_FROM_QUANTIZED_SOFTMAX | Reciprocal | --      | 159.53215  | 0.985925          | --               | --               |
2025-07-19 12:49:12,593 file: tool_utils.py func: tool_utils line No: 566 | ...tn/Softmax_mul_FROM_QUANTIZED_SOFTMAX | Mul        | BPU     | 1.0        | 0.946871          | --               | si8              |
2025-07-19 12:49:12,593 file: tool_utils.py func: tool_utils line No: 566 | /blocks/blocks.9/attn/MatMul_1           | MatMul     | BPU     | 1.0        | 0.955438          | --               | si8              |
2025-07-19 12:49:12,593 file: tool_utils.py func: tool_utils line No: 566 | /blocks/blocks.9/attn/Transpose_3        | Transpose  | BPU     | 1.939278   | 0.955438          | --               | si8              |
2025-07-19 12:49:12,593 file: tool_utils.py func: tool_utils line No: 566 | ...ks.9/attn/proj/MatMul_reshape_to_4dim | Reshape    | BPU     | 1.939278   | 0.955438          | --               | si8              |
2025-07-19 12:49:12,594 file: tool_utils.py func: tool_utils line No: 566 | ...locks.9/attn/proj/MatMul_transpose_in | Transpose  | BPU     | 1.939278   | 0.955439          | --               | si8              |
2025-07-19 12:49:12,594 file: tool_utils.py func: tool_utils line No: 566 | /blocks/blocks.9/attn/proj/MatMul        | Conv       | BPU     | 1.939278   | 0.954402          | --               | si8              |
2025-07-19 12:49:12,594 file: tool_utils.py func: tool_utils line No: 566 | ...n/proj/Add_output_0_reshape_Transpose | Transpose  | BPU     | 1.030904   | 0.954403          | --               | si8              |
2025-07-19 12:49:12,594 file: tool_utils.py func: tool_utils line No: 566 | ...ocks.9/attn/proj/Add_output_0_Reshape | Reshape    | BPU     | 1.030904   | 0.954403          | --               | si8              |
2025-07-19 12:49:12,594 file: tool_utils.py func: tool_utils line No: 566 | /blocks/blocks.9/Add                     | Add        | BPU     | 8.744017   | 0.989424          | --               | si16             |
2025-07-19 12:49:12,594 file: tool_utils.py func: tool_utils line No: 566 | ...cks.9/norm_2/LayerNormalization_mean1 | ReduceMean | BPU     | 8.772711   | 0.961418          | --               | si16             |
2025-07-19 12:49:12,594 file: tool_utils.py func: tool_utils line No: 566 | ...ocks.9/norm_2/LayerNormalization_sub1 | Sub        | BPU     | 8.772711   | 0.989429          | --               | si16             |
2025-07-19 12:49:12,594 file: tool_utils.py func: tool_utils line No: 566 | ...ocks.9/norm_2/LayerNormalization_mul1 | Mul        | BPU     | 8.779778   | 0.985864          | --               | si16             |
2025-07-19 12:49:12,594 file: tool_utils.py func: tool_utils line No: 566 | ...cks.9/norm_2/LayerNormalization_mean2 | ReduceMean | BPU     | 77.084511  | 0.999699          | --               | si16             |
2025-07-19 12:49:12,594 file: tool_utils.py func: tool_utils line No: 566 | ...s.9/norm_2/LayerNormalization_hzrsqrt | HzRsqrt    | --      | 9.776019   | 0.999887          | --               | --               |
2025-07-19 12:49:12,594 file: tool_utils.py func: tool_utils line No: 566 | ...ocks.9/norm_2/LayerNormalization_mul2 | Mul        | BPU     | 8.779778   | 0.988070          | --               | si16             |
2025-07-19 12:49:12,594 file: tool_utils.py func: tool_utils line No: 566 | ...ocks.9/norm_2/LayerNormalization_mul3 | Mul        | BPU     | 3.857024   | 0.988062          | --               | si16             |
2025-07-19 12:49:12,594 file: tool_utils.py func: tool_utils line No: 566 | ...locks.9/norm_2/LayerNormalization_add | Add        | BPU     | 3.84742    | 0.988024          | --               | si8              |
2025-07-19 12:49:12,594 file: tool_utils.py func: tool_utils line No: 566 | ...ocks.9/mlp/fc1/MatMul_reshape_to_4dim | Reshape    | BPU     | 3.847659   | 0.988024          | --               | si8              |
2025-07-19 12:49:12,594 file: tool_utils.py func: tool_utils line No: 566 | .../blocks.9/mlp/fc1/MatMul_transpose_in | Transpose  | BPU     | 3.847659   | 0.988024          | --               | si8              |
2025-07-19 12:49:12,594 file: tool_utils.py func: tool_utils line No: 566 | /blocks/blocks.9/mlp/fc1/MatMul          | Conv       | BPU     | 3.847659   | 0.987695          | --               | si8              |
2025-07-19 12:49:12,594 file: tool_utils.py func: tool_utils line No: 566 | /blocks/blocks.9/mlp/act/Mul_1           | HzGelu     | --      | 2.689455   | 0.983855          | --               | --               |
2025-07-19 12:49:12,594 file: tool_utils.py func: tool_utils line No: 566 | /blocks/blocks.9/mlp/fc2/MatMul          | Conv       | BPU     | 2.353789   | 0.986843          | --               | si8              |
2025-07-19 12:49:12,594 file: tool_utils.py func: tool_utils line No: 566 | ...lp/fc2/Add_output_0_reshape_Transpose | Transpose  | BPU     | 1.565358   | 0.986843          | --               | si8              |
2025-07-19 12:49:12,594 file: tool_utils.py func: tool_utils line No: 566 | ...blocks.9/mlp/fc2/Add_output_0_Reshape | Reshape    | BPU     | 1.565358   | 0.986843          | --               | si8              |
2025-07-19 12:49:12,594 file: tool_utils.py func: tool_utils line No: 566 | /blocks/blocks.9/Add_1                   | Add        | BPU     | 8.772711   | 0.989548          | --               | si16             |
2025-07-19 12:49:12,594 file: tool_utils.py func: tool_utils line No: 566 | ...ks.10/norm_1/LayerNormalization_mean1 | ReduceMean | BPU     | 9.027062   | 0.943619          | --               | si16             |
2025-07-19 12:49:12,594 file: tool_utils.py func: tool_utils line No: 566 | ...cks.10/norm_1/LayerNormalization_sub1 | Sub        | BPU     | 9.027062   | 0.989553          | --               | si16             |
2025-07-19 12:49:12,594 file: tool_utils.py func: tool_utils line No: 566 | ...cks.10/norm_1/LayerNormalization_mul1 | Mul        | BPU     | 9.033213   | 0.986009          | --               | si16             |
2025-07-19 12:49:12,594 file: tool_utils.py func: tool_utils line No: 566 | ...ks.10/norm_1/LayerNormalization_mean2 | ReduceMean | BPU     | 81.59893   | 0.999700          | --               | si16             |
2025-07-19 12:49:12,594 file: tool_utils.py func: tool_utils line No: 566 | ....10/norm_1/LayerNormalization_hzrsqrt | HzRsqrt    | --      | 10.188839  | 0.999892          | --               | --               |
2025-07-19 12:49:12,594 file: tool_utils.py func: tool_utils line No: 566 | ...cks.10/norm_1/LayerNormalization_mul2 | Mul        | BPU     | 9.033213   | 0.988263          | --               | si16             |
2025-07-19 12:49:12,594 file: tool_utils.py func: tool_utils line No: 566 | ...cks.10/norm_1/LayerNormalization_mul3 | Mul        | BPU     | 3.865889   | 0.988274          | --               | si16             |
2025-07-19 12:49:12,595 file: tool_utils.py func: tool_utils line No: 566 | ...ocks.10/norm_1/LayerNormalization_add | Add        | BPU     | 3.884579   | 0.988241          | --               | si8              |
2025-07-19 12:49:12,595 file: tool_utils.py func: tool_utils line No: 566 | .../attn/q_linear/MatMul_reshape_to_4dim | Reshape    | BPU     | 3.882607   | 0.988241          | --               | si8              |
2025-07-19 12:49:12,595 file: tool_utils.py func: tool_utils line No: 566 | ....10/attn/q_linear/MatMul_transpose_in | Transpose  | BPU     | 3.882607   | 0.988241          | --               | si8              |
2025-07-19 12:49:12,595 file: tool_utils.py func: tool_utils line No: 566 | /blocks/blocks.10/attn/q_linear/MatMul   | Conv       | BPU     | 3.882607   | 0.988985          | --               | si8              |
2025-07-19 12:49:12,595 file: tool_utils.py func: tool_utils line No: 566 | ...linear/Add_output_0_reshape_Transpose | Transpose  | BPU     | 3.502051   | 0.988984          | --               | si8              |
2025-07-19 12:49:12,595 file: tool_utils.py func: tool_utils line No: 566 | /blocks/blocks.10/attn/Reshape           | Reshape    | BPU     | 3.502051   | 0.988984          | --               | si8              |
2025-07-19 12:49:12,595 file: tool_utils.py func: tool_utils line No: 566 | /blocks/blocks.10/attn/Transpose         | Transpose  | BPU     | 3.502051   | 0.988984          | --               | si8              |
2025-07-19 12:49:12,595 file: tool_utils.py func: tool_utils line No: 566 | /blocks/blocks.10/attn/k_linear/MatMul   | Conv       | BPU     | 3.882607   | 0.992778          | --               | si8              |
2025-07-19 12:49:12,595 file: tool_utils.py func: tool_utils line No: 566 | ...linear/Add_output_0_reshape_Transpose | Transpose  | BPU     | 3.696114   | 0.992778          | --               | si8              |
2025-07-19 12:49:12,595 file: tool_utils.py func: tool_utils line No: 566 | /blocks/blocks.10/attn/Reshape_1         | Reshape    | BPU     | 3.696114   | 0.992778          | --               | si8              |
2025-07-19 12:49:12,595 file: tool_utils.py func: tool_utils line No: 566 | /blocks/blocks.10/attn/v_linear/MatMul   | Conv       | BPU     | 3.882607   | 0.990900          | --               | si8              |
2025-07-19 12:49:12,595 file: tool_utils.py func: tool_utils line No: 566 | ...linear/Add_output_0_reshape_Transpose | Transpose  | BPU     | 3.16719    | 0.990900          | --               | si8              |
2025-07-19 12:49:12,595 file: tool_utils.py func: tool_utils line No: 566 | /blocks/blocks.10/attn/Reshape_2         | Reshape    | BPU     | 3.16719    | 0.990900          | --               | si8              |
2025-07-19 12:49:12,595 file: tool_utils.py func: tool_utils line No: 566 | /blocks/blocks.10/attn/Transpose_1       | Transpose  | BPU     | 3.16719    | 0.990900          | --               | si8              |
2025-07-19 12:49:12,595 file: tool_utils.py func: tool_utils line No: 566 | /blocks/blocks.10/attn/Transpose_2       | Transpose  | BPU     | 3.696114   | 0.992778          | --               | si8              |
2025-07-19 12:49:12,595 file: tool_utils.py func: tool_utils line No: 566 | /blocks/blocks.10/attn/MatMul            | MatMul     | BPU     | 3.502051   | 0.987883          | --               | si8              |
2025-07-19 12:49:12,595 file: tool_utils.py func: tool_utils line No: 566 | /blocks/blocks.10/attn/Mul               | Mul        | BPU     | 71.564812  | 0.987883          | --               | si16             |
2025-07-19 12:49:12,595 file: tool_utils.py func: tool_utils line No: 566 | ...tmax_reducemax_FROM_QUANTIZED_SOFTMAX | ReduceMax  | BPU     | 12.65099   | 0.994967          | --               | si16             |
2025-07-19 12:49:12,595 file: tool_utils.py func: tool_utils line No: 566 | ...tn/Softmax_sub_FROM_QUANTIZED_SOFTMAX | Sub        | BPU     | 12.65099   | 0.993675          | --               | si16             |
2025-07-19 12:49:12,595 file: tool_utils.py func: tool_utils line No: 566 | ...tn/Softmax_exp_FROM_QUANTIZED_SOFTMAX | Exp        | --      | 11.090324  | 0.965941          | --               | --               |
2025-07-19 12:49:12,595 file: tool_utils.py func: tool_utils line No: 566 | ...tmax_reducesum_FROM_QUANTIZED_SOFTMAX | ReduceSum  | BPU     | 1.0        | 0.975587          | --               | si16             |
2025-07-19 12:49:12,595 file: tool_utils.py func: tool_utils line No: 566 | ...max_reciprocal_FROM_QUANTIZED_SOFTMAX | Reciprocal | --      | 148.528641 | 0.981268          | --               | --               |
2025-07-19 12:49:12,595 file: tool_utils.py func: tool_utils line No: 566 | ...tn/Softmax_mul_FROM_QUANTIZED_SOFTMAX | Mul        | BPU     | 1.0        | 0.952685          | --               | si8              |
2025-07-19 12:49:12,595 file: tool_utils.py func: tool_utils line No: 566 | /blocks/blocks.10/attn/MatMul_1          | MatMul     | BPU     | 1.0        | 0.961323          | --               | si8              |
2025-07-19 12:49:12,595 file: tool_utils.py func: tool_utils line No: 566 | /blocks/blocks.10/attn/Transpose_3       | Transpose  | BPU     | 2.040709   | 0.961323          | --               | si8              |
2025-07-19 12:49:12,595 file: tool_utils.py func: tool_utils line No: 566 | ...s.10/attn/proj/MatMul_reshape_to_4dim | Reshape    | BPU     | 2.040709   | 0.961323          | --               | si8              |
2025-07-19 12:49:12,595 file: tool_utils.py func: tool_utils line No: 566 | ...ocks.10/attn/proj/MatMul_transpose_in | Transpose  | BPU     | 2.040709   | 0.961322          | --               | si8              |
2025-07-19 12:49:12,596 file: tool_utils.py func: tool_utils line No: 566 | /blocks/blocks.10/attn/proj/MatMul       | Conv       | BPU     | 2.040709   | 0.960966          | --               | si8              |
2025-07-19 12:49:12,596 file: tool_utils.py func: tool_utils line No: 566 | ...n/proj/Add_output_0_reshape_Transpose | Transpose  | BPU     | 1.255311   | 0.960965          | --               | si8              |
2025-07-19 12:49:12,596 file: tool_utils.py func: tool_utils line No: 566 | ...cks.10/attn/proj/Add_output_0_Reshape | Reshape    | BPU     | 1.255311   | 0.960965          | --               | si8              |
2025-07-19 12:49:12,596 file: tool_utils.py func: tool_utils line No: 566 | /blocks/blocks.10/Add                    | Add        | BPU     | 9.027062   | 0.989321          | --               | si16             |
2025-07-19 12:49:12,596 file: tool_utils.py func: tool_utils line No: 566 | ...ks.10/norm_2/LayerNormalization_mean1 | ReduceMean | BPU     | 9.080932   | 0.950077          | --               | si16             |
2025-07-19 12:49:12,596 file: tool_utils.py func: tool_utils line No: 566 | ...cks.10/norm_2/LayerNormalization_sub1 | Sub        | BPU     | 9.080932   | 0.989325          | --               | si16             |
2025-07-19 12:49:12,596 file: tool_utils.py func: tool_utils line No: 566 | ...cks.10/norm_2/LayerNormalization_mul1 | Mul        | BPU     | 9.07725    | 0.985820          | --               | si16             |
2025-07-19 12:49:12,596 file: tool_utils.py func: tool_utils line No: 566 | ...ks.10/norm_2/LayerNormalization_mean2 | ReduceMean | BPU     | 82.396477  | 0.999645          | --               | si16             |
2025-07-19 12:49:12,596 file: tool_utils.py func: tool_utils line No: 566 | ....10/norm_2/LayerNormalization_hzrsqrt | HzRsqrt    | --      | 10.181495  | 0.999876          | --               | --               |
2025-07-19 12:49:12,596 file: tool_utils.py func: tool_utils line No: 566 | ...cks.10/norm_2/LayerNormalization_mul2 | Mul        | BPU     | 9.07725    | 0.988115          | --               | si16             |
2025-07-19 12:49:12,596 file: tool_utils.py func: tool_utils line No: 566 | ...cks.10/norm_2/LayerNormalization_mul3 | Mul        | BPU     | 3.889511   | 0.988105          | --               | si16             |
2025-07-19 12:49:12,596 file: tool_utils.py func: tool_utils line No: 566 | ...ocks.10/norm_2/LayerNormalization_add | Add        | BPU     | 3.865331   | 0.988064          | --               | si8              |
2025-07-19 12:49:12,596 file: tool_utils.py func: tool_utils line No: 566 | ...cks.10/mlp/fc1/MatMul_reshape_to_4dim | Reshape    | BPU     | 3.870558   | 0.988064          | --               | si8              |
2025-07-19 12:49:12,596 file: tool_utils.py func: tool_utils line No: 566 | ...blocks.10/mlp/fc1/MatMul_transpose_in | Transpose  | BPU     | 3.870558   | 0.988064          | --               | si8              |
2025-07-19 12:49:12,596 file: tool_utils.py func: tool_utils line No: 566 | /blocks/blocks.10/mlp/fc1/MatMul         | Conv       | BPU     | 3.870558   | 0.988140          | --               | si8              |
2025-07-19 12:49:12,596 file: tool_utils.py func: tool_utils line No: 566 | /blocks/blocks.10/mlp/act/Mul_1          | HzGelu     | --      | 2.666997   | 0.983871          | --               | --               |
2025-07-19 12:49:12,596 file: tool_utils.py func: tool_utils line No: 566 | /blocks/blocks.10/mlp/fc2/MatMul         | Conv       | BPU     | 2.287648   | 0.987165          | --               | si8              |
2025-07-19 12:49:12,596 file: tool_utils.py func: tool_utils line No: 566 | ...lp/fc2/Add_output_0_reshape_Transpose | Transpose  | BPU     | 1.481484   | 0.987165          | --               | si8              |
2025-07-19 12:49:12,596 file: tool_utils.py func: tool_utils line No: 566 | ...locks.10/mlp/fc2/Add_output_0_Reshape | Reshape    | BPU     | 1.481484   | 0.987165          | --               | si8              |
2025-07-19 12:49:12,596 file: tool_utils.py func: tool_utils line No: 566 | /blocks/blocks.10/Add_1                  | Add        | BPU     | 9.080932   | 0.989307          | --               | si16             |
2025-07-19 12:49:12,596 file: tool_utils.py func: tool_utils line No: 566 | ...ks.11/norm_1/LayerNormalization_mean1 | ReduceMean | BPU     | 9.232078   | 0.948216          | --               | si16             |
2025-07-19 12:49:12,596 file: tool_utils.py func: tool_utils line No: 566 | ...cks.11/norm_1/LayerNormalization_sub1 | Sub        | BPU     | 9.232078   | 0.989313          | --               | si16             |
2025-07-19 12:49:12,596 file: tool_utils.py func: tool_utils line No: 566 | ...cks.11/norm_1/LayerNormalization_mul1 | Mul        | BPU     | 9.22447    | 0.985956          | --               | si16             |
2025-07-19 12:49:12,596 file: tool_utils.py func: tool_utils line No: 566 | ...ks.11/norm_1/LayerNormalization_mean2 | ReduceMean | BPU     | 85.090851  | 0.999636          | --               | si16             |
2025-07-19 12:49:12,596 file: tool_utils.py func: tool_utils line No: 566 | ....11/norm_1/LayerNormalization_hzrsqrt | HzRsqrt    | --      | 10.439546  | 0.999872          | --               | --               |
2025-07-19 12:49:12,596 file: tool_utils.py func: tool_utils line No: 566 | ...cks.11/norm_1/LayerNormalization_mul2 | Mul        | BPU     | 9.22447    | 0.988042          | --               | si16             |
2025-07-19 12:49:12,597 file: tool_utils.py func: tool_utils line No: 566 | ...cks.11/norm_1/LayerNormalization_mul3 | Mul        | BPU     | 3.883669   | 0.988049          | --               | si16             |
2025-07-19 12:49:12,597 file: tool_utils.py func: tool_utils line No: 566 | ...ocks.11/norm_1/LayerNormalization_add | Add        | BPU     | 3.89507    | 0.988010          | --               | si8              |
2025-07-19 12:49:12,597 file: tool_utils.py func: tool_utils line No: 566 | .../attn/q_linear/MatMul_reshape_to_4dim | Reshape    | BPU     | 3.8984     | 0.988010          | --               | si8              |
2025-07-19 12:49:12,597 file: tool_utils.py func: tool_utils line No: 566 | ....11/attn/q_linear/MatMul_transpose_in | Transpose  | BPU     | 3.8984     | 0.988010          | --               | si8              |
2025-07-19 12:49:12,597 file: tool_utils.py func: tool_utils line No: 566 | /blocks/blocks.11/attn/q_linear/MatMul   | Conv       | BPU     | 3.8984     | 0.988099          | --               | si8              |
2025-07-19 12:49:12,597 file: tool_utils.py func: tool_utils line No: 566 | ...linear/Add_output_0_reshape_Transpose | Transpose  | BPU     | 3.42234    | 0.988100          | --               | si8              |
2025-07-19 12:49:12,597 file: tool_utils.py func: tool_utils line No: 566 | /blocks/blocks.11/attn/Reshape           | Reshape    | BPU     | 3.42234    | 0.988100          | --               | si8              |
2025-07-19 12:49:12,597 file: tool_utils.py func: tool_utils line No: 566 | /blocks/blocks.11/attn/Transpose         | Transpose  | BPU     | 3.42234    | 0.988099          | --               | si8              |
2025-07-19 12:49:12,597 file: tool_utils.py func: tool_utils line No: 566 | /blocks/blocks.11/attn/k_linear/MatMul   | Conv       | BPU     | 3.8984     | 0.991185          | --               | si8              |
2025-07-19 12:49:12,597 file: tool_utils.py func: tool_utils line No: 566 | ...linear/Add_output_0_reshape_Transpose | Transpose  | BPU     | 3.565966   | 0.991185          | --               | si8              |
2025-07-19 12:49:12,597 file: tool_utils.py func: tool_utils line No: 566 | /blocks/blocks.11/attn/Reshape_1         | Reshape    | BPU     | 3.565966   | 0.991185          | --               | si8              |
2025-07-19 12:49:12,597 file: tool_utils.py func: tool_utils line No: 566 | /blocks/blocks.11/attn/v_linear/MatMul   | Conv       | BPU     | 3.8984     | 0.991468          | --               | si8              |
2025-07-19 12:49:12,597 file: tool_utils.py func: tool_utils line No: 566 | ...linear/Add_output_0_reshape_Transpose | Transpose  | BPU     | 3.254205   | 0.991468          | --               | si8              |
2025-07-19 12:49:12,597 file: tool_utils.py func: tool_utils line No: 566 | /blocks/blocks.11/attn/Reshape_2         | Reshape    | BPU     | 3.254205   | 0.991468          | --               | si8              |
2025-07-19 12:49:12,597 file: tool_utils.py func: tool_utils line No: 566 | /blocks/blocks.11/attn/Transpose_1       | Transpose  | BPU     | 3.254205   | 0.991468          | --               | si8              |
2025-07-19 12:49:12,597 file: tool_utils.py func: tool_utils line No: 566 | /blocks/blocks.11/attn/Transpose_2       | Transpose  | BPU     | 3.565966   | 0.991185          | --               | si8              |
2025-07-19 12:49:12,597 file: tool_utils.py func: tool_utils line No: 566 | /blocks/blocks.11/attn/MatMul            | MatMul     | BPU     | 3.42234    | 0.984332          | --               | si8              |
2025-07-19 12:49:12,597 file: tool_utils.py func: tool_utils line No: 566 | /blocks/blocks.11/attn/Mul               | Mul        | BPU     | 66.657585  | 0.984335          | --               | si16             |
2025-07-19 12:49:12,597 file: tool_utils.py func: tool_utils line No: 566 | ...tmax_reducemax_FROM_QUANTIZED_SOFTMAX | ReduceMax  | BPU     | 11.783507  | 0.994210          | --               | si16             |
2025-07-19 12:49:12,597 file: tool_utils.py func: tool_utils line No: 566 | ...tn/Softmax_sub_FROM_QUANTIZED_SOFTMAX | Sub        | BPU     | 11.783507  | 0.993064          | --               | si16             |
2025-07-19 12:49:12,597 file: tool_utils.py func: tool_utils line No: 566 | ...tn/Softmax_exp_FROM_QUANTIZED_SOFTMAX | Exp        | --      | 11.090324  | 0.977080          | --               | --               |
2025-07-19 12:49:12,597 file: tool_utils.py func: tool_utils line No: 566 | ...tmax_reducesum_FROM_QUANTIZED_SOFTMAX | ReduceSum  | BPU     | 1.0        | 0.983474          | --               | si16             |
2025-07-19 12:49:12,597 file: tool_utils.py func: tool_utils line No: 566 | ...max_reciprocal_FROM_QUANTIZED_SOFTMAX | Reciprocal | --      | 149.585388 | 0.985607          | --               | --               |
2025-07-19 12:49:12,597 file: tool_utils.py func: tool_utils line No: 566 | ...tn/Softmax_mul_FROM_QUANTIZED_SOFTMAX | Mul        | BPU     | 1.0        | 0.969715          | --               | si8              |
2025-07-19 12:49:12,597 file: tool_utils.py func: tool_utils line No: 566 | /blocks/blocks.11/attn/MatMul_1          | MatMul     | BPU     | 1.0        | 0.953064          | --               | si8              |
2025-07-19 12:49:12,597 file: tool_utils.py func: tool_utils line No: 566 | /blocks/blocks.11/attn/Transpose_3       | Transpose  | BPU     | 1.926888   | 0.953064          | --               | si8              |
2025-07-19 12:49:12,597 file: tool_utils.py func: tool_utils line No: 566 | ...s.11/attn/proj/MatMul_reshape_to_4dim | Reshape    | BPU     | 1.926888   | 0.953064          | --               | si8              |
2025-07-19 12:49:12,597 file: tool_utils.py func: tool_utils line No: 566 | ...ocks.11/attn/proj/MatMul_transpose_in | Transpose  | BPU     | 1.926888   | 0.953064          | --               | si8              |
2025-07-19 12:49:12,597 file: tool_utils.py func: tool_utils line No: 566 | /blocks/blocks.11/attn/proj/MatMul       | Conv       | BPU     | 1.926888   | 0.950718          | --               | si8              |
2025-07-19 12:49:12,598 file: tool_utils.py func: tool_utils line No: 566 | ...n/proj/Add_output_0_reshape_Transpose | Transpose  | BPU     | 1.055598   | 0.950718          | --               | si8              |
2025-07-19 12:49:12,598 file: tool_utils.py func: tool_utils line No: 566 | ...cks.11/attn/proj/Add_output_0_Reshape | Reshape    | BPU     | 1.055598   | 0.950718          | --               | si8              |
2025-07-19 12:49:12,598 file: tool_utils.py func: tool_utils line No: 566 | /blocks/blocks.11/Add                    | Add        | BPU     | 9.232078   | 0.988250          | --               | si16             |
2025-07-19 12:49:12,598 file: tool_utils.py func: tool_utils line No: 566 | ...ks.11/norm_2/LayerNormalization_mean1 | ReduceMean | BPU     | 9.2714     | 0.940890          | --               | si16             |
2025-07-19 12:49:12,598 file: tool_utils.py func: tool_utils line No: 566 | ...cks.11/norm_2/LayerNormalization_sub1 | Sub        | BPU     | 9.2714     | 0.988257          | --               | si16             |
2025-07-19 12:49:12,598 file: tool_utils.py func: tool_utils line No: 566 | ...cks.11/norm_2/LayerNormalization_mul1 | Mul        | BPU     | 9.274529   | 0.984223          | --               | si16             |
2025-07-19 12:49:12,598 file: tool_utils.py func: tool_utils line No: 566 | ...ks.11/norm_2/LayerNormalization_mean2 | ReduceMean | BPU     | 86.016876  | 0.999576          | --               | si16             |
2025-07-19 12:49:12,598 file: tool_utils.py func: tool_utils line No: 566 | ....11/norm_2/LayerNormalization_hzrsqrt | HzRsqrt    | --      | 10.669383  | 0.999846          | --               | --               |
2025-07-19 12:49:12,598 file: tool_utils.py func: tool_utils line No: 566 | ...cks.11/norm_2/LayerNormalization_mul2 | Mul        | BPU     | 9.274529   | 0.987082          | --               | si16             |
2025-07-19 12:49:12,598 file: tool_utils.py func: tool_utils line No: 566 | ...cks.11/norm_2/LayerNormalization_mul3 | Mul        | BPU     | 3.880903   | 0.987074          | --               | si16             |
2025-07-19 12:49:12,598 file: tool_utils.py func: tool_utils line No: 566 | ...ocks.11/norm_2/LayerNormalization_add | Add        | BPU     | 3.858347   | 0.987042          | --               | si8              |
2025-07-19 12:49:12,598 file: tool_utils.py func: tool_utils line No: 566 | ...cks.11/mlp/fc1/MatMul_reshape_to_4dim | Reshape    | BPU     | 3.857702   | 0.987042          | --               | si8              |
2025-07-19 12:49:12,598 file: tool_utils.py func: tool_utils line No: 566 | ...blocks.11/mlp/fc1/MatMul_transpose_in | Transpose  | BPU     | 3.857702   | 0.987042          | --               | si8              |
2025-07-19 12:49:12,598 file: tool_utils.py func: tool_utils line No: 566 | /blocks/blocks.11/mlp/fc1/MatMul         | Conv       | BPU     | 3.857702   | 0.987719          | --               | si8              |
2025-07-19 12:49:12,598 file: tool_utils.py func: tool_utils line No: 566 | /blocks/blocks.11/mlp/act/Mul_1          | HzGelu     | --      | 2.822556   | 0.983725          | --               | --               |
2025-07-19 12:49:12,598 file: tool_utils.py func: tool_utils line No: 566 | /blocks/blocks.11/mlp/fc2/MatMul         | Conv       | BPU     | 2.429809   | 0.986393          | --               | si8              |
2025-07-19 12:49:12,598 file: tool_utils.py func: tool_utils line No: 566 | ...lp/fc2/Add_output_0_reshape_Transpose | Transpose  | BPU     | 1.758139   | 0.986393          | --               | si8              |
2025-07-19 12:49:12,598 file: tool_utils.py func: tool_utils line No: 566 | ...locks.11/mlp/fc2/Add_output_0_Reshape | Reshape    | BPU     | 1.758139   | 0.986393          | --               | si8              |
2025-07-19 12:49:12,598 file: tool_utils.py func: tool_utils line No: 566 | /blocks/blocks.11/Add_1                  | Add        | BPU     | 9.2714     | 0.988238          | --               | si16             |
2025-07-19 12:49:12,598 file: tool_utils.py func: tool_utils line No: 566 | /norm/LayerNormalization_mean1           | ReduceMean | BPU     | 9.434083   | 0.951882          | --               | si16             |
2025-07-19 12:49:12,598 file: tool_utils.py func: tool_utils line No: 566 | /norm/LayerNormalization_sub1            | Sub        | BPU     | 9.434083   | 0.988244          | --               | si16             |
2025-07-19 12:49:12,598 file: tool_utils.py func: tool_utils line No: 566 | /norm/LayerNormalization_mul1            | Mul        | BPU     | 9.421381   | 0.983989          | --               | si16             |
2025-07-19 12:49:12,598 file: tool_utils.py func: tool_utils line No: 566 | /norm/LayerNormalization_mean2           | ReduceMean | BPU     | 88.762421  | 0.999555          | --               | si16             |
2025-07-19 12:49:12,598 file: tool_utils.py func: tool_utils line No: 566 | /norm/LayerNormalization_hzrsqrt         | HzRsqrt    | --      | 11.005277  | 0.999851          | --               | --               |
2025-07-19 12:49:12,598 file: tool_utils.py func: tool_utils line No: 566 | /norm/LayerNormalization_mul2            | Mul        | BPU     | 9.421381   | 0.987227          | --               | si16             |
2025-07-19 12:49:12,598 file: tool_utils.py func: tool_utils line No: 566 | /norm/LayerNormalization_mul3            | Mul        | BPU     | 3.857833   | 0.987224          | --               | si16             |
2025-07-19 12:49:12,598 file: tool_utils.py func: tool_utils line No: 566 | /norm/LayerNormalization_add             | Add        | BPU     | 3.854023   | 0.987185          | --               | si8              |
2025-07-19 12:49:12,598 file: tool_utils.py func: tool_utils line No: 566 | /Gather                                  | Gather     | BPU     | 3.853042   | 0.965059          | --               | si8              |
2025-07-19 12:49:12,599 file: tool_utils.py func: tool_utils line No: 566 | /head/Gemm_transpose_in_reshape          | Reshape    | BPU     | 3.853042   | 0.965059          | --               | si8              |
2025-07-19 12:49:12,599 file: tool_utils.py func: tool_utils line No: 566 | /head/Gemm                               | Conv       | BPU     | 3.853042   | 0.978965          | 0.980591         | si32             |
2025-07-19 12:49:12,599 file: tool_utils.py func: tool_utils line No: 566 | /head/Gemm_reshape_output                | Reshape    | VPU+BPU | --         | 0.978965          | 0.980591         | f32,si32         |
2025-07-19 12:49:12,599 file: tool_utils.py func: tool_utils line No: 571 +------------------------------------------+------------+---------+------------+-------------------+------------------+------------------+
2025-07-19 12:49:12,600 file: tool_utils.py func: tool_utils line No: 571 +------------+-------------------+------------------+
2025-07-19 12:49:12,600 file: tool_utils.py func: tool_utils line No: 566 | TensorName | Calibrated Cosine | Quantized Cosine |
2025-07-19 12:49:12,600 file: tool_utils.py func: tool_utils line No: 571 +------------+-------------------+------------------+
2025-07-19 12:49:12,600 file: tool_utils.py func: tool_utils line No: 566 | output     | 0.978965          | 0.980591         |
2025-07-19 12:49:12,600 file: tool_utils.py func: tool_utils line No: 571 +------------+-------------------+------------------+
2025-07-19 12:49:12,618 file: wrap_utils.py func: wrap_utils line No: 40 Start to execute hbdk.overlay.remove_io_op.
2025-07-19 12:49:12,618 file: wrap_utils.py func: wrap_utils line No: 43 hbdk.overlay.remove_io_op input args ()
2025-07-19 12:49:12,618 file: wrap_utils.py func: wrap_utils line No: 46 hbdk.overlay.remove_io_op input kwargs {'remove_node_types': [], 'remove_node_names': []}
2025-07-19 12:49:12,643 file: wrap_utils.py func: wrap_utils line No: 50 End to execute hbdk.overlay.remove_io_op.
2025-07-19 12:49:12,643 file: hbm_builder.py func: hbm_builder line No: 64 Compile params: {'jobs': 8, 'balance': 100, 'advice': 1.0, 'progress_bar': True, 'opt': 2, 'max_time_per_fc': 0, 'debug': False, 'cache_mode': 'disable'}
2025-07-19 12:49:12,660 file: hbm_builder.py func: hbm_builder line No: 310 Start to compile model.
2025-07-19 12:49:12,660 file: wrap_utils.py func: wrap_utils line No: 40 Start to execute hbdk.compile.
2025-07-19 12:49:12,660 file: wrap_utils.py func: wrap_utils line No: 43 hbdk.compile input args ()
2025-07-19 12:49:12,660 file: wrap_utils.py func: wrap_utils line No: 46 hbdk.compile input kwargs {'save_path': '/open_explorer/Model/ViT/vit_cifar10_batch1/vit_cifar10_batch1.hbm', 'march': 'nash-e', 'compile_params': {'jobs': 8, 'balance': 100, 'advice': 1.0, 'progress_bar': True, 'opt': 2, 'max_time_per_fc': 0, 'debug': False, 'cache_mode': 'disable'}}
2025-07-19 13:15:05,826 file: wrap_utils.py func: wrap_utils line No: 50 End to execute hbdk.compile.
2025-07-19 13:15:05,826 file: hbm_builder.py func: hbm_builder line No: 314 Successfully compile the hbm model, generated hbm model is saved at /open_explorer/Model/ViT/vit_cifar10_batch1/vit_cifar10_batch1.hbm
2025-07-19 13:15:05,826 file: wrap_utils.py func: wrap_utils line No: 40 Start to execute hbdk.compiler.hbm_perf.
2025-07-19 13:15:05,826 file: wrap_utils.py func: wrap_utils line No: 43 hbdk.compiler.hbm_perf input args ()
2025-07-19 13:15:05,826 file: wrap_utils.py func: wrap_utils line No: 46 hbdk.compiler.hbm_perf input kwargs {}
2025-07-19 13:15:06,034 file: hbm_builder.py func: hbm_builder line No: 322 Successfully perf the model, generated result is saved at /open_explorer/Model/ViT/vit_cifar10_batch1
2025-07-19 13:15:06,035 file: wrap_utils.py func: wrap_utils line No: 50 End to execute hbdk.compiler.hbm_perf.
2025-07-19 13:15:06,035 file: hbm_handle.py func: hbm_handle line No: 35 hbm_path: /open_explorer/Model/ViT/vit_cifar10_batch1/vit_cifar10_batch1.hbm
2025-07-19 13:15:06,055 file: hb_model_info.py func: hb_model_info line No: 139 ************************* vit_cifar10_batch1 *************************
2025-07-19 13:15:06,055 file: wrap_utils.py func: wrap_utils line No: 40 Start to execute hbdk.hbm.function.desc.
2025-07-19 13:15:06,055 file: wrap_utils.py func: wrap_utils line No: 43 hbdk.hbm.function.desc input args ()
2025-07-19 13:15:06,055 file: wrap_utils.py func: wrap_utils line No: 46 hbdk.hbm.function.desc input kwargs {'index': 0}
2025-07-19 13:15:06,055 file: wrap_utils.py func: wrap_utils line No: 50 End to execute hbdk.hbm.function.desc.
2025-07-19 13:15:06,055 file: hb_model_info.py func: hb_model_info line No: 143 hbm vit_cifar10_batch1 desc: {'BUILDER_VERSION': '3.3.22', 'HBDK_VERSION': '4.2.11', 'HBDK_RUNTIME_VERSION': None, 'HMCT_VERSION': '2.4.1', 'CAFFE_MODEL': None, 'PROTOTXT': None, 'ONNX_MODEL': '/open_explorer/Model/ViT/vit_cifar10_batch1.onnx', 'MARCH': 'nash-e', 'LAYER_OUT_DUMP': 'False', 'LOG_LEVEL': None, 'WORKING_DIR': '/open_explorer/Model/ViT/vit_cifar10_batch1', 'MODEL_PREFIX': 'vit_cifar10_batch1', 'OUTPUT_NODES': '', 'REMOVE_NODE_TYPE': '', 'REMOVE_NODE_NAME': '', 'DEBUG_MODE': '', 'NODE_INFO': '{}', 'INPUT_NAMES': 'input', 'INPUT_SPACE_AND_RANGE': 'regular', 'INPUT_TYPE_RT': 'nv12', 'INPUT_TYPE_TRAIN': 'rgb', 'INPUT_LAYOUT_TRAIN': 'NCHW', 'INPUT_LAYOUT_RT': '', 'NORM_TYPE': 'data_mean_and_scale', 'MEAN_VALUE': '[125.307, 122.961, 113.8575]', 'SCALE_VALUE': '[0.01938, 0.01967, 0.01951]', 'STD_VALUE': '[]', 'INPUT_SHAPE': '1x3x224x224', 'INPUT_BATCH': '', 'SEPARATE_BATCH': 'False', 'SEPARATE_NAME': '', 'CUSTOM_OP_METHOD': None, 'CUSTOM_OP_DIR': None, 'CUSTOM_OP_REGISTER_FILES': '', 'OPTIMIZATION': '', 'CALI_TYPE': 'default', 'CAL_DATA_DIR': '/open_explorer/Dataset/cifar-10-batches-py/cali_img_npy', 'PER_CHANNEL': 'False', 'MAX_PERCENTILE': 'None', 'RUN_ON_CPU': '', 'RUN_ON_BPU': '', 'QUANT_CONFIG': {'op_config': {'softmax': {'qtype': 'int32'}}}, 'ADVICE': 1.0, 'DEBUG': 'False', 'OPTIMIZE_LEVEL': 'O2', 'COMPILE_MODE': 'latency', 'CORE_NUM': 1, 'MAX_TIME_PER_FC': 0, 'BALANCE_FACTOR': 100, 'ABILITY_ENTRY': None, 'INPUT_SOURCE': {'input': 'pyramid'}, 'hbdk3_compatible_mode': None, 'cache_mode': 'disable', 'cache_path': '', 'CALI_EXTRA_PARAM': {}, 'EXTRA_PARAMS': {}}
2025-07-19 13:15:06,055 file: hb_model_info.py func: hb_model_info line No: 190 ############# model deps info #############
2025-07-19 13:15:06,055 file: hb_model_info.py func: hb_model_info line No: 198 builder version     : 3.3.22
2025-07-19 13:15:06,055 file: hb_model_info.py func: hb_model_info line No: 198 hbdk version        : 4.2.11
2025-07-19 13:15:06,055 file: hb_model_info.py func: hb_model_info line No: 198 hmct version        : 2.4.1
2025-07-19 13:15:06,056 file: hb_model_info.py func: hb_model_info line No: 203 ############# model_parameters info #############
2025-07-19 13:15:06,056 file: hb_model_info.py func: hb_model_info line No: 221 onnx_model          : /open_explorer/Model/ViT/vit_cifar10_batch1.onnx
2025-07-19 13:15:06,056 file: hb_model_info.py func: hb_model_info line No: 221 BPU march           : nash-e
2025-07-19 13:15:06,056 file: hb_model_info.py func: hb_model_info line No: 221 layer_out_dump      : False
2025-07-19 13:15:06,056 file: hb_model_info.py func: hb_model_info line No: 221 working dir         : /open_explorer/Model/ViT/vit_cifar10_batch1
2025-07-19 13:15:06,056 file: hb_model_info.py func: hb_model_info line No: 221 output_model_file_prefix: vit_cifar10_batch1
2025-07-19 13:15:06,056 file: hb_model_info.py func: hb_model_info line No: 221 node_info           : {}
2025-07-19 13:15:06,056 file: hb_model_info.py func: hb_model_info line No: 248 ############# input_parameters info #############
2025-07-19 13:15:06,056 file: hb_model_info.py func: hb_model_info line No: 267 ------------------------------------------
2025-07-19 13:15:06,056 file: hb_model_info.py func: hb_model_info line No: 269 ---------input info : input ---------
2025-07-19 13:15:06,056 file: hb_model_info.py func: hb_model_info line No: 277 input_name          : input
2025-07-19 13:15:06,056 file: hb_model_info.py func: hb_model_info line No: 277 input_type_rt       : nv12
2025-07-19 13:15:06,056 file: hb_model_info.py func: hb_model_info line No: 277 input_space&range   : regular
2025-07-19 13:15:06,056 file: hb_model_info.py func: hb_model_info line No: 277 input_type_train    : rgb
2025-07-19 13:15:06,056 file: hb_model_info.py func: hb_model_info line No: 277 input_layout_train  : NCHW
2025-07-19 13:15:06,056 file: hb_model_info.py func: hb_model_info line No: 277 norm_type           : data_mean_and_scale
2025-07-19 13:15:06,056 file: hb_model_info.py func: hb_model_info line No: 277 input_shape         : 1x3x224x224
2025-07-19 13:15:06,056 file: hb_model_info.py func: hb_model_info line No: 277 mean_value          : [125.307, 122.961, 113.8575]
2025-07-19 13:15:06,056 file: hb_model_info.py func: hb_model_info line No: 277 scale_value         : [0.01938, 0.01967, 0.01951]
2025-07-19 13:15:06,056 file: hb_model_info.py func: hb_model_info line No: 277 std_value           : []
2025-07-19 13:15:06,056 file: hb_model_info.py func: hb_model_info line No: 277 separate_batch      : False
2025-07-19 13:15:06,056 file: hb_model_info.py func: hb_model_info line No: 278 ---------input info : input end -------
2025-07-19 13:15:06,056 file: hb_model_info.py func: hb_model_info line No: 279 ------------------------------------------
2025-07-19 13:15:06,056 file: hb_model_info.py func: hb_model_info line No: 284 ############# calibration_parameters info #############
2025-07-19 13:15:06,056 file: hb_model_info.py func: hb_model_info line No: 302 calibration_type    : default
2025-07-19 13:15:06,056 file: hb_model_info.py func: hb_model_info line No: 302 max_percentile      : None
2025-07-19 13:15:06,056 file: hb_model_info.py func: hb_model_info line No: 302 per_channel         : False
2025-07-19 13:15:06,057 file: hb_model_info.py func: hb_model_info line No: 302 cal_data_dir        : /open_explorer/Dataset/cifar-10-batches-py/cali_img_npy
2025-07-19 13:15:06,057 file: hb_model_info.py func: hb_model_info line No: 302 quant_config        : {'op_config': {'softmax': {'qtype': 'int32'}}}
2025-07-19 13:15:06,057 file: hb_model_info.py func: hb_model_info line No: 310 ############# compiler_parameters info #############
2025-07-19 13:15:06,057 file: hb_model_info.py func: hb_model_info line No: 326 debug               : False
2025-07-19 13:15:06,057 file: hb_model_info.py func: hb_model_info line No: 326 optimize_level      : O2
2025-07-19 13:15:06,057 file: hb_model_info.py func: hb_model_info line No: 326 compile_mode        : latency
2025-07-19 13:15:06,057 file: hb_model_info.py func: hb_model_info line No: 326 core_num            : 1
2025-07-19 13:15:06,057 file: hb_model_info.py func: hb_model_info line No: 326 advice              : 1.0
2025-07-19 13:15:06,057 file: hb_model_info.py func: hb_model_info line No: 326 balance_factor      : 100
2025-07-19 13:15:06,057 file: hb_model_info.py func: hb_model_info line No: 326 input_source        : {'input': 'pyramid'}
2025-07-19 13:15:06,057 file: hb_model_info.py func: hb_model_info line No: 326 cache_mode          : disable
2025-07-19 13:15:06,057 file: hbm_handle.py func: hbm_handle line No: 35 hbm_path: /open_explorer/Model/ViT/vit_cifar10_batch1/vit_cifar10_batch1.hbm
2025-07-19 13:15:06,079 file: wrap_utils.py func: wrap_utils line No: 40 Start to execute hbdk.compiler.hbm.
2025-07-19 13:15:06,079 file: wrap_utils.py func: wrap_utils line No: 43 hbdk.compiler.hbm input args ()
2025-07-19 13:15:06,079 file: wrap_utils.py func: wrap_utils line No: 46 hbdk.compiler.hbm input kwargs {}
2025-07-19 13:15:06,079 file: wrap_utils.py func: wrap_utils line No: 50 End to execute hbdk.compiler.hbm.
2025-07-19 13:15:06,080 file: hb_model_info.py func: hb_model_info line No: 185 ############# Model input/output info #############
2025-07-19 13:15:06,080 file: tool_utils.py func: tool_utils line No: 529 NAME     TYPE   SHAPE            DATA_TYPE
2025-07-19 13:15:06,080 file: tool_utils.py func: tool_utils line No: 529 -------- ------ ---------------- ---------
2025-07-19 13:15:06,080 file: tool_utils.py func: tool_utils line No: 529 input_y  input  [1, 224, 224, 1] UINT8
2025-07-19 13:15:06,080 file: tool_utils.py func: tool_utils line No: 529 input_uv input  [1, 112, 112, 2] UINT8
2025-07-19 13:15:06,080 file: tool_utils.py func: tool_utils line No: 529 output   output [1, 10]          FLOAT32
2025-07-19 13:15:06,083 file: hb_compile.py func: hb_compile line No: 215 The hb_compile completes running.
